[12:32:56] ===== START aep_causal on GPU 0 =====
[12:32:56] [aep_causal] Step 0: staging data
[12:32:56] [aep_causal] Step 1: mining K=8 hard negatives
/mnt/localssd/new_base_line/internship-causal-embedding/.venv/lib/python3.11/site-packages/transformers/tokenization_utils_base.py:1601: FutureWarning: `clean_up_tokenization_spaces` was not set. It will be set to `True` by default. This behavior will be depracted in transformers v4.45, and will be then set to `False` by default. For more details check this issue: https://github.com/huggingface/transformers/issues/31884
  warnings.warn(
[miner] sentence-transformers/all-MiniLM-L6-v2  K=8

[train] loading /mnt/localssd/new_base_line/internship-causal-embedding/my_work/kl/results/aep_causal/train_pairs.jsonl
  5487 pairs
  encoding 5487 positives …
  encoded in 4.1s  dim=384
  k-NN (8 per anchor) on cuda  chunk=1024 …
  k-NN done in 0.1s
  saved /mnt/localssd/new_base_line/internship-causal-embedding/my_work/kl/results/aep_causal/hard_negatives_k8.npy

[test] loading /mnt/localssd/new_base_line/internship-causal-embedding/my_work/kl/results/aep_causal/test_pairs.jsonl
  562 pairs
  encoding 562 positives …
  encoded in 0.4s  dim=384
  k-NN (8 per anchor) on cuda  chunk=1024 …
  k-NN done in 0.0s
  saved /mnt/localssd/new_base_line/internship-causal-embedding/my_work/kl/results/aep_causal/test_hard_negatives_k8.npy

[done]
[12:33:06] [aep_causal] Step 2: training CDEv2 retriever
/mnt/localssd/new_base_line/internship-causal-embedding/.venv/lib/python3.11/site-packages/transformers/tokenization_utils_base.py:1601: FutureWarning: `clean_up_tokenization_spaces` was not set. It will be set to `True` by default. This behavior will be depracted in transformers v4.45, and will be then set to `False` by default. For more details check this issue: https://github.com/huggingface/transformers/issues/31884
  warnings.warn(
A parameter name that contains `beta` will be renamed internally to `bias`. Please use a different name to suppress this warning.
A parameter name that contains `gamma` will be renamed internally to `weight`. Please use a different name to suppress this warning.
A parameter name that contains `beta` will be renamed internally to `bias`. Please use a different name to suppress this warning.
A parameter name that contains `gamma` will be renamed internally to `weight`. Please use a different name to suppress this warning.
A parameter name that contains `beta` will be renamed internally to `bias`. Please use a different name to suppress this warning.
A parameter name that contains `gamma` will be renamed internally to `weight`. Please use a different name to suppress this warning.
A parameter name that contains `beta` will be renamed internally to `bias`. Please use a different name to suppress this warning.
A parameter name that contains `gamma` will be renamed internally to `weight`. Please use a different name to suppress this warning.
A parameter name that contains `beta` will be renamed internally to `bias`. Please use a different name to suppress this warning.
A parameter name that contains `gamma` will be renamed internally to `weight`. Please use a different name to suppress this warning.
A parameter name that contains `beta` will be renamed internally to `bias`. Please use a different name to suppress this warning.
A parameter name that contains `gamma` will be renamed internally to `weight`. Please use a different name to suppress this warning.
A parameter name that contains `beta` will be renamed internally to `bias`. Please use a different name to suppress this warning.
A parameter name that contains `gamma` will be renamed internally to `weight`. Please use a different name to suppress this warning.
A parameter name that contains `beta` will be renamed internally to `bias`. Please use a different name to suppress this warning.
A parameter name that contains `gamma` will be renamed internally to `weight`. Please use a different name to suppress this warning.
A parameter name that contains `beta` will be renamed internally to `bias`. Please use a different name to suppress this warning.
A parameter name that contains `gamma` will be renamed internally to `weight`. Please use a different name to suppress this warning.
A parameter name that contains `beta` will be renamed internally to `bias`. Please use a different name to suppress this warning.
A parameter name that contains `gamma` will be renamed internally to `weight`. Please use a different name to suppress this warning.
A parameter name that contains `beta` will be renamed internally to `bias`. Please use a different name to suppress this warning.
A parameter name that contains `gamma` will be renamed internally to `weight`. Please use a different name to suppress this warning.
A parameter name that contains `beta` will be renamed internally to `bias`. Please use a different name to suppress this warning.
A parameter name that contains `gamma` will be renamed internally to `weight`. Please use a different name to suppress this warning.
A parameter name that contains `beta` will be renamed internally to `bias`. Please use a different name to suppress this warning.
A parameter name that contains `gamma` will be renamed internally to `weight`. Please use a different name to suppress this warning.
A parameter name that contains `beta` will be renamed internally to `bias`. Please use a different name to suppress this warning.
A parameter name that contains `gamma` will be renamed internally to `weight`. Please use a different name to suppress this warning.
A parameter name that contains `beta` will be renamed internally to `bias`. Please use a different name to suppress this warning.
A parameter name that contains `gamma` will be renamed internally to `weight`. Please use a different name to suppress this warning.
A parameter name that contains `beta` will be renamed internally to `bias`. Please use a different name to suppress this warning.
A parameter name that contains `gamma` will be renamed internally to `weight`. Please use a different name to suppress this warning.
A parameter name that contains `beta` will be renamed internally to `bias`. Please use a different name to suppress this warning.
A parameter name that contains `gamma` will be renamed internally to `weight`. Please use a different name to suppress this warning.
A parameter name that contains `beta` will be renamed internally to `bias`. Please use a different name to suppress this warning.
A parameter name that contains `gamma` will be renamed internally to `weight`. Please use a different name to suppress this warning.
A parameter name that contains `beta` will be renamed internally to `bias`. Please use a different name to suppress this warning.
A parameter name that contains `gamma` will be renamed internally to `weight`. Please use a different name to suppress this warning.
A parameter name that contains `beta` will be renamed internally to `bias`. Please use a different name to suppress this warning.
A parameter name that contains `gamma` will be renamed internally to `weight`. Please use a different name to suppress this warning.
A parameter name that contains `beta` will be renamed internally to `bias`. Please use a different name to suppress this warning.
A parameter name that contains `gamma` will be renamed internally to `weight`. Please use a different name to suppress this warning.
A parameter name that contains `beta` will be renamed internally to `bias`. Please use a different name to suppress this warning.
A parameter name that contains `gamma` will be renamed internally to `weight`. Please use a different name to suppress this warning.
A parameter name that contains `beta` will be renamed internally to `bias`. Please use a different name to suppress this warning.
A parameter name that contains `gamma` will be renamed internally to `weight`. Please use a different name to suppress this warning.
A parameter name that contains `beta` will be renamed internally to `bias`. Please use a different name to suppress this warning.
A parameter name that contains `gamma` will be renamed internally to `weight`. Please use a different name to suppress this warning.
A parameter name that contains `beta` will be renamed internally to `bias`. Please use a different name to suppress this warning.
A parameter name that contains `gamma` will be renamed internally to `weight`. Please use a different name to suppress this warning.
A parameter name that contains `beta` will be renamed internally to `bias`. Please use a different name to suppress this warning.
A parameter name that contains `gamma` will be renamed internally to `weight`. Please use a different name to suppress this warning.
A parameter name that contains `beta` will be renamed internally to `bias`. Please use a different name to suppress this warning.
A parameter name that contains `gamma` will be renamed internally to `weight`. Please use a different name to suppress this warning.
A parameter name that contains `beta` will be renamed internally to `bias`. Please use a different name to suppress this warning.
A parameter name that contains `gamma` will be renamed internally to `weight`. Please use a different name to suppress this warning.
A parameter name that contains `beta` will be renamed internally to `bias`. Please use a different name to suppress this warning.
A parameter name that contains `gamma` will be renamed internally to `weight`. Please use a different name to suppress this warning.
A parameter name that contains `beta` will be renamed internally to `bias`. Please use a different name to suppress this warning.
A parameter name that contains `gamma` will be renamed internally to `weight`. Please use a different name to suppress this warning.
A parameter name that contains `beta` will be renamed internally to `bias`. Please use a different name to suppress this warning.
A parameter name that contains `gamma` will be renamed internally to `weight`. Please use a different name to suppress this warning.
A parameter name that contains `beta` will be renamed internally to `bias`. Please use a different name to suppress this warning.
A parameter name that contains `gamma` will be renamed internally to `weight`. Please use a different name to suppress this warning.
A parameter name that contains `beta` will be renamed internally to `bias`. Please use a different name to suppress this warning.
A parameter name that contains `gamma` will be renamed internally to `weight`. Please use a different name to suppress this warning.
A parameter name that contains `beta` will be renamed internally to `bias`. Please use a different name to suppress this warning.
A parameter name that contains `gamma` will be renamed internally to `weight`. Please use a different name to suppress this warning.
A parameter name that contains `beta` will be renamed internally to `bias`. Please use a different name to suppress this warning.
A parameter name that contains `gamma` will be renamed internally to `weight`. Please use a different name to suppress this warning.
A parameter name that contains `beta` will be renamed internally to `bias`. Please use a different name to suppress this warning.
A parameter name that contains `gamma` will be renamed internally to `weight`. Please use a different name to suppress this warning.
A parameter name that contains `beta` will be renamed internally to `bias`. Please use a different name to suppress this warning.
A parameter name that contains `gamma` will be renamed internally to `weight`. Please use a different name to suppress this warning.
A parameter name that contains `beta` will be renamed internally to `bias`. Please use a different name to suppress this warning.
A parameter name that contains `gamma` will be renamed internally to `weight`. Please use a different name to suppress this warning.
A parameter name that contains `beta` will be renamed internally to `bias`. Please use a different name to suppress this warning.
A parameter name that contains `gamma` will be renamed internally to `weight`. Please use a different name to suppress this warning.
A parameter name that contains `beta` will be renamed internally to `bias`. Please use a different name to suppress this warning.
A parameter name that contains `gamma` will be renamed internally to `weight`. Please use a different name to suppress this warning.
A parameter name that contains `beta` will be renamed internally to `bias`. Please use a different name to suppress this warning.
A parameter name that contains `gamma` will be renamed internally to `weight`. Please use a different name to suppress this warning.
A parameter name that contains `beta` will be renamed internally to `bias`. Please use a different name to suppress this warning.
A parameter name that contains `gamma` will be renamed internally to `weight`. Please use a different name to suppress this warning.
A parameter name that contains `beta` will be renamed internally to `bias`. Please use a different name to suppress this warning.
A parameter name that contains `gamma` will be renamed internally to `weight`. Please use a different name to suppress this warning.
A parameter name that contains `beta` will be renamed internally to `bias`. Please use a different name to suppress this warning.
A parameter name that contains `gamma` will be renamed internally to `weight`. Please use a different name to suppress this warning.
A parameter name that contains `beta` will be renamed internally to `bias`. Please use a different name to suppress this warning.
A parameter name that contains `gamma` will be renamed internally to `weight`. Please use a different name to suppress this warning.
A parameter name that contains `beta` will be renamed internally to `bias`. Please use a different name to suppress this warning.
A parameter name that contains `gamma` will be renamed internally to `weight`. Please use a different name to suppress this warning.
A parameter name that contains `beta` will be renamed internally to `bias`. Please use a different name to suppress this warning.
A parameter name that contains `gamma` will be renamed internally to `weight`. Please use a different name to suppress this warning.
A parameter name that contains `beta` will be renamed internally to `bias`. Please use a different name to suppress this warning.
A parameter name that contains `gamma` will be renamed internally to `weight`. Please use a different name to suppress this warning.
A parameter name that contains `beta` will be renamed internally to `bias`. Please use a different name to suppress this warning.
A parameter name that contains `gamma` will be renamed internally to `weight`. Please use a different name to suppress this warning.
A parameter name that contains `beta` will be renamed internally to `bias`. Please use a different name to suppress this warning.
A parameter name that contains `gamma` will be renamed internally to `weight`. Please use a different name to suppress this warning.
A parameter name that contains `beta` will be renamed internally to `bias`. Please use a different name to suppress this warning.
A parameter name that contains `gamma` will be renamed internally to `weight`. Please use a different name to suppress this warning.
A parameter name that contains `beta` will be renamed internally to `bias`. Please use a different name to suppress this warning.
A parameter name that contains `gamma` will be renamed internally to `weight`. Please use a different name to suppress this warning.
[device] cuda
[out]    /mnt/localssd/new_base_line/internship-causal-embedding/my_work/kl/results/aep_causal
[data] 5487 train pairs  K=8
[data] 562 val pairs
[warm-start] from finetune_eval/results/aep_causal/checkpoint_best.pt
  [warm-start] loaded 199 anchor tensors -> cause_enc, 199 positive tensors -> effect_enc (missing=0, unexpected=0)
[model] shared_encoder=False  kl_scale=dim  init_cos_weight=1.0  pooling=cls  mu_identity=True  log_sigma_init=3.0
[model] CDEv2  backbone=google-bert/bert-base-uncased  proj_dim=768  params=226,059,268

================================================================================
CDEv2 training  total=3000  phA=3000  phB_end=3000
batch=64  K=8  bf16=True  backbone_lr=2e-05  head_lr=0.0001
================================================================================
  step=   50/3000 [A]  loss=1.9441  info=1.9441  τ=0.0498  λcos=1.000  s+=0.547  s-=0.235  γ=0.0005
  step=  100/3000 [A]  loss=2.1788  info=2.1788  τ=0.0488  λcos=1.002  s+=0.485  s-=0.143  γ=0.0021
  step=  150/3000 [A]  loss=2.1188  info=2.1188  τ=0.0475  λcos=1.005  s+=0.420  s-=0.098  γ=0.0045
  step=  200/3000 [A]  loss=1.7806  info=1.7806  τ=0.0459  λcos=1.008  s+=0.406  s-=0.057  γ=0.0061
  [val step=200]  MRR=0.4163  R@1=0.270  R@5=0.589  R@10=0.731  med=4  * new best
  step=  250/3000 [A]  loss=1.8839  info=1.8839  τ=0.0447  λcos=1.011  s+=0.349  s-=0.022  γ=0.0074
  step=  300/3000 [A]  loss=1.3582  info=1.3582  τ=0.0427  λcos=1.015  s+=0.403  s-=0.021  γ=0.0079
  step=  350/3000 [A]  loss=1.2496  info=1.2496  τ=0.0412  λcos=1.019  s+=0.396  s-=-0.008  γ=0.0084
  step=  400/3000 [A]  loss=1.3089  info=1.3089  τ=0.0395  λcos=1.023  s+=0.395  s-=-0.032  γ=0.0089
  [val step=400]  MRR=0.4190  R@1=0.272  R@5=0.591  R@10=0.742  med=4  * new best
  step=  450/3000 [A]  loss=1.2327  info=1.2327  τ=0.0382  λcos=1.026  s+=0.369  s-=-0.070  γ=0.0095
  step=  500/3000 [A]  loss=1.4484  info=1.4484  τ=0.0368  λcos=1.029  s+=0.337  s-=-0.070  γ=0.0104
  step=  550/3000 [A]  loss=0.8770  info=0.8770  τ=0.0355  λcos=1.033  s+=0.377  s-=-0.089  γ=0.0098
  step=  600/3000 [A]  loss=0.9229  info=0.9229  τ=0.0347  λcos=1.035  s+=0.330  s-=-0.096  γ=0.0112
  [val step=600]  MRR=0.3979  R@1=0.256  R@5=0.564  R@10=0.705  med=4  (patience 1/6)
  step=  650/3000 [A]  loss=1.0160  info=1.0160  τ=0.0335  λcos=1.038  s+=0.355  s-=-0.086  γ=0.0113
  step=  700/3000 [A]  loss=0.7292  info=0.7292  τ=0.0326  λcos=1.041  s+=0.361  s-=-0.125  γ=0.0118
  step=  750/3000 [A]  loss=0.9268  info=0.9268  τ=0.0318  λcos=1.044  s+=0.304  s-=-0.144  γ=0.0124
  step=  800/3000 [A]  loss=0.7389  info=0.7389  τ=0.0311  λcos=1.047  s+=0.350  s-=-0.109  γ=0.0126
  [val step=800]  MRR=0.4062  R@1=0.260  R@5=0.580  R@10=0.717  med=4  (patience 2/6)
  step=  850/3000 [A]  loss=0.9520  info=0.9520  τ=0.0305  λcos=1.049  s+=0.321  s-=-0.131  γ=0.0136
  step=  900/3000 [A]  loss=0.7835  info=0.7835  τ=0.0299  λcos=1.051  s+=0.324  s-=-0.160  γ=0.0136
  step=  950/3000 [A]  loss=0.6248  info=0.6248  τ=0.0294  λcos=1.053  s+=0.364  s-=-0.126  γ=0.0144
  step= 1000/3000 [A]  loss=0.7177  info=0.7177  τ=0.0290  λcos=1.055  s+=0.346  s-=-0.132  γ=0.0148
  [val step=1000]  MRR=0.3948  R@1=0.246  R@5=0.557  R@10=0.705  med=4  (patience 3/6)
  step= 1050/3000 [A]  loss=0.7761  info=0.7761  τ=0.0288  λcos=1.057  s+=0.335  s-=-0.146  γ=0.0148
  step= 1100/3000 [A]  loss=0.6424  info=0.6424  τ=0.0286  λcos=1.058  s+=0.305  s-=-0.165  γ=0.0152
  step= 1150/3000 [A]  loss=0.7751  info=0.7751  τ=0.0282  λcos=1.060  s+=0.321  s-=-0.166  γ=0.0154
  step= 1200/3000 [A]  loss=0.5830  info=0.5830  τ=0.0279  λcos=1.061  s+=0.318  s-=-0.163  γ=0.0162
  [val step=1200]  MRR=0.4058  R@1=0.265  R@5=0.577  R@10=0.710  med=4  (patience 4/6)
  step= 1250/3000 [A]  loss=0.4617  info=0.4617  τ=0.0275  λcos=1.063  s+=0.322  s-=-0.162  γ=0.0160
  step= 1300/3000 [A]  loss=0.4651  info=0.4651  τ=0.0274  λcos=1.064  s+=0.329  s-=-0.172  γ=0.0161
  step= 1350/3000 [A]  loss=0.7475  info=0.7475  τ=0.0272  λcos=1.066  s+=0.312  s-=-0.194  γ=0.0162
  step= 1400/3000 [A]  loss=0.5851  info=0.5851  τ=0.0270  λcos=1.067  s+=0.333  s-=-0.159  γ=0.0167
  [val step=1400]  MRR=0.3922  R@1=0.242  R@5=0.568  R@10=0.676  med=4  (patience 5/6)
  step= 1450/3000 [A]  loss=0.4051  info=0.4051  τ=0.0268  λcos=1.068  s+=0.349  s-=-0.164  γ=0.0169
  step= 1500/3000 [A]  loss=0.6657  info=0.6657  τ=0.0265  λcos=1.069  s+=0.323  s-=-0.183  γ=0.0172
  step= 1550/3000 [A]  loss=0.4898  info=0.4898  τ=0.0264  λcos=1.070  s+=0.338  s-=-0.177  γ=0.0174
  step= 1600/3000 [A]  loss=0.4585  info=0.4585  τ=0.0263  λcos=1.071  s+=0.334  s-=-0.179  γ=0.0173
  [val step=1600]  MRR=0.3997  R@1=0.269  R@5=0.562  R@10=0.685  med=4  (patience 6/6)

[early stop] no MRR improvement for 6 checks.

================================================================================
[done]  best val MRR=0.4190
  best:   /mnt/localssd/new_base_line/internship-causal-embedding/my_work/kl/results/aep_causal/cde_v2_run5c_best.pt
  latest: /mnt/localssd/new_base_line/internship-causal-embedding/my_work/kl/results/aep_causal/cde_v2_run5c_latest.pt
[12:56:58] [aep_causal] Step 3a: training CE v1 (MiniLM negs)
/mnt/localssd/new_base_line/internship-causal-embedding/.venv/lib/python3.11/site-packages/transformers/tokenization_utils_base.py:1601: FutureWarning: `clean_up_tokenization_spaces` was not set. It will be set to `True` by default. This behavior will be depracted in transformers v4.45, and will be then set to `False` by default. For more details check this issue: https://github.com/huggingface/transformers/issues/31884
  warnings.warn(
A parameter name that contains `beta` will be renamed internally to `bias`. Please use a different name to suppress this warning.
A parameter name that contains `gamma` will be renamed internally to `weight`. Please use a different name to suppress this warning.
A parameter name that contains `beta` will be renamed internally to `bias`. Please use a different name to suppress this warning.
A parameter name that contains `gamma` will be renamed internally to `weight`. Please use a different name to suppress this warning.
A parameter name that contains `beta` will be renamed internally to `bias`. Please use a different name to suppress this warning.
A parameter name that contains `gamma` will be renamed internally to `weight`. Please use a different name to suppress this warning.
A parameter name that contains `beta` will be renamed internally to `bias`. Please use a different name to suppress this warning.
A parameter name that contains `gamma` will be renamed internally to `weight`. Please use a different name to suppress this warning.
A parameter name that contains `beta` will be renamed internally to `bias`. Please use a different name to suppress this warning.
A parameter name that contains `gamma` will be renamed internally to `weight`. Please use a different name to suppress this warning.
A parameter name that contains `beta` will be renamed internally to `bias`. Please use a different name to suppress this warning.
A parameter name that contains `gamma` will be renamed internally to `weight`. Please use a different name to suppress this warning.
A parameter name that contains `beta` will be renamed internally to `bias`. Please use a different name to suppress this warning.
A parameter name that contains `gamma` will be renamed internally to `weight`. Please use a different name to suppress this warning.
A parameter name that contains `beta` will be renamed internally to `bias`. Please use a different name to suppress this warning.
A parameter name that contains `gamma` will be renamed internally to `weight`. Please use a different name to suppress this warning.
A parameter name that contains `beta` will be renamed internally to `bias`. Please use a different name to suppress this warning.
A parameter name that contains `gamma` will be renamed internally to `weight`. Please use a different name to suppress this warning.
A parameter name that contains `beta` will be renamed internally to `bias`. Please use a different name to suppress this warning.
A parameter name that contains `gamma` will be renamed internally to `weight`. Please use a different name to suppress this warning.
A parameter name that contains `beta` will be renamed internally to `bias`. Please use a different name to suppress this warning.
A parameter name that contains `gamma` will be renamed internally to `weight`. Please use a different name to suppress this warning.
A parameter name that contains `beta` will be renamed internally to `bias`. Please use a different name to suppress this warning.
A parameter name that contains `gamma` will be renamed internally to `weight`. Please use a different name to suppress this warning.
A parameter name that contains `beta` will be renamed internally to `bias`. Please use a different name to suppress this warning.
A parameter name that contains `gamma` will be renamed internally to `weight`. Please use a different name to suppress this warning.
A parameter name that contains `beta` will be renamed internally to `bias`. Please use a different name to suppress this warning.
A parameter name that contains `gamma` will be renamed internally to `weight`. Please use a different name to suppress this warning.
A parameter name that contains `beta` will be renamed internally to `bias`. Please use a different name to suppress this warning.
A parameter name that contains `gamma` will be renamed internally to `weight`. Please use a different name to suppress this warning.
A parameter name that contains `beta` will be renamed internally to `bias`. Please use a different name to suppress this warning.
A parameter name that contains `gamma` will be renamed internally to `weight`. Please use a different name to suppress this warning.
A parameter name that contains `beta` will be renamed internally to `bias`. Please use a different name to suppress this warning.
A parameter name that contains `gamma` will be renamed internally to `weight`. Please use a different name to suppress this warning.
A parameter name that contains `beta` will be renamed internally to `bias`. Please use a different name to suppress this warning.
A parameter name that contains `gamma` will be renamed internally to `weight`. Please use a different name to suppress this warning.
A parameter name that contains `beta` will be renamed internally to `bias`. Please use a different name to suppress this warning.
A parameter name that contains `gamma` will be renamed internally to `weight`. Please use a different name to suppress this warning.
A parameter name that contains `beta` will be renamed internally to `bias`. Please use a different name to suppress this warning.
A parameter name that contains `gamma` will be renamed internally to `weight`. Please use a different name to suppress this warning.
A parameter name that contains `beta` will be renamed internally to `bias`. Please use a different name to suppress this warning.
A parameter name that contains `gamma` will be renamed internally to `weight`. Please use a different name to suppress this warning.
A parameter name that contains `beta` will be renamed internally to `bias`. Please use a different name to suppress this warning.
A parameter name that contains `gamma` will be renamed internally to `weight`. Please use a different name to suppress this warning.
A parameter name that contains `beta` will be renamed internally to `bias`. Please use a different name to suppress this warning.
A parameter name that contains `gamma` will be renamed internally to `weight`. Please use a different name to suppress this warning.
A parameter name that contains `beta` will be renamed internally to `bias`. Please use a different name to suppress this warning.
A parameter name that contains `gamma` will be renamed internally to `weight`. Please use a different name to suppress this warning.
A parameter name that contains `beta` will be renamed internally to `bias`. Please use a different name to suppress this warning.
A parameter name that contains `gamma` will be renamed internally to `weight`. Please use a different name to suppress this warning.
A parameter name that contains `beta` will be renamed internally to `bias`. Please use a different name to suppress this warning.
A parameter name that contains `gamma` will be renamed internally to `weight`. Please use a different name to suppress this warning.
[data] train from finetune_eval/results/aep_causal/train_pairs.jsonl
        5487 train pairs
        hard negatives (5487, 4)
[data] val from   finetune_eval/results/aep_causal/val_pairs.jsonl    562 pairs
        flattened: train rows=27435  val rows=2810
[model] backbone=google-bert/bert-base-uncased  params=109,483,009
[train] dataset=aep_causal total_steps=860 warmup=51 batch_size=128 epochs=4 max_length=256  early_stop=(thresh 0.001, patience 2)
  step=   200/860  loss=0.5282  lr=1.63e-05  epoch=1
[epoch 1/4]  train_loss=0.5188  val_AUC=0.6689  val_P@1=0.3541  (41s)
  * new best val_AUC=0.6689, saved checkpoint_best.pt
  step=   400/860  loss=0.4146  lr=1.14e-05  epoch=2
[epoch 2/4]  train_loss=0.4971  val_AUC=0.6927  val_P@1=0.3950  (82s)
  * new best val_AUC=0.6927, saved checkpoint_best.pt
  step=   600/860  loss=0.4838  lr=6.43e-06  epoch=3
[epoch 3/4]  train_loss=0.4839  val_AUC=0.7176  val_P@1=0.4199  (123s)
  * new best val_AUC=0.7176, saved checkpoint_best.pt
  step=   800/860  loss=0.4462  lr=1.48e-06  epoch=4
[epoch 4/4]  train_loss=0.4696  val_AUC=0.7267  val_P@1=0.4253  (165s)
  * new best val_AUC=0.7267, saved checkpoint_best.pt

[done]  best val_AUC=0.7267  stopped_early=False
  best:   my_work/kl/cross_encoder/results/aep_causal_rerank/checkpoint_best.pt
  latest: my_work/kl/cross_encoder/results/aep_causal_rerank/checkpoint_latest.pt
[12:59:50] [aep_causal] Step 3b: mining in-domain negatives from CDEv2
/mnt/localssd/new_base_line/internship-causal-embedding/.venv/lib/python3.11/site-packages/transformers/tokenization_utils_base.py:1601: FutureWarning: `clean_up_tokenization_spaces` was not set. It will be set to `True` by default. This behavior will be depracted in transformers v4.45, and will be then set to `False` by default. For more details check this issue: https://github.com/huggingface/transformers/issues/31884
  warnings.warn(
A parameter name that contains `beta` will be renamed internally to `bias`. Please use a different name to suppress this warning.
A parameter name that contains `gamma` will be renamed internally to `weight`. Please use a different name to suppress this warning.
A parameter name that contains `beta` will be renamed internally to `bias`. Please use a different name to suppress this warning.
A parameter name that contains `gamma` will be renamed internally to `weight`. Please use a different name to suppress this warning.
A parameter name that contains `beta` will be renamed internally to `bias`. Please use a different name to suppress this warning.
A parameter name that contains `gamma` will be renamed internally to `weight`. Please use a different name to suppress this warning.
A parameter name that contains `beta` will be renamed internally to `bias`. Please use a different name to suppress this warning.
A parameter name that contains `gamma` will be renamed internally to `weight`. Please use a different name to suppress this warning.
A parameter name that contains `beta` will be renamed internally to `bias`. Please use a different name to suppress this warning.
A parameter name that contains `gamma` will be renamed internally to `weight`. Please use a different name to suppress this warning.
A parameter name that contains `beta` will be renamed internally to `bias`. Please use a different name to suppress this warning.
A parameter name that contains `gamma` will be renamed internally to `weight`. Please use a different name to suppress this warning.
A parameter name that contains `beta` will be renamed internally to `bias`. Please use a different name to suppress this warning.
A parameter name that contains `gamma` will be renamed internally to `weight`. Please use a different name to suppress this warning.
A parameter name that contains `beta` will be renamed internally to `bias`. Please use a different name to suppress this warning.
A parameter name that contains `gamma` will be renamed internally to `weight`. Please use a different name to suppress this warning.
A parameter name that contains `beta` will be renamed internally to `bias`. Please use a different name to suppress this warning.
A parameter name that contains `gamma` will be renamed internally to `weight`. Please use a different name to suppress this warning.
A parameter name that contains `beta` will be renamed internally to `bias`. Please use a different name to suppress this warning.
A parameter name that contains `gamma` will be renamed internally to `weight`. Please use a different name to suppress this warning.
A parameter name that contains `beta` will be renamed internally to `bias`. Please use a different name to suppress this warning.
A parameter name that contains `gamma` will be renamed internally to `weight`. Please use a different name to suppress this warning.
A parameter name that contains `beta` will be renamed internally to `bias`. Please use a different name to suppress this warning.
A parameter name that contains `gamma` will be renamed internally to `weight`. Please use a different name to suppress this warning.
A parameter name that contains `beta` will be renamed internally to `bias`. Please use a different name to suppress this warning.
A parameter name that contains `gamma` will be renamed internally to `weight`. Please use a different name to suppress this warning.
A parameter name that contains `beta` will be renamed internally to `bias`. Please use a different name to suppress this warning.
A parameter name that contains `gamma` will be renamed internally to `weight`. Please use a different name to suppress this warning.
A parameter name that contains `beta` will be renamed internally to `bias`. Please use a different name to suppress this warning.
A parameter name that contains `gamma` will be renamed internally to `weight`. Please use a different name to suppress this warning.
A parameter name that contains `beta` will be renamed internally to `bias`. Please use a different name to suppress this warning.
A parameter name that contains `gamma` will be renamed internally to `weight`. Please use a different name to suppress this warning.
A parameter name that contains `beta` will be renamed internally to `bias`. Please use a different name to suppress this warning.
A parameter name that contains `gamma` will be renamed internally to `weight`. Please use a different name to suppress this warning.
A parameter name that contains `beta` will be renamed internally to `bias`. Please use a different name to suppress this warning.
A parameter name that contains `gamma` will be renamed internally to `weight`. Please use a different name to suppress this warning.
A parameter name that contains `beta` will be renamed internally to `bias`. Please use a different name to suppress this warning.
A parameter name that contains `gamma` will be renamed internally to `weight`. Please use a different name to suppress this warning.
A parameter name that contains `beta` will be renamed internally to `bias`. Please use a different name to suppress this warning.
A parameter name that contains `gamma` will be renamed internally to `weight`. Please use a different name to suppress this warning.
A parameter name that contains `beta` will be renamed internally to `bias`. Please use a different name to suppress this warning.
A parameter name that contains `gamma` will be renamed internally to `weight`. Please use a different name to suppress this warning.
A parameter name that contains `beta` will be renamed internally to `bias`. Please use a different name to suppress this warning.
A parameter name that contains `gamma` will be renamed internally to `weight`. Please use a different name to suppress this warning.
A parameter name that contains `beta` will be renamed internally to `bias`. Please use a different name to suppress this warning.
A parameter name that contains `gamma` will be renamed internally to `weight`. Please use a different name to suppress this warning.
A parameter name that contains `beta` will be renamed internally to `bias`. Please use a different name to suppress this warning.
A parameter name that contains `gamma` will be renamed internally to `weight`. Please use a different name to suppress this warning.
A parameter name that contains `beta` will be renamed internally to `bias`. Please use a different name to suppress this warning.
A parameter name that contains `gamma` will be renamed internally to `weight`. Please use a different name to suppress this warning.
A parameter name that contains `beta` will be renamed internally to `bias`. Please use a different name to suppress this warning.
A parameter name that contains `gamma` will be renamed internally to `weight`. Please use a different name to suppress this warning.
A parameter name that contains `beta` will be renamed internally to `bias`. Please use a different name to suppress this warning.
A parameter name that contains `gamma` will be renamed internally to `weight`. Please use a different name to suppress this warning.
A parameter name that contains `beta` will be renamed internally to `bias`. Please use a different name to suppress this warning.
A parameter name that contains `gamma` will be renamed internally to `weight`. Please use a different name to suppress this warning.
A parameter name that contains `beta` will be renamed internally to `bias`. Please use a different name to suppress this warning.
A parameter name that contains `gamma` will be renamed internally to `weight`. Please use a different name to suppress this warning.
A parameter name that contains `beta` will be renamed internally to `bias`. Please use a different name to suppress this warning.
A parameter name that contains `gamma` will be renamed internally to `weight`. Please use a different name to suppress this warning.
A parameter name that contains `beta` will be renamed internally to `bias`. Please use a different name to suppress this warning.
A parameter name that contains `gamma` will be renamed internally to `weight`. Please use a different name to suppress this warning.
A parameter name that contains `beta` will be renamed internally to `bias`. Please use a different name to suppress this warning.
A parameter name that contains `gamma` will be renamed internally to `weight`. Please use a different name to suppress this warning.
A parameter name that contains `beta` will be renamed internally to `bias`. Please use a different name to suppress this warning.
A parameter name that contains `gamma` will be renamed internally to `weight`. Please use a different name to suppress this warning.
A parameter name that contains `beta` will be renamed internally to `bias`. Please use a different name to suppress this warning.
A parameter name that contains `gamma` will be renamed internally to `weight`. Please use a different name to suppress this warning.
A parameter name that contains `beta` will be renamed internally to `bias`. Please use a different name to suppress this warning.
A parameter name that contains `gamma` will be renamed internally to `weight`. Please use a different name to suppress this warning.
A parameter name that contains `beta` will be renamed internally to `bias`. Please use a different name to suppress this warning.
A parameter name that contains `gamma` will be renamed internally to `weight`. Please use a different name to suppress this warning.
A parameter name that contains `beta` will be renamed internally to `bias`. Please use a different name to suppress this warning.
A parameter name that contains `gamma` will be renamed internally to `weight`. Please use a different name to suppress this warning.
A parameter name that contains `beta` will be renamed internally to `bias`. Please use a different name to suppress this warning.
A parameter name that contains `gamma` will be renamed internally to `weight`. Please use a different name to suppress this warning.
A parameter name that contains `beta` will be renamed internally to `bias`. Please use a different name to suppress this warning.
A parameter name that contains `gamma` will be renamed internally to `weight`. Please use a different name to suppress this warning.
A parameter name that contains `beta` will be renamed internally to `bias`. Please use a different name to suppress this warning.
A parameter name that contains `gamma` will be renamed internally to `weight`. Please use a different name to suppress this warning.
A parameter name that contains `beta` will be renamed internally to `bias`. Please use a different name to suppress this warning.
A parameter name that contains `gamma` will be renamed internally to `weight`. Please use a different name to suppress this warning.
A parameter name that contains `beta` will be renamed internally to `bias`. Please use a different name to suppress this warning.
A parameter name that contains `gamma` will be renamed internally to `weight`. Please use a different name to suppress this warning.
A parameter name that contains `beta` will be renamed internally to `bias`. Please use a different name to suppress this warning.
A parameter name that contains `gamma` will be renamed internally to `weight`. Please use a different name to suppress this warning.
A parameter name that contains `beta` will be renamed internally to `bias`. Please use a different name to suppress this warning.
A parameter name that contains `gamma` will be renamed internally to `weight`. Please use a different name to suppress this warning.
A parameter name that contains `beta` will be renamed internally to `bias`. Please use a different name to suppress this warning.
A parameter name that contains `gamma` will be renamed internally to `weight`. Please use a different name to suppress this warning.
A parameter name that contains `beta` will be renamed internally to `bias`. Please use a different name to suppress this warning.
A parameter name that contains `gamma` will be renamed internally to `weight`. Please use a different name to suppress this warning.
A parameter name that contains `beta` will be renamed internally to `bias`. Please use a different name to suppress this warning.
A parameter name that contains `gamma` will be renamed internally to `weight`. Please use a different name to suppress this warning.
A parameter name that contains `beta` will be renamed internally to `bias`. Please use a different name to suppress this warning.
A parameter name that contains `gamma` will be renamed internally to `weight`. Please use a different name to suppress this warning.
A parameter name that contains `beta` will be renamed internally to `bias`. Please use a different name to suppress this warning.
A parameter name that contains `gamma` will be renamed internally to `weight`. Please use a different name to suppress this warning.
A parameter name that contains `beta` will be renamed internally to `bias`. Please use a different name to suppress this warning.
A parameter name that contains `gamma` will be renamed internally to `weight`. Please use a different name to suppress this warning.
A parameter name that contains `beta` will be renamed internally to `bias`. Please use a different name to suppress this warning.
A parameter name that contains `gamma` will be renamed internally to `weight`. Please use a different name to suppress this warning.
A parameter name that contains `beta` will be renamed internally to `bias`. Please use a different name to suppress this warning.
A parameter name that contains `gamma` will be renamed internally to `weight`. Please use a different name to suppress this warning.
[load] /mnt/localssd/new_base_line/internship-causal-embedding/my_work/kl/results/aep_causal/cde_v2_run5c_best.pt
  backbone=google-bert/bert-base-uncased  proj_dim=768  device=cuda

[train] encoding 5487 anchors …
  anchors encoded in 16.3s
[train] encoding 5487 positives …
  positives encoded in 15.9s
[train] retrieving top-4 hard negatives (chunk=512) …
  retrieval done in 0.1s
  saved /mnt/localssd/new_base_line/internship-causal-embedding/my_work/kl/cross_encoder/data_indomain/aep_causal/hard_negatives.npy  shape=(5487, 4)

[val] encoding 562 anchors …
  anchors encoded in 1.6s
[val] encoding 562 positives …
  positives encoded in 1.6s
[val] retrieving top-4 hard negatives (chunk=512) …
  retrieval done in 0.0s
  saved /mnt/localssd/new_base_line/internship-causal-embedding/my_work/kl/cross_encoder/data_indomain/aep_causal/val_hard_negatives.npy  shape=(562, 4)

[done] in-domain negatives written to /mnt/localssd/new_base_line/internship-causal-embedding/my_work/kl/cross_encoder/data_indomain/aep_causal
[13:00:36] [aep_causal] Step 3c: training CE v2 (in-domain negs)
/mnt/localssd/new_base_line/internship-causal-embedding/.venv/lib/python3.11/site-packages/transformers/tokenization_utils_base.py:1601: FutureWarning: `clean_up_tokenization_spaces` was not set. It will be set to `True` by default. This behavior will be depracted in transformers v4.45, and will be then set to `False` by default. For more details check this issue: https://github.com/huggingface/transformers/issues/31884
  warnings.warn(
A parameter name that contains `beta` will be renamed internally to `bias`. Please use a different name to suppress this warning.
A parameter name that contains `gamma` will be renamed internally to `weight`. Please use a different name to suppress this warning.
A parameter name that contains `beta` will be renamed internally to `bias`. Please use a different name to suppress this warning.
A parameter name that contains `gamma` will be renamed internally to `weight`. Please use a different name to suppress this warning.
A parameter name that contains `beta` will be renamed internally to `bias`. Please use a different name to suppress this warning.
A parameter name that contains `gamma` will be renamed internally to `weight`. Please use a different name to suppress this warning.
A parameter name that contains `beta` will be renamed internally to `bias`. Please use a different name to suppress this warning.
A parameter name that contains `gamma` will be renamed internally to `weight`. Please use a different name to suppress this warning.
A parameter name that contains `beta` will be renamed internally to `bias`. Please use a different name to suppress this warning.
A parameter name that contains `gamma` will be renamed internally to `weight`. Please use a different name to suppress this warning.
A parameter name that contains `beta` will be renamed internally to `bias`. Please use a different name to suppress this warning.
A parameter name that contains `gamma` will be renamed internally to `weight`. Please use a different name to suppress this warning.
A parameter name that contains `beta` will be renamed internally to `bias`. Please use a different name to suppress this warning.
A parameter name that contains `gamma` will be renamed internally to `weight`. Please use a different name to suppress this warning.
A parameter name that contains `beta` will be renamed internally to `bias`. Please use a different name to suppress this warning.
A parameter name that contains `gamma` will be renamed internally to `weight`. Please use a different name to suppress this warning.
A parameter name that contains `beta` will be renamed internally to `bias`. Please use a different name to suppress this warning.
A parameter name that contains `gamma` will be renamed internally to `weight`. Please use a different name to suppress this warning.
A parameter name that contains `beta` will be renamed internally to `bias`. Please use a different name to suppress this warning.
A parameter name that contains `gamma` will be renamed internally to `weight`. Please use a different name to suppress this warning.
A parameter name that contains `beta` will be renamed internally to `bias`. Please use a different name to suppress this warning.
A parameter name that contains `gamma` will be renamed internally to `weight`. Please use a different name to suppress this warning.
A parameter name that contains `beta` will be renamed internally to `bias`. Please use a different name to suppress this warning.
A parameter name that contains `gamma` will be renamed internally to `weight`. Please use a different name to suppress this warning.
A parameter name that contains `beta` will be renamed internally to `bias`. Please use a different name to suppress this warning.
A parameter name that contains `gamma` will be renamed internally to `weight`. Please use a different name to suppress this warning.
A parameter name that contains `beta` will be renamed internally to `bias`. Please use a different name to suppress this warning.
A parameter name that contains `gamma` will be renamed internally to `weight`. Please use a different name to suppress this warning.
A parameter name that contains `beta` will be renamed internally to `bias`. Please use a different name to suppress this warning.
A parameter name that contains `gamma` will be renamed internally to `weight`. Please use a different name to suppress this warning.
A parameter name that contains `beta` will be renamed internally to `bias`. Please use a different name to suppress this warning.
A parameter name that contains `gamma` will be renamed internally to `weight`. Please use a different name to suppress this warning.
A parameter name that contains `beta` will be renamed internally to `bias`. Please use a different name to suppress this warning.
A parameter name that contains `gamma` will be renamed internally to `weight`. Please use a different name to suppress this warning.
A parameter name that contains `beta` will be renamed internally to `bias`. Please use a different name to suppress this warning.
A parameter name that contains `gamma` will be renamed internally to `weight`. Please use a different name to suppress this warning.
A parameter name that contains `beta` will be renamed internally to `bias`. Please use a different name to suppress this warning.
A parameter name that contains `gamma` will be renamed internally to `weight`. Please use a different name to suppress this warning.
A parameter name that contains `beta` will be renamed internally to `bias`. Please use a different name to suppress this warning.
A parameter name that contains `gamma` will be renamed internally to `weight`. Please use a different name to suppress this warning.
A parameter name that contains `beta` will be renamed internally to `bias`. Please use a different name to suppress this warning.
A parameter name that contains `gamma` will be renamed internally to `weight`. Please use a different name to suppress this warning.
A parameter name that contains `beta` will be renamed internally to `bias`. Please use a different name to suppress this warning.
A parameter name that contains `gamma` will be renamed internally to `weight`. Please use a different name to suppress this warning.
A parameter name that contains `beta` will be renamed internally to `bias`. Please use a different name to suppress this warning.
A parameter name that contains `gamma` will be renamed internally to `weight`. Please use a different name to suppress this warning.
A parameter name that contains `beta` will be renamed internally to `bias`. Please use a different name to suppress this warning.
A parameter name that contains `gamma` will be renamed internally to `weight`. Please use a different name to suppress this warning.
A parameter name that contains `beta` will be renamed internally to `bias`. Please use a different name to suppress this warning.
A parameter name that contains `gamma` will be renamed internally to `weight`. Please use a different name to suppress this warning.
A parameter name that contains `beta` will be renamed internally to `bias`. Please use a different name to suppress this warning.
A parameter name that contains `gamma` will be renamed internally to `weight`. Please use a different name to suppress this warning.
[data] train from my_work/kl/cross_encoder/data_indomain/aep_causal/train_pairs.jsonl
        5487 train pairs
        hard negatives (5487, 4)
[data] val from   my_work/kl/cross_encoder/data_indomain/aep_causal/val_pairs.jsonl    562 pairs
        flattened: train rows=27435  val rows=2810
[model] backbone=google-bert/bert-base-uncased  params=109,483,009
[train] dataset=aep_causal total_steps=1290 warmup=77 batch_size=128 epochs=6 max_length=256  early_stop=(thresh 0.001, patience 2)
  step=   200/1290  loss=0.5058  lr=1.80e-05  epoch=1
[epoch 1/6]  train_loss=0.5146  val_AUC=0.5848  val_P@1=0.2900  (41s)
  * new best val_AUC=0.5848, saved checkpoint_best.pt
  step=   400/1290  loss=0.3689  lr=1.47e-05  epoch=2
[epoch 2/6]  train_loss=0.4746  val_AUC=0.5925  val_P@1=0.2829  (81s)
  * new best val_AUC=0.5925, saved checkpoint_best.pt
  step=   600/1290  loss=0.4611  lr=1.14e-05  epoch=3
[epoch 3/6]  train_loss=0.4594  val_AUC=0.6025  val_P@1=0.2918  (123s)
  * new best val_AUC=0.6025, saved checkpoint_best.pt
  step=   800/1290  loss=0.4571  lr=8.08e-06  epoch=4
[epoch 4/6]  train_loss=0.4393  val_AUC=0.6140  val_P@1=0.3167  (164s)
  * new best val_AUC=0.6140, saved checkpoint_best.pt
  step=  1000/1290  loss=0.3985  lr=4.78e-06  epoch=5
[epoch 5/6]  train_loss=0.4227  val_AUC=0.6045  val_P@1=0.3025  (206s)
  no improvement (best=0.6140, bad_epochs=1/2)
  step=  1200/1290  loss=0.3879  lr=1.48e-06  epoch=6
[epoch 6/6]  train_loss=0.4101  val_AUC=0.6174  val_P@1=0.3132  (247s)
  * new best val_AUC=0.6174, saved checkpoint_best.pt

[done]  best val_AUC=0.6174  stopped_early=False
  best:   my_work/kl/cross_encoder/results/aep_causal_rerank_v2/checkpoint_best.pt
  latest: my_work/kl/cross_encoder/results/aep_causal_rerank_v2/checkpoint_latest.pt
[13:04:51] [aep_causal] Step 4a: rerank eval on VAL (CE v1 + v2 ensemble)
/mnt/localssd/new_base_line/internship-causal-embedding/.venv/lib/python3.11/site-packages/transformers/tokenization_utils_base.py:1601: FutureWarning: `clean_up_tokenization_spaces` was not set. It will be set to `True` by default. This behavior will be depracted in transformers v4.45, and will be then set to `False` by default. For more details check this issue: https://github.com/huggingface/transformers/issues/31884
  warnings.warn(
A parameter name that contains `beta` will be renamed internally to `bias`. Please use a different name to suppress this warning.
A parameter name that contains `gamma` will be renamed internally to `weight`. Please use a different name to suppress this warning.
A parameter name that contains `beta` will be renamed internally to `bias`. Please use a different name to suppress this warning.
A parameter name that contains `gamma` will be renamed internally to `weight`. Please use a different name to suppress this warning.
A parameter name that contains `beta` will be renamed internally to `bias`. Please use a different name to suppress this warning.
A parameter name that contains `gamma` will be renamed internally to `weight`. Please use a different name to suppress this warning.
A parameter name that contains `beta` will be renamed internally to `bias`. Please use a different name to suppress this warning.
A parameter name that contains `gamma` will be renamed internally to `weight`. Please use a different name to suppress this warning.
A parameter name that contains `beta` will be renamed internally to `bias`. Please use a different name to suppress this warning.
A parameter name that contains `gamma` will be renamed internally to `weight`. Please use a different name to suppress this warning.
A parameter name that contains `beta` will be renamed internally to `bias`. Please use a different name to suppress this warning.
A parameter name that contains `gamma` will be renamed internally to `weight`. Please use a different name to suppress this warning.
A parameter name that contains `beta` will be renamed internally to `bias`. Please use a different name to suppress this warning.
A parameter name that contains `gamma` will be renamed internally to `weight`. Please use a different name to suppress this warning.
A parameter name that contains `beta` will be renamed internally to `bias`. Please use a different name to suppress this warning.
A parameter name that contains `gamma` will be renamed internally to `weight`. Please use a different name to suppress this warning.
A parameter name that contains `beta` will be renamed internally to `bias`. Please use a different name to suppress this warning.
A parameter name that contains `gamma` will be renamed internally to `weight`. Please use a different name to suppress this warning.
A parameter name that contains `beta` will be renamed internally to `bias`. Please use a different name to suppress this warning.
A parameter name that contains `gamma` will be renamed internally to `weight`. Please use a different name to suppress this warning.
A parameter name that contains `beta` will be renamed internally to `bias`. Please use a different name to suppress this warning.
A parameter name that contains `gamma` will be renamed internally to `weight`. Please use a different name to suppress this warning.
A parameter name that contains `beta` will be renamed internally to `bias`. Please use a different name to suppress this warning.
A parameter name that contains `gamma` will be renamed internally to `weight`. Please use a different name to suppress this warning.
A parameter name that contains `beta` will be renamed internally to `bias`. Please use a different name to suppress this warning.
A parameter name that contains `gamma` will be renamed internally to `weight`. Please use a different name to suppress this warning.
A parameter name that contains `beta` will be renamed internally to `bias`. Please use a different name to suppress this warning.
A parameter name that contains `gamma` will be renamed internally to `weight`. Please use a different name to suppress this warning.
A parameter name that contains `beta` will be renamed internally to `bias`. Please use a different name to suppress this warning.
A parameter name that contains `gamma` will be renamed internally to `weight`. Please use a different name to suppress this warning.
A parameter name that contains `beta` will be renamed internally to `bias`. Please use a different name to suppress this warning.
A parameter name that contains `gamma` will be renamed internally to `weight`. Please use a different name to suppress this warning.
A parameter name that contains `beta` will be renamed internally to `bias`. Please use a different name to suppress this warning.
A parameter name that contains `gamma` will be renamed internally to `weight`. Please use a different name to suppress this warning.
A parameter name that contains `beta` will be renamed internally to `bias`. Please use a different name to suppress this warning.
A parameter name that contains `gamma` will be renamed internally to `weight`. Please use a different name to suppress this warning.
A parameter name that contains `beta` will be renamed internally to `bias`. Please use a different name to suppress this warning.
A parameter name that contains `gamma` will be renamed internally to `weight`. Please use a different name to suppress this warning.
A parameter name that contains `beta` will be renamed internally to `bias`. Please use a different name to suppress this warning.
A parameter name that contains `gamma` will be renamed internally to `weight`. Please use a different name to suppress this warning.
A parameter name that contains `beta` will be renamed internally to `bias`. Please use a different name to suppress this warning.
A parameter name that contains `gamma` will be renamed internally to `weight`. Please use a different name to suppress this warning.
A parameter name that contains `beta` will be renamed internally to `bias`. Please use a different name to suppress this warning.
A parameter name that contains `gamma` will be renamed internally to `weight`. Please use a different name to suppress this warning.
A parameter name that contains `beta` will be renamed internally to `bias`. Please use a different name to suppress this warning.
A parameter name that contains `gamma` will be renamed internally to `weight`. Please use a different name to suppress this warning.
A parameter name that contains `beta` will be renamed internally to `bias`. Please use a different name to suppress this warning.
A parameter name that contains `gamma` will be renamed internally to `weight`. Please use a different name to suppress this warning.
A parameter name that contains `beta` will be renamed internally to `bias`. Please use a different name to suppress this warning.
A parameter name that contains `gamma` will be renamed internally to `weight`. Please use a different name to suppress this warning.
A parameter name that contains `beta` will be renamed internally to `bias`. Please use a different name to suppress this warning.
A parameter name that contains `gamma` will be renamed internally to `weight`. Please use a different name to suppress this warning.
A parameter name that contains `beta` will be renamed internally to `bias`. Please use a different name to suppress this warning.
A parameter name that contains `gamma` will be renamed internally to `weight`. Please use a different name to suppress this warning.
A parameter name that contains `beta` will be renamed internally to `bias`. Please use a different name to suppress this warning.
A parameter name that contains `gamma` will be renamed internally to `weight`. Please use a different name to suppress this warning.
A parameter name that contains `beta` will be renamed internally to `bias`. Please use a different name to suppress this warning.
A parameter name that contains `gamma` will be renamed internally to `weight`. Please use a different name to suppress this warning.
A parameter name that contains `beta` will be renamed internally to `bias`. Please use a different name to suppress this warning.
A parameter name that contains `gamma` will be renamed internally to `weight`. Please use a different name to suppress this warning.
A parameter name that contains `beta` will be renamed internally to `bias`. Please use a different name to suppress this warning.
A parameter name that contains `gamma` will be renamed internally to `weight`. Please use a different name to suppress this warning.
A parameter name that contains `beta` will be renamed internally to `bias`. Please use a different name to suppress this warning.
A parameter name that contains `gamma` will be renamed internally to `weight`. Please use a different name to suppress this warning.
A parameter name that contains `beta` will be renamed internally to `bias`. Please use a different name to suppress this warning.
A parameter name that contains `gamma` will be renamed internally to `weight`. Please use a different name to suppress this warning.
A parameter name that contains `beta` will be renamed internally to `bias`. Please use a different name to suppress this warning.
A parameter name that contains `gamma` will be renamed internally to `weight`. Please use a different name to suppress this warning.
A parameter name that contains `beta` will be renamed internally to `bias`. Please use a different name to suppress this warning.
A parameter name that contains `gamma` will be renamed internally to `weight`. Please use a different name to suppress this warning.
A parameter name that contains `beta` will be renamed internally to `bias`. Please use a different name to suppress this warning.
A parameter name that contains `gamma` will be renamed internally to `weight`. Please use a different name to suppress this warning.
A parameter name that contains `beta` will be renamed internally to `bias`. Please use a different name to suppress this warning.
A parameter name that contains `gamma` will be renamed internally to `weight`. Please use a different name to suppress this warning.
A parameter name that contains `beta` will be renamed internally to `bias`. Please use a different name to suppress this warning.
A parameter name that contains `gamma` will be renamed internally to `weight`. Please use a different name to suppress this warning.
A parameter name that contains `beta` will be renamed internally to `bias`. Please use a different name to suppress this warning.
A parameter name that contains `gamma` will be renamed internally to `weight`. Please use a different name to suppress this warning.
A parameter name that contains `beta` will be renamed internally to `bias`. Please use a different name to suppress this warning.
A parameter name that contains `gamma` will be renamed internally to `weight`. Please use a different name to suppress this warning.
A parameter name that contains `beta` will be renamed internally to `bias`. Please use a different name to suppress this warning.
A parameter name that contains `gamma` will be renamed internally to `weight`. Please use a different name to suppress this warning.
A parameter name that contains `beta` will be renamed internally to `bias`. Please use a different name to suppress this warning.
A parameter name that contains `gamma` will be renamed internally to `weight`. Please use a different name to suppress this warning.
A parameter name that contains `beta` will be renamed internally to `bias`. Please use a different name to suppress this warning.
A parameter name that contains `gamma` will be renamed internally to `weight`. Please use a different name to suppress this warning.
A parameter name that contains `beta` will be renamed internally to `bias`. Please use a different name to suppress this warning.
A parameter name that contains `gamma` will be renamed internally to `weight`. Please use a different name to suppress this warning.
A parameter name that contains `beta` will be renamed internally to `bias`. Please use a different name to suppress this warning.
A parameter name that contains `gamma` will be renamed internally to `weight`. Please use a different name to suppress this warning.
A parameter name that contains `beta` will be renamed internally to `bias`. Please use a different name to suppress this warning.
A parameter name that contains `gamma` will be renamed internally to `weight`. Please use a different name to suppress this warning.
A parameter name that contains `beta` will be renamed internally to `bias`. Please use a different name to suppress this warning.
A parameter name that contains `gamma` will be renamed internally to `weight`. Please use a different name to suppress this warning.
A parameter name that contains `beta` will be renamed internally to `bias`. Please use a different name to suppress this warning.
A parameter name that contains `gamma` will be renamed internally to `weight`. Please use a different name to suppress this warning.
A parameter name that contains `beta` will be renamed internally to `bias`. Please use a different name to suppress this warning.
A parameter name that contains `gamma` will be renamed internally to `weight`. Please use a different name to suppress this warning.
A parameter name that contains `beta` will be renamed internally to `bias`. Please use a different name to suppress this warning.
A parameter name that contains `gamma` will be renamed internally to `weight`. Please use a different name to suppress this warning.
A parameter name that contains `beta` will be renamed internally to `bias`. Please use a different name to suppress this warning.
A parameter name that contains `gamma` will be renamed internally to `weight`. Please use a different name to suppress this warning.
A parameter name that contains `beta` will be renamed internally to `bias`. Please use a different name to suppress this warning.
A parameter name that contains `gamma` will be renamed internally to `weight`. Please use a different name to suppress this warning.
/mnt/localssd/new_base_line/internship-causal-embedding/.venv/lib/python3.11/site-packages/transformers/tokenization_utils_base.py:1601: FutureWarning: `clean_up_tokenization_spaces` was not set. It will be set to `True` by default. This behavior will be depracted in transformers v4.45, and will be then set to `False` by default. For more details check this issue: https://github.com/huggingface/transformers/issues/31884
  warnings.warn(
A parameter name that contains `beta` will be renamed internally to `bias`. Please use a different name to suppress this warning.
A parameter name that contains `gamma` will be renamed internally to `weight`. Please use a different name to suppress this warning.
A parameter name that contains `beta` will be renamed internally to `bias`. Please use a different name to suppress this warning.
A parameter name that contains `gamma` will be renamed internally to `weight`. Please use a different name to suppress this warning.
A parameter name that contains `beta` will be renamed internally to `bias`. Please use a different name to suppress this warning.
A parameter name that contains `gamma` will be renamed internally to `weight`. Please use a different name to suppress this warning.
A parameter name that contains `beta` will be renamed internally to `bias`. Please use a different name to suppress this warning.
A parameter name that contains `gamma` will be renamed internally to `weight`. Please use a different name to suppress this warning.
A parameter name that contains `beta` will be renamed internally to `bias`. Please use a different name to suppress this warning.
A parameter name that contains `gamma` will be renamed internally to `weight`. Please use a different name to suppress this warning.
A parameter name that contains `beta` will be renamed internally to `bias`. Please use a different name to suppress this warning.
A parameter name that contains `gamma` will be renamed internally to `weight`. Please use a different name to suppress this warning.
A parameter name that contains `beta` will be renamed internally to `bias`. Please use a different name to suppress this warning.
A parameter name that contains `gamma` will be renamed internally to `weight`. Please use a different name to suppress this warning.
A parameter name that contains `beta` will be renamed internally to `bias`. Please use a different name to suppress this warning.
A parameter name that contains `gamma` will be renamed internally to `weight`. Please use a different name to suppress this warning.
A parameter name that contains `beta` will be renamed internally to `bias`. Please use a different name to suppress this warning.
A parameter name that contains `gamma` will be renamed internally to `weight`. Please use a different name to suppress this warning.
A parameter name that contains `beta` will be renamed internally to `bias`. Please use a different name to suppress this warning.
A parameter name that contains `gamma` will be renamed internally to `weight`. Please use a different name to suppress this warning.
A parameter name that contains `beta` will be renamed internally to `bias`. Please use a different name to suppress this warning.
A parameter name that contains `gamma` will be renamed internally to `weight`. Please use a different name to suppress this warning.
A parameter name that contains `beta` will be renamed internally to `bias`. Please use a different name to suppress this warning.
A parameter name that contains `gamma` will be renamed internally to `weight`. Please use a different name to suppress this warning.
A parameter name that contains `beta` will be renamed internally to `bias`. Please use a different name to suppress this warning.
A parameter name that contains `gamma` will be renamed internally to `weight`. Please use a different name to suppress this warning.
A parameter name that contains `beta` will be renamed internally to `bias`. Please use a different name to suppress this warning.
A parameter name that contains `gamma` will be renamed internally to `weight`. Please use a different name to suppress this warning.
A parameter name that contains `beta` will be renamed internally to `bias`. Please use a different name to suppress this warning.
A parameter name that contains `gamma` will be renamed internally to `weight`. Please use a different name to suppress this warning.
A parameter name that contains `beta` will be renamed internally to `bias`. Please use a different name to suppress this warning.
A parameter name that contains `gamma` will be renamed internally to `weight`. Please use a different name to suppress this warning.
A parameter name that contains `beta` will be renamed internally to `bias`. Please use a different name to suppress this warning.
A parameter name that contains `gamma` will be renamed internally to `weight`. Please use a different name to suppress this warning.
A parameter name that contains `beta` will be renamed internally to `bias`. Please use a different name to suppress this warning.
A parameter name that contains `gamma` will be renamed internally to `weight`. Please use a different name to suppress this warning.
A parameter name that contains `beta` will be renamed internally to `bias`. Please use a different name to suppress this warning.
A parameter name that contains `gamma` will be renamed internally to `weight`. Please use a different name to suppress this warning.
A parameter name that contains `beta` will be renamed internally to `bias`. Please use a different name to suppress this warning.
A parameter name that contains `gamma` will be renamed internally to `weight`. Please use a different name to suppress this warning.
A parameter name that contains `beta` will be renamed internally to `bias`. Please use a different name to suppress this warning.
A parameter name that contains `gamma` will be renamed internally to `weight`. Please use a different name to suppress this warning.
A parameter name that contains `beta` will be renamed internally to `bias`. Please use a different name to suppress this warning.
A parameter name that contains `gamma` will be renamed internally to `weight`. Please use a different name to suppress this warning.
A parameter name that contains `beta` will be renamed internally to `bias`. Please use a different name to suppress this warning.
A parameter name that contains `gamma` will be renamed internally to `weight`. Please use a different name to suppress this warning.
A parameter name that contains `beta` will be renamed internally to `bias`. Please use a different name to suppress this warning.
A parameter name that contains `gamma` will be renamed internally to `weight`. Please use a different name to suppress this warning.
A parameter name that contains `beta` will be renamed internally to `bias`. Please use a different name to suppress this warning.
A parameter name that contains `gamma` will be renamed internally to `weight`. Please use a different name to suppress this warning.
A parameter name that contains `beta` will be renamed internally to `bias`. Please use a different name to suppress this warning.
A parameter name that contains `gamma` will be renamed internally to `weight`. Please use a different name to suppress this warning.
A parameter name that contains `beta` will be renamed internally to `bias`. Please use a different name to suppress this warning.
A parameter name that contains `gamma` will be renamed internally to `weight`. Please use a different name to suppress this warning.
A parameter name that contains `beta` will be renamed internally to `bias`. Please use a different name to suppress this warning.
A parameter name that contains `gamma` will be renamed internally to `weight`. Please use a different name to suppress this warning.
A parameter name that contains `beta` will be renamed internally to `bias`. Please use a different name to suppress this warning.
A parameter name that contains `gamma` will be renamed internally to `weight`. Please use a different name to suppress this warning.
A parameter name that contains `beta` will be renamed internally to `bias`. Please use a different name to suppress this warning.
A parameter name that contains `gamma` will be renamed internally to `weight`. Please use a different name to suppress this warning.
A parameter name that contains `beta` will be renamed internally to `bias`. Please use a different name to suppress this warning.
A parameter name that contains `gamma` will be renamed internally to `weight`. Please use a different name to suppress this warning.
A parameter name that contains `beta` will be renamed internally to `bias`. Please use a different name to suppress this warning.
A parameter name that contains `gamma` will be renamed internally to `weight`. Please use a different name to suppress this warning.
A parameter name that contains `beta` will be renamed internally to `bias`. Please use a different name to suppress this warning.
A parameter name that contains `gamma` will be renamed internally to `weight`. Please use a different name to suppress this warning.
A parameter name that contains `beta` will be renamed internally to `bias`. Please use a different name to suppress this warning.
A parameter name that contains `gamma` will be renamed internally to `weight`. Please use a different name to suppress this warning.
A parameter name that contains `beta` will be renamed internally to `bias`. Please use a different name to suppress this warning.
A parameter name that contains `gamma` will be renamed internally to `weight`. Please use a different name to suppress this warning.
A parameter name that contains `beta` will be renamed internally to `bias`. Please use a different name to suppress this warning.
A parameter name that contains `gamma` will be renamed internally to `weight`. Please use a different name to suppress this warning.
A parameter name that contains `beta` will be renamed internally to `bias`. Please use a different name to suppress this warning.
A parameter name that contains `gamma` will be renamed internally to `weight`. Please use a different name to suppress this warning.
A parameter name that contains `beta` will be renamed internally to `bias`. Please use a different name to suppress this warning.
A parameter name that contains `gamma` will be renamed internally to `weight`. Please use a different name to suppress this warning.
A parameter name that contains `beta` will be renamed internally to `bias`. Please use a different name to suppress this warning.
A parameter name that contains `gamma` will be renamed internally to `weight`. Please use a different name to suppress this warning.
A parameter name that contains `beta` will be renamed internally to `bias`. Please use a different name to suppress this warning.
A parameter name that contains `gamma` will be renamed internally to `weight`. Please use a different name to suppress this warning.
A parameter name that contains `beta` will be renamed internally to `bias`. Please use a different name to suppress this warning.
A parameter name that contains `gamma` will be renamed internally to `weight`. Please use a different name to suppress this warning.
A parameter name that contains `beta` will be renamed internally to `bias`. Please use a different name to suppress this warning.
A parameter name that contains `gamma` will be renamed internally to `weight`. Please use a different name to suppress this warning.
A parameter name that contains `beta` will be renamed internally to `bias`. Please use a different name to suppress this warning.
A parameter name that contains `gamma` will be renamed internally to `weight`. Please use a different name to suppress this warning.
A parameter name that contains `beta` will be renamed internally to `bias`. Please use a different name to suppress this warning.
A parameter name that contains `gamma` will be renamed internally to `weight`. Please use a different name to suppress this warning.
A parameter name that contains `beta` will be renamed internally to `bias`. Please use a different name to suppress this warning.
A parameter name that contains `gamma` will be renamed internally to `weight`. Please use a different name to suppress this warning.
A parameter name that contains `beta` will be renamed internally to `bias`. Please use a different name to suppress this warning.
A parameter name that contains `gamma` will be renamed internally to `weight`. Please use a different name to suppress this warning.
A parameter name that contains `beta` will be renamed internally to `bias`. Please use a different name to suppress this warning.
A parameter name that contains `gamma` will be renamed internally to `weight`. Please use a different name to suppress this warning.
A parameter name that contains `beta` will be renamed internally to `bias`. Please use a different name to suppress this warning.
A parameter name that contains `gamma` will be renamed internally to `weight`. Please use a different name to suppress this warning.
A parameter name that contains `beta` will be renamed internally to `bias`. Please use a different name to suppress this warning.
A parameter name that contains `gamma` will be renamed internally to `weight`. Please use a different name to suppress this warning.
A parameter name that contains `beta` will be renamed internally to `bias`. Please use a different name to suppress this warning.
A parameter name that contains `gamma` will be renamed internally to `weight`. Please use a different name to suppress this warning.
A parameter name that contains `beta` will be renamed internally to `bias`. Please use a different name to suppress this warning.
A parameter name that contains `gamma` will be renamed internally to `weight`. Please use a different name to suppress this warning.
A parameter name that contains `beta` will be renamed internally to `bias`. Please use a different name to suppress this warning.
A parameter name that contains `gamma` will be renamed internally to `weight`. Please use a different name to suppress this warning.
A parameter name that contains `beta` will be renamed internally to `bias`. Please use a different name to suppress this warning.
A parameter name that contains `gamma` will be renamed internally to `weight`. Please use a different name to suppress this warning.
A parameter name that contains `beta` will be renamed internally to `bias`. Please use a different name to suppress this warning.
A parameter name that contains `gamma` will be renamed internally to `weight`. Please use a different name to suppress this warning.
A parameter name that contains `beta` will be renamed internally to `bias`. Please use a different name to suppress this warning.
A parameter name that contains `gamma` will be renamed internally to `weight`. Please use a different name to suppress this warning.
A parameter name that contains `beta` will be renamed internally to `bias`. Please use a different name to suppress this warning.
A parameter name that contains `gamma` will be renamed internally to `weight`. Please use a different name to suppress this warning.
A parameter name that contains `beta` will be renamed internally to `bias`. Please use a different name to suppress this warning.
A parameter name that contains `gamma` will be renamed internally to `weight`. Please use a different name to suppress this warning.
A parameter name that contains `beta` will be renamed internally to `bias`. Please use a different name to suppress this warning.
A parameter name that contains `gamma` will be renamed internally to `weight`. Please use a different name to suppress this warning.
A parameter name that contains `beta` will be renamed internally to `bias`. Please use a different name to suppress this warning.
A parameter name that contains `gamma` will be renamed internally to `weight`. Please use a different name to suppress this warning.
A parameter name that contains `beta` will be renamed internally to `bias`. Please use a different name to suppress this warning.
A parameter name that contains `gamma` will be renamed internally to `weight`. Please use a different name to suppress this warning.
A parameter name that contains `beta` will be renamed internally to `bias`. Please use a different name to suppress this warning.
A parameter name that contains `gamma` will be renamed internally to `weight`. Please use a different name to suppress this warning.
A parameter name that contains `beta` will be renamed internally to `bias`. Please use a different name to suppress this warning.
A parameter name that contains `gamma` will be renamed internally to `weight`. Please use a different name to suppress this warning.
A parameter name that contains `beta` will be renamed internally to `bias`. Please use a different name to suppress this warning.
A parameter name that contains `gamma` will be renamed internally to `weight`. Please use a different name to suppress this warning.
A parameter name that contains `beta` will be renamed internally to `bias`. Please use a different name to suppress this warning.
A parameter name that contains `gamma` will be renamed internally to `weight`. Please use a different name to suppress this warning.
A parameter name that contains `beta` will be renamed internally to `bias`. Please use a different name to suppress this warning.
A parameter name that contains `gamma` will be renamed internally to `weight`. Please use a different name to suppress this warning.
A parameter name that contains `beta` will be renamed internally to `bias`. Please use a different name to suppress this warning.
A parameter name that contains `gamma` will be renamed internally to `weight`. Please use a different name to suppress this warning.
A parameter name that contains `beta` will be renamed internally to `bias`. Please use a different name to suppress this warning.
A parameter name that contains `gamma` will be renamed internally to `weight`. Please use a different name to suppress this warning.
A parameter name that contains `beta` will be renamed internally to `bias`. Please use a different name to suppress this warning.
A parameter name that contains `gamma` will be renamed internally to `weight`. Please use a different name to suppress this warning.
A parameter name that contains `beta` will be renamed internally to `bias`. Please use a different name to suppress this warning.
A parameter name that contains `gamma` will be renamed internally to `weight`. Please use a different name to suppress this warning.
A parameter name that contains `beta` will be renamed internally to `bias`. Please use a different name to suppress this warning.
A parameter name that contains `gamma` will be renamed internally to `weight`. Please use a different name to suppress this warning.
A parameter name that contains `beta` will be renamed internally to `bias`. Please use a different name to suppress this warning.
A parameter name that contains `gamma` will be renamed internally to `weight`. Please use a different name to suppress this warning.
A parameter name that contains `beta` will be renamed internally to `bias`. Please use a different name to suppress this warning.
A parameter name that contains `gamma` will be renamed internally to `weight`. Please use a different name to suppress this warning.
A parameter name that contains `beta` will be renamed internally to `bias`. Please use a different name to suppress this warning.
A parameter name that contains `gamma` will be renamed internally to `weight`. Please use a different name to suppress this warning.
A parameter name that contains `beta` will be renamed internally to `bias`. Please use a different name to suppress this warning.
A parameter name that contains `gamma` will be renamed internally to `weight`. Please use a different name to suppress this warning.
A parameter name that contains `beta` will be renamed internally to `bias`. Please use a different name to suppress this warning.
A parameter name that contains `gamma` will be renamed internally to `weight`. Please use a different name to suppress this warning.
A parameter name that contains `beta` will be renamed internally to `bias`. Please use a different name to suppress this warning.
A parameter name that contains `gamma` will be renamed internally to `weight`. Please use a different name to suppress this warning.
A parameter name that contains `beta` will be renamed internally to `bias`. Please use a different name to suppress this warning.
A parameter name that contains `gamma` will be renamed internally to `weight`. Please use a different name to suppress this warning.
A parameter name that contains `beta` will be renamed internally to `bias`. Please use a different name to suppress this warning.
A parameter name that contains `gamma` will be renamed internally to `weight`. Please use a different name to suppress this warning.
A parameter name that contains `beta` will be renamed internally to `bias`. Please use a different name to suppress this warning.
A parameter name that contains `gamma` will be renamed internally to `weight`. Please use a different name to suppress this warning.
A parameter name that contains `beta` will be renamed internally to `bias`. Please use a different name to suppress this warning.
A parameter name that contains `gamma` will be renamed internally to `weight`. Please use a different name to suppress this warning.
A parameter name that contains `beta` will be renamed internally to `bias`. Please use a different name to suppress this warning.
A parameter name that contains `gamma` will be renamed internally to `weight`. Please use a different name to suppress this warning.
A parameter name that contains `beta` will be renamed internally to `bias`. Please use a different name to suppress this warning.
A parameter name that contains `gamma` will be renamed internally to `weight`. Please use a different name to suppress this warning.
A parameter name that contains `beta` will be renamed internally to `bias`. Please use a different name to suppress this warning.
A parameter name that contains `gamma` will be renamed internally to `weight`. Please use a different name to suppress this warning.
A parameter name that contains `beta` will be renamed internally to `bias`. Please use a different name to suppress this warning.
A parameter name that contains `gamma` will be renamed internally to `weight`. Please use a different name to suppress this warning.
A parameter name that contains `beta` will be renamed internally to `bias`. Please use a different name to suppress this warning.
A parameter name that contains `gamma` will be renamed internally to `weight`. Please use a different name to suppress this warning.
A parameter name that contains `beta` will be renamed internally to `bias`. Please use a different name to suppress this warning.
A parameter name that contains `gamma` will be renamed internally to `weight`. Please use a different name to suppress this warning.
A parameter name that contains `beta` will be renamed internally to `bias`. Please use a different name to suppress this warning.
A parameter name that contains `gamma` will be renamed internally to `weight`. Please use a different name to suppress this warning.
A parameter name that contains `beta` will be renamed internally to `bias`. Please use a different name to suppress this warning.
A parameter name that contains `gamma` will be renamed internally to `weight`. Please use a different name to suppress this warning.
A parameter name that contains `beta` will be renamed internally to `bias`. Please use a different name to suppress this warning.
A parameter name that contains `gamma` will be renamed internally to `weight`. Please use a different name to suppress this warning.
A parameter name that contains `beta` will be renamed internally to `bias`. Please use a different name to suppress this warning.
A parameter name that contains `gamma` will be renamed internally to `weight`. Please use a different name to suppress this warning.
A parameter name that contains `beta` will be renamed internally to `bias`. Please use a different name to suppress this warning.
A parameter name that contains `gamma` will be renamed internally to `weight`. Please use a different name to suppress this warning.
A parameter name that contains `beta` will be renamed internally to `bias`. Please use a different name to suppress this warning.
A parameter name that contains `gamma` will be renamed internally to `weight`. Please use a different name to suppress this warning.
A parameter name that contains `beta` will be renamed internally to `bias`. Please use a different name to suppress this warning.
A parameter name that contains `gamma` will be renamed internally to `weight`. Please use a different name to suppress this warning.
A parameter name that contains `beta` will be renamed internally to `bias`. Please use a different name to suppress this warning.
A parameter name that contains `gamma` will be renamed internally to `weight`. Please use a different name to suppress this warning.
A parameter name that contains `beta` will be renamed internally to `bias`. Please use a different name to suppress this warning.
A parameter name that contains `gamma` will be renamed internally to `weight`. Please use a different name to suppress this warning.
A parameter name that contains `beta` will be renamed internally to `bias`. Please use a different name to suppress this warning.
A parameter name that contains `gamma` will be renamed internally to `weight`. Please use a different name to suppress this warning.
A parameter name that contains `beta` will be renamed internally to `bias`. Please use a different name to suppress this warning.
A parameter name that contains `gamma` will be renamed internally to `weight`. Please use a different name to suppress this warning.
A parameter name that contains `beta` will be renamed internally to `bias`. Please use a different name to suppress this warning.
A parameter name that contains `gamma` will be renamed internally to `weight`. Please use a different name to suppress this warning.
A parameter name that contains `beta` will be renamed internally to `bias`. Please use a different name to suppress this warning.
A parameter name that contains `gamma` will be renamed internally to `weight`. Please use a different name to suppress this warning.
A parameter name that contains `beta` will be renamed internally to `bias`. Please use a different name to suppress this warning.
A parameter name that contains `gamma` will be renamed internally to `weight`. Please use a different name to suppress this warning.
A parameter name that contains `beta` will be renamed internally to `bias`. Please use a different name to suppress this warning.
A parameter name that contains `gamma` will be renamed internally to `weight`. Please use a different name to suppress this warning.
A parameter name that contains `beta` will be renamed internally to `bias`. Please use a different name to suppress this warning.
A parameter name that contains `gamma` will be renamed internally to `weight`. Please use a different name to suppress this warning.
A parameter name that contains `beta` will be renamed internally to `bias`. Please use a different name to suppress this warning.
A parameter name that contains `gamma` will be renamed internally to `weight`. Please use a different name to suppress this warning.
A parameter name that contains `beta` will be renamed internally to `bias`. Please use a different name to suppress this warning.
A parameter name that contains `gamma` will be renamed internally to `weight`. Please use a different name to suppress this warning.
A parameter name that contains `beta` will be renamed internally to `bias`. Please use a different name to suppress this warning.
A parameter name that contains `gamma` will be renamed internally to `weight`. Please use a different name to suppress this warning.
A parameter name that contains `beta` will be renamed internally to `bias`. Please use a different name to suppress this warning.
A parameter name that contains `gamma` will be renamed internally to `weight`. Please use a different name to suppress this warning.
A parameter name that contains `beta` will be renamed internally to `bias`. Please use a different name to suppress this warning.
A parameter name that contains `gamma` will be renamed internally to `weight`. Please use a different name to suppress this warning.
A parameter name that contains `beta` will be renamed internally to `bias`. Please use a different name to suppress this warning.
A parameter name that contains `gamma` will be renamed internally to `weight`. Please use a different name to suppress this warning.
A parameter name that contains `beta` will be renamed internally to `bias`. Please use a different name to suppress this warning.
A parameter name that contains `gamma` will be renamed internally to `weight`. Please use a different name to suppress this warning.
A parameter name that contains `beta` will be renamed internally to `bias`. Please use a different name to suppress this warning.
A parameter name that contains `gamma` will be renamed internally to `weight`. Please use a different name to suppress this warning.
A parameter name that contains `beta` will be renamed internally to `bias`. Please use a different name to suppress this warning.
A parameter name that contains `gamma` will be renamed internally to `weight`. Please use a different name to suppress this warning.
A parameter name that contains `beta` will be renamed internally to `bias`. Please use a different name to suppress this warning.
A parameter name that contains `gamma` will be renamed internally to `weight`. Please use a different name to suppress this warning.
A parameter name that contains `beta` will be renamed internally to `bias`. Please use a different name to suppress this warning.
A parameter name that contains `gamma` will be renamed internally to `weight`. Please use a different name to suppress this warning.
A parameter name that contains `beta` will be renamed internally to `bias`. Please use a different name to suppress this warning.
A parameter name that contains `gamma` will be renamed internally to `weight`. Please use a different name to suppress this warning.
A parameter name that contains `beta` will be renamed internally to `bias`. Please use a different name to suppress this warning.
A parameter name that contains `gamma` will be renamed internally to `weight`. Please use a different name to suppress this warning.
A parameter name that contains `beta` will be renamed internally to `bias`. Please use a different name to suppress this warning.
A parameter name that contains `gamma` will be renamed internally to `weight`. Please use a different name to suppress this warning.
A parameter name that contains `beta` will be renamed internally to `bias`. Please use a different name to suppress this warning.
A parameter name that contains `gamma` will be renamed internally to `weight`. Please use a different name to suppress this warning.
A parameter name that contains `beta` will be renamed internally to `bias`. Please use a different name to suppress this warning.
A parameter name that contains `gamma` will be renamed internally to `weight`. Please use a different name to suppress this warning.
A parameter name that contains `beta` will be renamed internally to `bias`. Please use a different name to suppress this warning.
A parameter name that contains `gamma` will be renamed internally to `weight`. Please use a different name to suppress this warning.
A parameter name that contains `beta` will be renamed internally to `bias`. Please use a different name to suppress this warning.
A parameter name that contains `gamma` will be renamed internally to `weight`. Please use a different name to suppress this warning.
A parameter name that contains `beta` will be renamed internally to `bias`. Please use a different name to suppress this warning.
A parameter name that contains `gamma` will be renamed internally to `weight`. Please use a different name to suppress this warning.
A parameter name that contains `beta` will be renamed internally to `bias`. Please use a different name to suppress this warning.
A parameter name that contains `gamma` will be renamed internally to `weight`. Please use a different name to suppress this warning.
A parameter name that contains `beta` will be renamed internally to `bias`. Please use a different name to suppress this warning.
A parameter name that contains `gamma` will be renamed internally to `weight`. Please use a different name to suppress this warning.
A parameter name that contains `beta` will be renamed internally to `bias`. Please use a different name to suppress this warning.
A parameter name that contains `gamma` will be renamed internally to `weight`. Please use a different name to suppress this warning.
A parameter name that contains `beta` will be renamed internally to `bias`. Please use a different name to suppress this warning.
A parameter name that contains `gamma` will be renamed internally to `weight`. Please use a different name to suppress this warning.
A parameter name that contains `beta` will be renamed internally to `bias`. Please use a different name to suppress this warning.
A parameter name that contains `gamma` will be renamed internally to `weight`. Please use a different name to suppress this warning.
A parameter name that contains `beta` will be renamed internally to `bias`. Please use a different name to suppress this warning.
A parameter name that contains `gamma` will be renamed internally to `weight`. Please use a different name to suppress this warning.
A parameter name that contains `beta` will be renamed internally to `bias`. Please use a different name to suppress this warning.
A parameter name that contains `gamma` will be renamed internally to `weight`. Please use a different name to suppress this warning.
A parameter name that contains `beta` will be renamed internally to `bias`. Please use a different name to suppress this warning.
A parameter name that contains `gamma` will be renamed internally to `weight`. Please use a different name to suppress this warning.
A parameter name that contains `beta` will be renamed internally to `bias`. Please use a different name to suppress this warning.
A parameter name that contains `gamma` will be renamed internally to `weight`. Please use a different name to suppress this warning.
/mnt/localssd/new_base_line/internship-causal-embedding/.venv/lib/python3.11/site-packages/transformers/tokenization_utils_base.py:1601: FutureWarning: `clean_up_tokenization_spaces` was not set. It will be set to `True` by default. This behavior will be depracted in transformers v4.45, and will be then set to `False` by default. For more details check this issue: https://github.com/huggingface/transformers/issues/31884
  warnings.warn(
A parameter name that contains `beta` will be renamed internally to `bias`. Please use a different name to suppress this warning.
A parameter name that contains `gamma` will be renamed internally to `weight`. Please use a different name to suppress this warning.
A parameter name that contains `beta` will be renamed internally to `bias`. Please use a different name to suppress this warning.
A parameter name that contains `gamma` will be renamed internally to `weight`. Please use a different name to suppress this warning.
A parameter name that contains `beta` will be renamed internally to `bias`. Please use a different name to suppress this warning.
A parameter name that contains `gamma` will be renamed internally to `weight`. Please use a different name to suppress this warning.
A parameter name that contains `beta` will be renamed internally to `bias`. Please use a different name to suppress this warning.
A parameter name that contains `gamma` will be renamed internally to `weight`. Please use a different name to suppress this warning.
A parameter name that contains `beta` will be renamed internally to `bias`. Please use a different name to suppress this warning.
A parameter name that contains `gamma` will be renamed internally to `weight`. Please use a different name to suppress this warning.
A parameter name that contains `beta` will be renamed internally to `bias`. Please use a different name to suppress this warning.
A parameter name that contains `gamma` will be renamed internally to `weight`. Please use a different name to suppress this warning.
A parameter name that contains `beta` will be renamed internally to `bias`. Please use a different name to suppress this warning.
A parameter name that contains `gamma` will be renamed internally to `weight`. Please use a different name to suppress this warning.
A parameter name that contains `beta` will be renamed internally to `bias`. Please use a different name to suppress this warning.
A parameter name that contains `gamma` will be renamed internally to `weight`. Please use a different name to suppress this warning.
A parameter name that contains `beta` will be renamed internally to `bias`. Please use a different name to suppress this warning.
A parameter name that contains `gamma` will be renamed internally to `weight`. Please use a different name to suppress this warning.
A parameter name that contains `beta` will be renamed internally to `bias`. Please use a different name to suppress this warning.
A parameter name that contains `gamma` will be renamed internally to `weight`. Please use a different name to suppress this warning.
A parameter name that contains `beta` will be renamed internally to `bias`. Please use a different name to suppress this warning.
A parameter name that contains `gamma` will be renamed internally to `weight`. Please use a different name to suppress this warning.
A parameter name that contains `beta` will be renamed internally to `bias`. Please use a different name to suppress this warning.
A parameter name that contains `gamma` will be renamed internally to `weight`. Please use a different name to suppress this warning.
A parameter name that contains `beta` will be renamed internally to `bias`. Please use a different name to suppress this warning.
A parameter name that contains `gamma` will be renamed internally to `weight`. Please use a different name to suppress this warning.
A parameter name that contains `beta` will be renamed internally to `bias`. Please use a different name to suppress this warning.
A parameter name that contains `gamma` will be renamed internally to `weight`. Please use a different name to suppress this warning.
A parameter name that contains `beta` will be renamed internally to `bias`. Please use a different name to suppress this warning.
A parameter name that contains `gamma` will be renamed internally to `weight`. Please use a different name to suppress this warning.
A parameter name that contains `beta` will be renamed internally to `bias`. Please use a different name to suppress this warning.
A parameter name that contains `gamma` will be renamed internally to `weight`. Please use a different name to suppress this warning.
A parameter name that contains `beta` will be renamed internally to `bias`. Please use a different name to suppress this warning.
A parameter name that contains `gamma` will be renamed internally to `weight`. Please use a different name to suppress this warning.
A parameter name that contains `beta` will be renamed internally to `bias`. Please use a different name to suppress this warning.
A parameter name that contains `gamma` will be renamed internally to `weight`. Please use a different name to suppress this warning.
A parameter name that contains `beta` will be renamed internally to `bias`. Please use a different name to suppress this warning.
A parameter name that contains `gamma` will be renamed internally to `weight`. Please use a different name to suppress this warning.
A parameter name that contains `beta` will be renamed internally to `bias`. Please use a different name to suppress this warning.
A parameter name that contains `gamma` will be renamed internally to `weight`. Please use a different name to suppress this warning.
A parameter name that contains `beta` will be renamed internally to `bias`. Please use a different name to suppress this warning.
A parameter name that contains `gamma` will be renamed internally to `weight`. Please use a different name to suppress this warning.
A parameter name that contains `beta` will be renamed internally to `bias`. Please use a different name to suppress this warning.
A parameter name that contains `gamma` will be renamed internally to `weight`. Please use a different name to suppress this warning.
A parameter name that contains `beta` will be renamed internally to `bias`. Please use a different name to suppress this warning.
A parameter name that contains `gamma` will be renamed internally to `weight`. Please use a different name to suppress this warning.
A parameter name that contains `beta` will be renamed internally to `bias`. Please use a different name to suppress this warning.
A parameter name that contains `gamma` will be renamed internally to `weight`. Please use a different name to suppress this warning.
A parameter name that contains `beta` will be renamed internally to `bias`. Please use a different name to suppress this warning.
A parameter name that contains `gamma` will be renamed internally to `weight`. Please use a different name to suppress this warning.
A parameter name that contains `beta` will be renamed internally to `bias`. Please use a different name to suppress this warning.
A parameter name that contains `gamma` will be renamed internally to `weight`. Please use a different name to suppress this warning.
[rerank] 562 pairs  retriever=cde  device=cuda
[stage1] retrieval MRR=0.4190  R@1=0.272  R@10=0.742
[stage2] scoring 28100 pairs with CE aep_causal_rerank …
[stage2] scoring 28100 pairs with CE aep_causal_rerank_v2 …
[stage2] ensembled 2 CEs

 pool  blend      MRR     R@1     R@5    R@10
----------------------------------------------
   20   0.30   0.4393   0.279   0.630   0.758  <<
   20   0.50   0.4489   0.292   0.644   0.763  <<
   20   0.70   0.4295   0.288   0.582   0.744
   50   0.30   0.4459   0.288   0.646   0.765
   50   0.50   0.4488   0.297   0.630   0.770
   50   0.70   0.4078   0.270   0.573   0.706

[best] pool20_blend0.5  MRR=0.4489
[baseline BiEncoder MRR]  0.3588
[lift over baseline]      +25.1%  (target +10% = 0.3947  ACHIEVED)
[fused AUC vs 4 random negs]  0.9826
[fused AUC vs 4 hard negs]    0.8291
[saved] /mnt/localssd/new_base_line/internship-causal-embedding/my_work/kl/results/aep_causal/rerank_eval.json
[13:06:30] [aep_causal] Step 4b: rerank eval on TEST (CE v1 + v2 ensemble)
/mnt/localssd/new_base_line/internship-causal-embedding/.venv/lib/python3.11/site-packages/transformers/tokenization_utils_base.py:1601: FutureWarning: `clean_up_tokenization_spaces` was not set. It will be set to `True` by default. This behavior will be depracted in transformers v4.45, and will be then set to `False` by default. For more details check this issue: https://github.com/huggingface/transformers/issues/31884
  warnings.warn(
A parameter name that contains `beta` will be renamed internally to `bias`. Please use a different name to suppress this warning.
A parameter name that contains `gamma` will be renamed internally to `weight`. Please use a different name to suppress this warning.
A parameter name that contains `beta` will be renamed internally to `bias`. Please use a different name to suppress this warning.
A parameter name that contains `gamma` will be renamed internally to `weight`. Please use a different name to suppress this warning.
A parameter name that contains `beta` will be renamed internally to `bias`. Please use a different name to suppress this warning.
A parameter name that contains `gamma` will be renamed internally to `weight`. Please use a different name to suppress this warning.
A parameter name that contains `beta` will be renamed internally to `bias`. Please use a different name to suppress this warning.
A parameter name that contains `gamma` will be renamed internally to `weight`. Please use a different name to suppress this warning.
A parameter name that contains `beta` will be renamed internally to `bias`. Please use a different name to suppress this warning.
A parameter name that contains `gamma` will be renamed internally to `weight`. Please use a different name to suppress this warning.
A parameter name that contains `beta` will be renamed internally to `bias`. Please use a different name to suppress this warning.
A parameter name that contains `gamma` will be renamed internally to `weight`. Please use a different name to suppress this warning.
A parameter name that contains `beta` will be renamed internally to `bias`. Please use a different name to suppress this warning.
A parameter name that contains `gamma` will be renamed internally to `weight`. Please use a different name to suppress this warning.
A parameter name that contains `beta` will be renamed internally to `bias`. Please use a different name to suppress this warning.
A parameter name that contains `gamma` will be renamed internally to `weight`. Please use a different name to suppress this warning.
A parameter name that contains `beta` will be renamed internally to `bias`. Please use a different name to suppress this warning.
A parameter name that contains `gamma` will be renamed internally to `weight`. Please use a different name to suppress this warning.
A parameter name that contains `beta` will be renamed internally to `bias`. Please use a different name to suppress this warning.
A parameter name that contains `gamma` will be renamed internally to `weight`. Please use a different name to suppress this warning.
A parameter name that contains `beta` will be renamed internally to `bias`. Please use a different name to suppress this warning.
A parameter name that contains `gamma` will be renamed internally to `weight`. Please use a different name to suppress this warning.
A parameter name that contains `beta` will be renamed internally to `bias`. Please use a different name to suppress this warning.
A parameter name that contains `gamma` will be renamed internally to `weight`. Please use a different name to suppress this warning.
A parameter name that contains `beta` will be renamed internally to `bias`. Please use a different name to suppress this warning.
A parameter name that contains `gamma` will be renamed internally to `weight`. Please use a different name to suppress this warning.
A parameter name that contains `beta` will be renamed internally to `bias`. Please use a different name to suppress this warning.
A parameter name that contains `gamma` will be renamed internally to `weight`. Please use a different name to suppress this warning.
A parameter name that contains `beta` will be renamed internally to `bias`. Please use a different name to suppress this warning.
A parameter name that contains `gamma` will be renamed internally to `weight`. Please use a different name to suppress this warning.
A parameter name that contains `beta` will be renamed internally to `bias`. Please use a different name to suppress this warning.
A parameter name that contains `gamma` will be renamed internally to `weight`. Please use a different name to suppress this warning.
A parameter name that contains `beta` will be renamed internally to `bias`. Please use a different name to suppress this warning.
A parameter name that contains `gamma` will be renamed internally to `weight`. Please use a different name to suppress this warning.
A parameter name that contains `beta` will be renamed internally to `bias`. Please use a different name to suppress this warning.
A parameter name that contains `gamma` will be renamed internally to `weight`. Please use a different name to suppress this warning.
A parameter name that contains `beta` will be renamed internally to `bias`. Please use a different name to suppress this warning.
A parameter name that contains `gamma` will be renamed internally to `weight`. Please use a different name to suppress this warning.
A parameter name that contains `beta` will be renamed internally to `bias`. Please use a different name to suppress this warning.
A parameter name that contains `gamma` will be renamed internally to `weight`. Please use a different name to suppress this warning.
A parameter name that contains `beta` will be renamed internally to `bias`. Please use a different name to suppress this warning.
A parameter name that contains `gamma` will be renamed internally to `weight`. Please use a different name to suppress this warning.
A parameter name that contains `beta` will be renamed internally to `bias`. Please use a different name to suppress this warning.
A parameter name that contains `gamma` will be renamed internally to `weight`. Please use a different name to suppress this warning.
A parameter name that contains `beta` will be renamed internally to `bias`. Please use a different name to suppress this warning.
A parameter name that contains `gamma` will be renamed internally to `weight`. Please use a different name to suppress this warning.
A parameter name that contains `beta` will be renamed internally to `bias`. Please use a different name to suppress this warning.
A parameter name that contains `gamma` will be renamed internally to `weight`. Please use a different name to suppress this warning.
A parameter name that contains `beta` will be renamed internally to `bias`. Please use a different name to suppress this warning.
A parameter name that contains `gamma` will be renamed internally to `weight`. Please use a different name to suppress this warning.
A parameter name that contains `beta` will be renamed internally to `bias`. Please use a different name to suppress this warning.
A parameter name that contains `gamma` will be renamed internally to `weight`. Please use a different name to suppress this warning.
A parameter name that contains `beta` will be renamed internally to `bias`. Please use a different name to suppress this warning.
A parameter name that contains `gamma` will be renamed internally to `weight`. Please use a different name to suppress this warning.
A parameter name that contains `beta` will be renamed internally to `bias`. Please use a different name to suppress this warning.
A parameter name that contains `gamma` will be renamed internally to `weight`. Please use a different name to suppress this warning.
A parameter name that contains `beta` will be renamed internally to `bias`. Please use a different name to suppress this warning.
A parameter name that contains `gamma` will be renamed internally to `weight`. Please use a different name to suppress this warning.
A parameter name that contains `beta` will be renamed internally to `bias`. Please use a different name to suppress this warning.
A parameter name that contains `gamma` will be renamed internally to `weight`. Please use a different name to suppress this warning.
A parameter name that contains `beta` will be renamed internally to `bias`. Please use a different name to suppress this warning.
A parameter name that contains `gamma` will be renamed internally to `weight`. Please use a different name to suppress this warning.
A parameter name that contains `beta` will be renamed internally to `bias`. Please use a different name to suppress this warning.
A parameter name that contains `gamma` will be renamed internally to `weight`. Please use a different name to suppress this warning.
A parameter name that contains `beta` will be renamed internally to `bias`. Please use a different name to suppress this warning.
A parameter name that contains `gamma` will be renamed internally to `weight`. Please use a different name to suppress this warning.
A parameter name that contains `beta` will be renamed internally to `bias`. Please use a different name to suppress this warning.
A parameter name that contains `gamma` will be renamed internally to `weight`. Please use a different name to suppress this warning.
A parameter name that contains `beta` will be renamed internally to `bias`. Please use a different name to suppress this warning.
A parameter name that contains `gamma` will be renamed internally to `weight`. Please use a different name to suppress this warning.
A parameter name that contains `beta` will be renamed internally to `bias`. Please use a different name to suppress this warning.
A parameter name that contains `gamma` will be renamed internally to `weight`. Please use a different name to suppress this warning.
A parameter name that contains `beta` will be renamed internally to `bias`. Please use a different name to suppress this warning.
A parameter name that contains `gamma` will be renamed internally to `weight`. Please use a different name to suppress this warning.
A parameter name that contains `beta` will be renamed internally to `bias`. Please use a different name to suppress this warning.
A parameter name that contains `gamma` will be renamed internally to `weight`. Please use a different name to suppress this warning.
A parameter name that contains `beta` will be renamed internally to `bias`. Please use a different name to suppress this warning.
A parameter name that contains `gamma` will be renamed internally to `weight`. Please use a different name to suppress this warning.
A parameter name that contains `beta` will be renamed internally to `bias`. Please use a different name to suppress this warning.
A parameter name that contains `gamma` will be renamed internally to `weight`. Please use a different name to suppress this warning.
A parameter name that contains `beta` will be renamed internally to `bias`. Please use a different name to suppress this warning.
A parameter name that contains `gamma` will be renamed internally to `weight`. Please use a different name to suppress this warning.
A parameter name that contains `beta` will be renamed internally to `bias`. Please use a different name to suppress this warning.
A parameter name that contains `gamma` will be renamed internally to `weight`. Please use a different name to suppress this warning.
A parameter name that contains `beta` will be renamed internally to `bias`. Please use a different name to suppress this warning.
A parameter name that contains `gamma` will be renamed internally to `weight`. Please use a different name to suppress this warning.
A parameter name that contains `beta` will be renamed internally to `bias`. Please use a different name to suppress this warning.
A parameter name that contains `gamma` will be renamed internally to `weight`. Please use a different name to suppress this warning.
A parameter name that contains `beta` will be renamed internally to `bias`. Please use a different name to suppress this warning.
A parameter name that contains `gamma` will be renamed internally to `weight`. Please use a different name to suppress this warning.
A parameter name that contains `beta` will be renamed internally to `bias`. Please use a different name to suppress this warning.
A parameter name that contains `gamma` will be renamed internally to `weight`. Please use a different name to suppress this warning.
A parameter name that contains `beta` will be renamed internally to `bias`. Please use a different name to suppress this warning.
A parameter name that contains `gamma` will be renamed internally to `weight`. Please use a different name to suppress this warning.
A parameter name that contains `beta` will be renamed internally to `bias`. Please use a different name to suppress this warning.
A parameter name that contains `gamma` will be renamed internally to `weight`. Please use a different name to suppress this warning.
A parameter name that contains `beta` will be renamed internally to `bias`. Please use a different name to suppress this warning.
A parameter name that contains `gamma` will be renamed internally to `weight`. Please use a different name to suppress this warning.
A parameter name that contains `beta` will be renamed internally to `bias`. Please use a different name to suppress this warning.
A parameter name that contains `gamma` will be renamed internally to `weight`. Please use a different name to suppress this warning.
A parameter name that contains `beta` will be renamed internally to `bias`. Please use a different name to suppress this warning.
A parameter name that contains `gamma` will be renamed internally to `weight`. Please use a different name to suppress this warning.
A parameter name that contains `beta` will be renamed internally to `bias`. Please use a different name to suppress this warning.
A parameter name that contains `gamma` will be renamed internally to `weight`. Please use a different name to suppress this warning.
/mnt/localssd/new_base_line/internship-causal-embedding/.venv/lib/python3.11/site-packages/transformers/tokenization_utils_base.py:1601: FutureWarning: `clean_up_tokenization_spaces` was not set. It will be set to `True` by default. This behavior will be depracted in transformers v4.45, and will be then set to `False` by default. For more details check this issue: https://github.com/huggingface/transformers/issues/31884
  warnings.warn(
A parameter name that contains `beta` will be renamed internally to `bias`. Please use a different name to suppress this warning.
A parameter name that contains `gamma` will be renamed internally to `weight`. Please use a different name to suppress this warning.
A parameter name that contains `beta` will be renamed internally to `bias`. Please use a different name to suppress this warning.
A parameter name that contains `gamma` will be renamed internally to `weight`. Please use a different name to suppress this warning.
A parameter name that contains `beta` will be renamed internally to `bias`. Please use a different name to suppress this warning.
A parameter name that contains `gamma` will be renamed internally to `weight`. Please use a different name to suppress this warning.
A parameter name that contains `beta` will be renamed internally to `bias`. Please use a different name to suppress this warning.
A parameter name that contains `gamma` will be renamed internally to `weight`. Please use a different name to suppress this warning.
A parameter name that contains `beta` will be renamed internally to `bias`. Please use a different name to suppress this warning.
A parameter name that contains `gamma` will be renamed internally to `weight`. Please use a different name to suppress this warning.
A parameter name that contains `beta` will be renamed internally to `bias`. Please use a different name to suppress this warning.
A parameter name that contains `gamma` will be renamed internally to `weight`. Please use a different name to suppress this warning.
A parameter name that contains `beta` will be renamed internally to `bias`. Please use a different name to suppress this warning.
A parameter name that contains `gamma` will be renamed internally to `weight`. Please use a different name to suppress this warning.
A parameter name that contains `beta` will be renamed internally to `bias`. Please use a different name to suppress this warning.
A parameter name that contains `gamma` will be renamed internally to `weight`. Please use a different name to suppress this warning.
A parameter name that contains `beta` will be renamed internally to `bias`. Please use a different name to suppress this warning.
A parameter name that contains `gamma` will be renamed internally to `weight`. Please use a different name to suppress this warning.
A parameter name that contains `beta` will be renamed internally to `bias`. Please use a different name to suppress this warning.
A parameter name that contains `gamma` will be renamed internally to `weight`. Please use a different name to suppress this warning.
A parameter name that contains `beta` will be renamed internally to `bias`. Please use a different name to suppress this warning.
A parameter name that contains `gamma` will be renamed internally to `weight`. Please use a different name to suppress this warning.
A parameter name that contains `beta` will be renamed internally to `bias`. Please use a different name to suppress this warning.
A parameter name that contains `gamma` will be renamed internally to `weight`. Please use a different name to suppress this warning.
A parameter name that contains `beta` will be renamed internally to `bias`. Please use a different name to suppress this warning.
A parameter name that contains `gamma` will be renamed internally to `weight`. Please use a different name to suppress this warning.
A parameter name that contains `beta` will be renamed internally to `bias`. Please use a different name to suppress this warning.
A parameter name that contains `gamma` will be renamed internally to `weight`. Please use a different name to suppress this warning.
A parameter name that contains `beta` will be renamed internally to `bias`. Please use a different name to suppress this warning.
A parameter name that contains `gamma` will be renamed internally to `weight`. Please use a different name to suppress this warning.
A parameter name that contains `beta` will be renamed internally to `bias`. Please use a different name to suppress this warning.
A parameter name that contains `gamma` will be renamed internally to `weight`. Please use a different name to suppress this warning.
A parameter name that contains `beta` will be renamed internally to `bias`. Please use a different name to suppress this warning.
A parameter name that contains `gamma` will be renamed internally to `weight`. Please use a different name to suppress this warning.
A parameter name that contains `beta` will be renamed internally to `bias`. Please use a different name to suppress this warning.
A parameter name that contains `gamma` will be renamed internally to `weight`. Please use a different name to suppress this warning.
A parameter name that contains `beta` will be renamed internally to `bias`. Please use a different name to suppress this warning.
A parameter name that contains `gamma` will be renamed internally to `weight`. Please use a different name to suppress this warning.
A parameter name that contains `beta` will be renamed internally to `bias`. Please use a different name to suppress this warning.
A parameter name that contains `gamma` will be renamed internally to `weight`. Please use a different name to suppress this warning.
A parameter name that contains `beta` will be renamed internally to `bias`. Please use a different name to suppress this warning.
A parameter name that contains `gamma` will be renamed internally to `weight`. Please use a different name to suppress this warning.
A parameter name that contains `beta` will be renamed internally to `bias`. Please use a different name to suppress this warning.
A parameter name that contains `gamma` will be renamed internally to `weight`. Please use a different name to suppress this warning.
A parameter name that contains `beta` will be renamed internally to `bias`. Please use a different name to suppress this warning.
A parameter name that contains `gamma` will be renamed internally to `weight`. Please use a different name to suppress this warning.
A parameter name that contains `beta` will be renamed internally to `bias`. Please use a different name to suppress this warning.
A parameter name that contains `gamma` will be renamed internally to `weight`. Please use a different name to suppress this warning.
A parameter name that contains `beta` will be renamed internally to `bias`. Please use a different name to suppress this warning.
A parameter name that contains `gamma` will be renamed internally to `weight`. Please use a different name to suppress this warning.
A parameter name that contains `beta` will be renamed internally to `bias`. Please use a different name to suppress this warning.
A parameter name that contains `gamma` will be renamed internally to `weight`. Please use a different name to suppress this warning.
A parameter name that contains `beta` will be renamed internally to `bias`. Please use a different name to suppress this warning.
A parameter name that contains `gamma` will be renamed internally to `weight`. Please use a different name to suppress this warning.
A parameter name that contains `beta` will be renamed internally to `bias`. Please use a different name to suppress this warning.
A parameter name that contains `gamma` will be renamed internally to `weight`. Please use a different name to suppress this warning.
A parameter name that contains `beta` will be renamed internally to `bias`. Please use a different name to suppress this warning.
A parameter name that contains `gamma` will be renamed internally to `weight`. Please use a different name to suppress this warning.
A parameter name that contains `beta` will be renamed internally to `bias`. Please use a different name to suppress this warning.
A parameter name that contains `gamma` will be renamed internally to `weight`. Please use a different name to suppress this warning.
A parameter name that contains `beta` will be renamed internally to `bias`. Please use a different name to suppress this warning.
A parameter name that contains `gamma` will be renamed internally to `weight`. Please use a different name to suppress this warning.
A parameter name that contains `beta` will be renamed internally to `bias`. Please use a different name to suppress this warning.
A parameter name that contains `gamma` will be renamed internally to `weight`. Please use a different name to suppress this warning.
A parameter name that contains `beta` will be renamed internally to `bias`. Please use a different name to suppress this warning.
A parameter name that contains `gamma` will be renamed internally to `weight`. Please use a different name to suppress this warning.
A parameter name that contains `beta` will be renamed internally to `bias`. Please use a different name to suppress this warning.
A parameter name that contains `gamma` will be renamed internally to `weight`. Please use a different name to suppress this warning.
A parameter name that contains `beta` will be renamed internally to `bias`. Please use a different name to suppress this warning.
A parameter name that contains `gamma` will be renamed internally to `weight`. Please use a different name to suppress this warning.
A parameter name that contains `beta` will be renamed internally to `bias`. Please use a different name to suppress this warning.
A parameter name that contains `gamma` will be renamed internally to `weight`. Please use a different name to suppress this warning.
A parameter name that contains `beta` will be renamed internally to `bias`. Please use a different name to suppress this warning.
A parameter name that contains `gamma` will be renamed internally to `weight`. Please use a different name to suppress this warning.
A parameter name that contains `beta` will be renamed internally to `bias`. Please use a different name to suppress this warning.
A parameter name that contains `gamma` will be renamed internally to `weight`. Please use a different name to suppress this warning.
A parameter name that contains `beta` will be renamed internally to `bias`. Please use a different name to suppress this warning.
A parameter name that contains `gamma` will be renamed internally to `weight`. Please use a different name to suppress this warning.
A parameter name that contains `beta` will be renamed internally to `bias`. Please use a different name to suppress this warning.
A parameter name that contains `gamma` will be renamed internally to `weight`. Please use a different name to suppress this warning.
A parameter name that contains `beta` will be renamed internally to `bias`. Please use a different name to suppress this warning.
A parameter name that contains `gamma` will be renamed internally to `weight`. Please use a different name to suppress this warning.
A parameter name that contains `beta` will be renamed internally to `bias`. Please use a different name to suppress this warning.
A parameter name that contains `gamma` will be renamed internally to `weight`. Please use a different name to suppress this warning.
A parameter name that contains `beta` will be renamed internally to `bias`. Please use a different name to suppress this warning.
A parameter name that contains `gamma` will be renamed internally to `weight`. Please use a different name to suppress this warning.
A parameter name that contains `beta` will be renamed internally to `bias`. Please use a different name to suppress this warning.
A parameter name that contains `gamma` will be renamed internally to `weight`. Please use a different name to suppress this warning.
A parameter name that contains `beta` will be renamed internally to `bias`. Please use a different name to suppress this warning.
A parameter name that contains `gamma` will be renamed internally to `weight`. Please use a different name to suppress this warning.
A parameter name that contains `beta` will be renamed internally to `bias`. Please use a different name to suppress this warning.
A parameter name that contains `gamma` will be renamed internally to `weight`. Please use a different name to suppress this warning.
A parameter name that contains `beta` will be renamed internally to `bias`. Please use a different name to suppress this warning.
A parameter name that contains `gamma` will be renamed internally to `weight`. Please use a different name to suppress this warning.
A parameter name that contains `beta` will be renamed internally to `bias`. Please use a different name to suppress this warning.
A parameter name that contains `gamma` will be renamed internally to `weight`. Please use a different name to suppress this warning.
A parameter name that contains `beta` will be renamed internally to `bias`. Please use a different name to suppress this warning.
A parameter name that contains `gamma` will be renamed internally to `weight`. Please use a different name to suppress this warning.
A parameter name that contains `beta` will be renamed internally to `bias`. Please use a different name to suppress this warning.
A parameter name that contains `gamma` will be renamed internally to `weight`. Please use a different name to suppress this warning.
A parameter name that contains `beta` will be renamed internally to `bias`. Please use a different name to suppress this warning.
A parameter name that contains `gamma` will be renamed internally to `weight`. Please use a different name to suppress this warning.
A parameter name that contains `beta` will be renamed internally to `bias`. Please use a different name to suppress this warning.
A parameter name that contains `gamma` will be renamed internally to `weight`. Please use a different name to suppress this warning.
A parameter name that contains `beta` will be renamed internally to `bias`. Please use a different name to suppress this warning.
A parameter name that contains `gamma` will be renamed internally to `weight`. Please use a different name to suppress this warning.
A parameter name that contains `beta` will be renamed internally to `bias`. Please use a different name to suppress this warning.
A parameter name that contains `gamma` will be renamed internally to `weight`. Please use a different name to suppress this warning.
A parameter name that contains `beta` will be renamed internally to `bias`. Please use a different name to suppress this warning.
A parameter name that contains `gamma` will be renamed internally to `weight`. Please use a different name to suppress this warning.
A parameter name that contains `beta` will be renamed internally to `bias`. Please use a different name to suppress this warning.
A parameter name that contains `gamma` will be renamed internally to `weight`. Please use a different name to suppress this warning.
A parameter name that contains `beta` will be renamed internally to `bias`. Please use a different name to suppress this warning.
A parameter name that contains `gamma` will be renamed internally to `weight`. Please use a different name to suppress this warning.
A parameter name that contains `beta` will be renamed internally to `bias`. Please use a different name to suppress this warning.
A parameter name that contains `gamma` will be renamed internally to `weight`. Please use a different name to suppress this warning.
A parameter name that contains `beta` will be renamed internally to `bias`. Please use a different name to suppress this warning.
A parameter name that contains `gamma` will be renamed internally to `weight`. Please use a different name to suppress this warning.
A parameter name that contains `beta` will be renamed internally to `bias`. Please use a different name to suppress this warning.
A parameter name that contains `gamma` will be renamed internally to `weight`. Please use a different name to suppress this warning.
A parameter name that contains `beta` will be renamed internally to `bias`. Please use a different name to suppress this warning.
A parameter name that contains `gamma` will be renamed internally to `weight`. Please use a different name to suppress this warning.
A parameter name that contains `beta` will be renamed internally to `bias`. Please use a different name to suppress this warning.
A parameter name that contains `gamma` will be renamed internally to `weight`. Please use a different name to suppress this warning.
A parameter name that contains `beta` will be renamed internally to `bias`. Please use a different name to suppress this warning.
A parameter name that contains `gamma` will be renamed internally to `weight`. Please use a different name to suppress this warning.
A parameter name that contains `beta` will be renamed internally to `bias`. Please use a different name to suppress this warning.
A parameter name that contains `gamma` will be renamed internally to `weight`. Please use a different name to suppress this warning.
A parameter name that contains `beta` will be renamed internally to `bias`. Please use a different name to suppress this warning.
A parameter name that contains `gamma` will be renamed internally to `weight`. Please use a different name to suppress this warning.
A parameter name that contains `beta` will be renamed internally to `bias`. Please use a different name to suppress this warning.
A parameter name that contains `gamma` will be renamed internally to `weight`. Please use a different name to suppress this warning.
A parameter name that contains `beta` will be renamed internally to `bias`. Please use a different name to suppress this warning.
A parameter name that contains `gamma` will be renamed internally to `weight`. Please use a different name to suppress this warning.
A parameter name that contains `beta` will be renamed internally to `bias`. Please use a different name to suppress this warning.
A parameter name that contains `gamma` will be renamed internally to `weight`. Please use a different name to suppress this warning.
A parameter name that contains `beta` will be renamed internally to `bias`. Please use a different name to suppress this warning.
A parameter name that contains `gamma` will be renamed internally to `weight`. Please use a different name to suppress this warning.
A parameter name that contains `beta` will be renamed internally to `bias`. Please use a different name to suppress this warning.
A parameter name that contains `gamma` will be renamed internally to `weight`. Please use a different name to suppress this warning.
A parameter name that contains `beta` will be renamed internally to `bias`. Please use a different name to suppress this warning.
A parameter name that contains `gamma` will be renamed internally to `weight`. Please use a different name to suppress this warning.
A parameter name that contains `beta` will be renamed internally to `bias`. Please use a different name to suppress this warning.
A parameter name that contains `gamma` will be renamed internally to `weight`. Please use a different name to suppress this warning.
A parameter name that contains `beta` will be renamed internally to `bias`. Please use a different name to suppress this warning.
A parameter name that contains `gamma` will be renamed internally to `weight`. Please use a different name to suppress this warning.
A parameter name that contains `beta` will be renamed internally to `bias`. Please use a different name to suppress this warning.
A parameter name that contains `gamma` will be renamed internally to `weight`. Please use a different name to suppress this warning.
A parameter name that contains `beta` will be renamed internally to `bias`. Please use a different name to suppress this warning.
A parameter name that contains `gamma` will be renamed internally to `weight`. Please use a different name to suppress this warning.
A parameter name that contains `beta` will be renamed internally to `bias`. Please use a different name to suppress this warning.
A parameter name that contains `gamma` will be renamed internally to `weight`. Please use a different name to suppress this warning.
A parameter name that contains `beta` will be renamed internally to `bias`. Please use a different name to suppress this warning.
A parameter name that contains `gamma` will be renamed internally to `weight`. Please use a different name to suppress this warning.
A parameter name that contains `beta` will be renamed internally to `bias`. Please use a different name to suppress this warning.
A parameter name that contains `gamma` will be renamed internally to `weight`. Please use a different name to suppress this warning.
A parameter name that contains `beta` will be renamed internally to `bias`. Please use a different name to suppress this warning.
A parameter name that contains `gamma` will be renamed internally to `weight`. Please use a different name to suppress this warning.
A parameter name that contains `beta` will be renamed internally to `bias`. Please use a different name to suppress this warning.
A parameter name that contains `gamma` will be renamed internally to `weight`. Please use a different name to suppress this warning.
A parameter name that contains `beta` will be renamed internally to `bias`. Please use a different name to suppress this warning.
A parameter name that contains `gamma` will be renamed internally to `weight`. Please use a different name to suppress this warning.
A parameter name that contains `beta` will be renamed internally to `bias`. Please use a different name to suppress this warning.
A parameter name that contains `gamma` will be renamed internally to `weight`. Please use a different name to suppress this warning.
A parameter name that contains `beta` will be renamed internally to `bias`. Please use a different name to suppress this warning.
A parameter name that contains `gamma` will be renamed internally to `weight`. Please use a different name to suppress this warning.
A parameter name that contains `beta` will be renamed internally to `bias`. Please use a different name to suppress this warning.
A parameter name that contains `gamma` will be renamed internally to `weight`. Please use a different name to suppress this warning.
A parameter name that contains `beta` will be renamed internally to `bias`. Please use a different name to suppress this warning.
A parameter name that contains `gamma` will be renamed internally to `weight`. Please use a different name to suppress this warning.
A parameter name that contains `beta` will be renamed internally to `bias`. Please use a different name to suppress this warning.
A parameter name that contains `gamma` will be renamed internally to `weight`. Please use a different name to suppress this warning.
A parameter name that contains `beta` will be renamed internally to `bias`. Please use a different name to suppress this warning.
A parameter name that contains `gamma` will be renamed internally to `weight`. Please use a different name to suppress this warning.
A parameter name that contains `beta` will be renamed internally to `bias`. Please use a different name to suppress this warning.
A parameter name that contains `gamma` will be renamed internally to `weight`. Please use a different name to suppress this warning.
A parameter name that contains `beta` will be renamed internally to `bias`. Please use a different name to suppress this warning.
A parameter name that contains `gamma` will be renamed internally to `weight`. Please use a different name to suppress this warning.
A parameter name that contains `beta` will be renamed internally to `bias`. Please use a different name to suppress this warning.
A parameter name that contains `gamma` will be renamed internally to `weight`. Please use a different name to suppress this warning.
A parameter name that contains `beta` will be renamed internally to `bias`. Please use a different name to suppress this warning.
A parameter name that contains `gamma` will be renamed internally to `weight`. Please use a different name to suppress this warning.
A parameter name that contains `beta` will be renamed internally to `bias`. Please use a different name to suppress this warning.
A parameter name that contains `gamma` will be renamed internally to `weight`. Please use a different name to suppress this warning.
A parameter name that contains `beta` will be renamed internally to `bias`. Please use a different name to suppress this warning.
A parameter name that contains `gamma` will be renamed internally to `weight`. Please use a different name to suppress this warning.
A parameter name that contains `beta` will be renamed internally to `bias`. Please use a different name to suppress this warning.
A parameter name that contains `gamma` will be renamed internally to `weight`. Please use a different name to suppress this warning.
A parameter name that contains `beta` will be renamed internally to `bias`. Please use a different name to suppress this warning.
A parameter name that contains `gamma` will be renamed internally to `weight`. Please use a different name to suppress this warning.
A parameter name that contains `beta` will be renamed internally to `bias`. Please use a different name to suppress this warning.
A parameter name that contains `gamma` will be renamed internally to `weight`. Please use a different name to suppress this warning.
A parameter name that contains `beta` will be renamed internally to `bias`. Please use a different name to suppress this warning.
A parameter name that contains `gamma` will be renamed internally to `weight`. Please use a different name to suppress this warning.
A parameter name that contains `beta` will be renamed internally to `bias`. Please use a different name to suppress this warning.
A parameter name that contains `gamma` will be renamed internally to `weight`. Please use a different name to suppress this warning.
A parameter name that contains `beta` will be renamed internally to `bias`. Please use a different name to suppress this warning.
A parameter name that contains `gamma` will be renamed internally to `weight`. Please use a different name to suppress this warning.
A parameter name that contains `beta` will be renamed internally to `bias`. Please use a different name to suppress this warning.
A parameter name that contains `gamma` will be renamed internally to `weight`. Please use a different name to suppress this warning.
A parameter name that contains `beta` will be renamed internally to `bias`. Please use a different name to suppress this warning.
A parameter name that contains `gamma` will be renamed internally to `weight`. Please use a different name to suppress this warning.
A parameter name that contains `beta` will be renamed internally to `bias`. Please use a different name to suppress this warning.
A parameter name that contains `gamma` will be renamed internally to `weight`. Please use a different name to suppress this warning.
A parameter name that contains `beta` will be renamed internally to `bias`. Please use a different name to suppress this warning.
A parameter name that contains `gamma` will be renamed internally to `weight`. Please use a different name to suppress this warning.
A parameter name that contains `beta` will be renamed internally to `bias`. Please use a different name to suppress this warning.
A parameter name that contains `gamma` will be renamed internally to `weight`. Please use a different name to suppress this warning.
A parameter name that contains `beta` will be renamed internally to `bias`. Please use a different name to suppress this warning.
A parameter name that contains `gamma` will be renamed internally to `weight`. Please use a different name to suppress this warning.
A parameter name that contains `beta` will be renamed internally to `bias`. Please use a different name to suppress this warning.
A parameter name that contains `gamma` will be renamed internally to `weight`. Please use a different name to suppress this warning.
A parameter name that contains `beta` will be renamed internally to `bias`. Please use a different name to suppress this warning.
A parameter name that contains `gamma` will be renamed internally to `weight`. Please use a different name to suppress this warning.
A parameter name that contains `beta` will be renamed internally to `bias`. Please use a different name to suppress this warning.
A parameter name that contains `gamma` will be renamed internally to `weight`. Please use a different name to suppress this warning.
A parameter name that contains `beta` will be renamed internally to `bias`. Please use a different name to suppress this warning.
A parameter name that contains `gamma` will be renamed internally to `weight`. Please use a different name to suppress this warning.
A parameter name that contains `beta` will be renamed internally to `bias`. Please use a different name to suppress this warning.
A parameter name that contains `gamma` will be renamed internally to `weight`. Please use a different name to suppress this warning.
A parameter name that contains `beta` will be renamed internally to `bias`. Please use a different name to suppress this warning.
A parameter name that contains `gamma` will be renamed internally to `weight`. Please use a different name to suppress this warning.
A parameter name that contains `beta` will be renamed internally to `bias`. Please use a different name to suppress this warning.
A parameter name that contains `gamma` will be renamed internally to `weight`. Please use a different name to suppress this warning.
A parameter name that contains `beta` will be renamed internally to `bias`. Please use a different name to suppress this warning.
A parameter name that contains `gamma` will be renamed internally to `weight`. Please use a different name to suppress this warning.
A parameter name that contains `beta` will be renamed internally to `bias`. Please use a different name to suppress this warning.
A parameter name that contains `gamma` will be renamed internally to `weight`. Please use a different name to suppress this warning.
A parameter name that contains `beta` will be renamed internally to `bias`. Please use a different name to suppress this warning.
A parameter name that contains `gamma` will be renamed internally to `weight`. Please use a different name to suppress this warning.
A parameter name that contains `beta` will be renamed internally to `bias`. Please use a different name to suppress this warning.
A parameter name that contains `gamma` will be renamed internally to `weight`. Please use a different name to suppress this warning.
A parameter name that contains `beta` will be renamed internally to `bias`. Please use a different name to suppress this warning.
A parameter name that contains `gamma` will be renamed internally to `weight`. Please use a different name to suppress this warning.
A parameter name that contains `beta` will be renamed internally to `bias`. Please use a different name to suppress this warning.
A parameter name that contains `gamma` will be renamed internally to `weight`. Please use a different name to suppress this warning.
A parameter name that contains `beta` will be renamed internally to `bias`. Please use a different name to suppress this warning.
A parameter name that contains `gamma` will be renamed internally to `weight`. Please use a different name to suppress this warning.
A parameter name that contains `beta` will be renamed internally to `bias`. Please use a different name to suppress this warning.
A parameter name that contains `gamma` will be renamed internally to `weight`. Please use a different name to suppress this warning.
A parameter name that contains `beta` will be renamed internally to `bias`. Please use a different name to suppress this warning.
A parameter name that contains `gamma` will be renamed internally to `weight`. Please use a different name to suppress this warning.
A parameter name that contains `beta` will be renamed internally to `bias`. Please use a different name to suppress this warning.
A parameter name that contains `gamma` will be renamed internally to `weight`. Please use a different name to suppress this warning.
A parameter name that contains `beta` will be renamed internally to `bias`. Please use a different name to suppress this warning.
A parameter name that contains `gamma` will be renamed internally to `weight`. Please use a different name to suppress this warning.
A parameter name that contains `beta` will be renamed internally to `bias`. Please use a different name to suppress this warning.
A parameter name that contains `gamma` will be renamed internally to `weight`. Please use a different name to suppress this warning.
A parameter name that contains `beta` will be renamed internally to `bias`. Please use a different name to suppress this warning.
A parameter name that contains `gamma` will be renamed internally to `weight`. Please use a different name to suppress this warning.
A parameter name that contains `beta` will be renamed internally to `bias`. Please use a different name to suppress this warning.
A parameter name that contains `gamma` will be renamed internally to `weight`. Please use a different name to suppress this warning.
A parameter name that contains `beta` will be renamed internally to `bias`. Please use a different name to suppress this warning.
A parameter name that contains `gamma` will be renamed internally to `weight`. Please use a different name to suppress this warning.
A parameter name that contains `beta` will be renamed internally to `bias`. Please use a different name to suppress this warning.
A parameter name that contains `gamma` will be renamed internally to `weight`. Please use a different name to suppress this warning.
A parameter name that contains `beta` will be renamed internally to `bias`. Please use a different name to suppress this warning.
A parameter name that contains `gamma` will be renamed internally to `weight`. Please use a different name to suppress this warning.
A parameter name that contains `beta` will be renamed internally to `bias`. Please use a different name to suppress this warning.
A parameter name that contains `gamma` will be renamed internally to `weight`. Please use a different name to suppress this warning.
/mnt/localssd/new_base_line/internship-causal-embedding/.venv/lib/python3.11/site-packages/transformers/tokenization_utils_base.py:1601: FutureWarning: `clean_up_tokenization_spaces` was not set. It will be set to `True` by default. This behavior will be depracted in transformers v4.45, and will be then set to `False` by default. For more details check this issue: https://github.com/huggingface/transformers/issues/31884
  warnings.warn(
A parameter name that contains `beta` will be renamed internally to `bias`. Please use a different name to suppress this warning.
A parameter name that contains `gamma` will be renamed internally to `weight`. Please use a different name to suppress this warning.
A parameter name that contains `beta` will be renamed internally to `bias`. Please use a different name to suppress this warning.
A parameter name that contains `gamma` will be renamed internally to `weight`. Please use a different name to suppress this warning.
A parameter name that contains `beta` will be renamed internally to `bias`. Please use a different name to suppress this warning.
A parameter name that contains `gamma` will be renamed internally to `weight`. Please use a different name to suppress this warning.
A parameter name that contains `beta` will be renamed internally to `bias`. Please use a different name to suppress this warning.
A parameter name that contains `gamma` will be renamed internally to `weight`. Please use a different name to suppress this warning.
A parameter name that contains `beta` will be renamed internally to `bias`. Please use a different name to suppress this warning.
A parameter name that contains `gamma` will be renamed internally to `weight`. Please use a different name to suppress this warning.
A parameter name that contains `beta` will be renamed internally to `bias`. Please use a different name to suppress this warning.
A parameter name that contains `gamma` will be renamed internally to `weight`. Please use a different name to suppress this warning.
A parameter name that contains `beta` will be renamed internally to `bias`. Please use a different name to suppress this warning.
A parameter name that contains `gamma` will be renamed internally to `weight`. Please use a different name to suppress this warning.
A parameter name that contains `beta` will be renamed internally to `bias`. Please use a different name to suppress this warning.
A parameter name that contains `gamma` will be renamed internally to `weight`. Please use a different name to suppress this warning.
A parameter name that contains `beta` will be renamed internally to `bias`. Please use a different name to suppress this warning.
A parameter name that contains `gamma` will be renamed internally to `weight`. Please use a different name to suppress this warning.
A parameter name that contains `beta` will be renamed internally to `bias`. Please use a different name to suppress this warning.
A parameter name that contains `gamma` will be renamed internally to `weight`. Please use a different name to suppress this warning.
A parameter name that contains `beta` will be renamed internally to `bias`. Please use a different name to suppress this warning.
A parameter name that contains `gamma` will be renamed internally to `weight`. Please use a different name to suppress this warning.
A parameter name that contains `beta` will be renamed internally to `bias`. Please use a different name to suppress this warning.
A parameter name that contains `gamma` will be renamed internally to `weight`. Please use a different name to suppress this warning.
A parameter name that contains `beta` will be renamed internally to `bias`. Please use a different name to suppress this warning.
A parameter name that contains `gamma` will be renamed internally to `weight`. Please use a different name to suppress this warning.
A parameter name that contains `beta` will be renamed internally to `bias`. Please use a different name to suppress this warning.
A parameter name that contains `gamma` will be renamed internally to `weight`. Please use a different name to suppress this warning.
A parameter name that contains `beta` will be renamed internally to `bias`. Please use a different name to suppress this warning.
A parameter name that contains `gamma` will be renamed internally to `weight`. Please use a different name to suppress this warning.
A parameter name that contains `beta` will be renamed internally to `bias`. Please use a different name to suppress this warning.
A parameter name that contains `gamma` will be renamed internally to `weight`. Please use a different name to suppress this warning.
A parameter name that contains `beta` will be renamed internally to `bias`. Please use a different name to suppress this warning.
A parameter name that contains `gamma` will be renamed internally to `weight`. Please use a different name to suppress this warning.
A parameter name that contains `beta` will be renamed internally to `bias`. Please use a different name to suppress this warning.
A parameter name that contains `gamma` will be renamed internally to `weight`. Please use a different name to suppress this warning.
A parameter name that contains `beta` will be renamed internally to `bias`. Please use a different name to suppress this warning.
A parameter name that contains `gamma` will be renamed internally to `weight`. Please use a different name to suppress this warning.
A parameter name that contains `beta` will be renamed internally to `bias`. Please use a different name to suppress this warning.
A parameter name that contains `gamma` will be renamed internally to `weight`. Please use a different name to suppress this warning.
A parameter name that contains `beta` will be renamed internally to `bias`. Please use a different name to suppress this warning.
A parameter name that contains `gamma` will be renamed internally to `weight`. Please use a different name to suppress this warning.
A parameter name that contains `beta` will be renamed internally to `bias`. Please use a different name to suppress this warning.
A parameter name that contains `gamma` will be renamed internally to `weight`. Please use a different name to suppress this warning.
A parameter name that contains `beta` will be renamed internally to `bias`. Please use a different name to suppress this warning.
A parameter name that contains `gamma` will be renamed internally to `weight`. Please use a different name to suppress this warning.
A parameter name that contains `beta` will be renamed internally to `bias`. Please use a different name to suppress this warning.
A parameter name that contains `gamma` will be renamed internally to `weight`. Please use a different name to suppress this warning.
A parameter name that contains `beta` will be renamed internally to `bias`. Please use a different name to suppress this warning.
A parameter name that contains `gamma` will be renamed internally to `weight`. Please use a different name to suppress this warning.
A parameter name that contains `beta` will be renamed internally to `bias`. Please use a different name to suppress this warning.
A parameter name that contains `gamma` will be renamed internally to `weight`. Please use a different name to suppress this warning.
[rerank] 562 pairs  retriever=cde  device=cuda
[stage1] retrieval MRR=0.4215  R@1=0.267  R@10=0.726
[stage2] scoring 28100 pairs with CE aep_causal_rerank …
[stage2] scoring 28100 pairs with CE aep_causal_rerank_v2 …
[stage2] ensembled 2 CEs

 pool  blend      MRR     R@1     R@5    R@10
----------------------------------------------
   20   0.30   0.4467   0.288   0.651   0.744  <<
   20   0.50   0.4417   0.285   0.641   0.747
   20   0.70   0.4028   0.260   0.571   0.724
   50   0.30   0.4466   0.288   0.639   0.740
   50   0.50   0.4410   0.285   0.626   0.753
   50   0.70   0.3861   0.244   0.534   0.692

[best] pool20_blend0.3  MRR=0.4467
[baseline BiEncoder MRR]  0.3588
[lift over baseline]      +24.5%  (target +10% = 0.3947  ACHIEVED)
[fused AUC vs 4 random negs]  0.9869
[fused AUC vs 4 hard negs]    0.8458
[saved] /mnt/localssd/new_base_line/internship-causal-embedding/my_work/kl/results/aep_causal/rerank_eval.json
[13:08:09] ===== DONE aep_causal =====
