[12:32:56] ===== START followupqg on GPU 1 =====
[12:32:56] [followupqg] Step 0: staging data
[12:32:56] [followupqg] Step 1: mining K=8 hard negatives
/mnt/localssd/new_base_line/internship-causal-embedding/.venv/lib/python3.11/site-packages/transformers/tokenization_utils_base.py:1601: FutureWarning: `clean_up_tokenization_spaces` was not set. It will be set to `True` by default. This behavior will be depracted in transformers v4.45, and will be then set to `False` by default. For more details check this issue: https://github.com/huggingface/transformers/issues/31884
  warnings.warn(
[miner] sentence-transformers/all-MiniLM-L6-v2  K=8

[train] loading /mnt/localssd/new_base_line/internship-causal-embedding/my_work/kl/results/followupqg/train_pairs.jsonl
  2511 pairs
  encoding 2511 positives …
  encoded in 2.1s  dim=384
  k-NN (8 per anchor) on cuda  chunk=1024 …
  k-NN done in 0.1s
  saved /mnt/localssd/new_base_line/internship-causal-embedding/my_work/kl/results/followupqg/hard_negatives_k8.npy

[test] loading /mnt/localssd/new_base_line/internship-causal-embedding/my_work/kl/results/followupqg/test_pairs.jsonl
  501 pairs
  encoding 501 positives …
  encoded in 0.3s  dim=384
  k-NN (8 per anchor) on cuda  chunk=1024 …
  k-NN done in 0.0s
  saved /mnt/localssd/new_base_line/internship-causal-embedding/my_work/kl/results/followupqg/test_hard_negatives_k8.npy

[done]
[12:33:04] [followupqg] Step 2: training CDEv2 retriever
/mnt/localssd/new_base_line/internship-causal-embedding/.venv/lib/python3.11/site-packages/transformers/tokenization_utils_base.py:1601: FutureWarning: `clean_up_tokenization_spaces` was not set. It will be set to `True` by default. This behavior will be depracted in transformers v4.45, and will be then set to `False` by default. For more details check this issue: https://github.com/huggingface/transformers/issues/31884
  warnings.warn(
A parameter name that contains `beta` will be renamed internally to `bias`. Please use a different name to suppress this warning.
A parameter name that contains `gamma` will be renamed internally to `weight`. Please use a different name to suppress this warning.
A parameter name that contains `beta` will be renamed internally to `bias`. Please use a different name to suppress this warning.
A parameter name that contains `gamma` will be renamed internally to `weight`. Please use a different name to suppress this warning.
A parameter name that contains `beta` will be renamed internally to `bias`. Please use a different name to suppress this warning.
A parameter name that contains `gamma` will be renamed internally to `weight`. Please use a different name to suppress this warning.
A parameter name that contains `beta` will be renamed internally to `bias`. Please use a different name to suppress this warning.
A parameter name that contains `gamma` will be renamed internally to `weight`. Please use a different name to suppress this warning.
A parameter name that contains `beta` will be renamed internally to `bias`. Please use a different name to suppress this warning.
A parameter name that contains `gamma` will be renamed internally to `weight`. Please use a different name to suppress this warning.
A parameter name that contains `beta` will be renamed internally to `bias`. Please use a different name to suppress this warning.
A parameter name that contains `gamma` will be renamed internally to `weight`. Please use a different name to suppress this warning.
A parameter name that contains `beta` will be renamed internally to `bias`. Please use a different name to suppress this warning.
A parameter name that contains `gamma` will be renamed internally to `weight`. Please use a different name to suppress this warning.
A parameter name that contains `beta` will be renamed internally to `bias`. Please use a different name to suppress this warning.
A parameter name that contains `gamma` will be renamed internally to `weight`. Please use a different name to suppress this warning.
A parameter name that contains `beta` will be renamed internally to `bias`. Please use a different name to suppress this warning.
A parameter name that contains `gamma` will be renamed internally to `weight`. Please use a different name to suppress this warning.
A parameter name that contains `beta` will be renamed internally to `bias`. Please use a different name to suppress this warning.
A parameter name that contains `gamma` will be renamed internally to `weight`. Please use a different name to suppress this warning.
A parameter name that contains `beta` will be renamed internally to `bias`. Please use a different name to suppress this warning.
A parameter name that contains `gamma` will be renamed internally to `weight`. Please use a different name to suppress this warning.
A parameter name that contains `beta` will be renamed internally to `bias`. Please use a different name to suppress this warning.
A parameter name that contains `gamma` will be renamed internally to `weight`. Please use a different name to suppress this warning.
A parameter name that contains `beta` will be renamed internally to `bias`. Please use a different name to suppress this warning.
A parameter name that contains `gamma` will be renamed internally to `weight`. Please use a different name to suppress this warning.
A parameter name that contains `beta` will be renamed internally to `bias`. Please use a different name to suppress this warning.
A parameter name that contains `gamma` will be renamed internally to `weight`. Please use a different name to suppress this warning.
A parameter name that contains `beta` will be renamed internally to `bias`. Please use a different name to suppress this warning.
A parameter name that contains `gamma` will be renamed internally to `weight`. Please use a different name to suppress this warning.
A parameter name that contains `beta` will be renamed internally to `bias`. Please use a different name to suppress this warning.
A parameter name that contains `gamma` will be renamed internally to `weight`. Please use a different name to suppress this warning.
A parameter name that contains `beta` will be renamed internally to `bias`. Please use a different name to suppress this warning.
A parameter name that contains `gamma` will be renamed internally to `weight`. Please use a different name to suppress this warning.
A parameter name that contains `beta` will be renamed internally to `bias`. Please use a different name to suppress this warning.
A parameter name that contains `gamma` will be renamed internally to `weight`. Please use a different name to suppress this warning.
A parameter name that contains `beta` will be renamed internally to `bias`. Please use a different name to suppress this warning.
A parameter name that contains `gamma` will be renamed internally to `weight`. Please use a different name to suppress this warning.
A parameter name that contains `beta` will be renamed internally to `bias`. Please use a different name to suppress this warning.
A parameter name that contains `gamma` will be renamed internally to `weight`. Please use a different name to suppress this warning.
A parameter name that contains `beta` will be renamed internally to `bias`. Please use a different name to suppress this warning.
A parameter name that contains `gamma` will be renamed internally to `weight`. Please use a different name to suppress this warning.
A parameter name that contains `beta` will be renamed internally to `bias`. Please use a different name to suppress this warning.
A parameter name that contains `gamma` will be renamed internally to `weight`. Please use a different name to suppress this warning.
A parameter name that contains `beta` will be renamed internally to `bias`. Please use a different name to suppress this warning.
A parameter name that contains `gamma` will be renamed internally to `weight`. Please use a different name to suppress this warning.
A parameter name that contains `beta` will be renamed internally to `bias`. Please use a different name to suppress this warning.
A parameter name that contains `gamma` will be renamed internally to `weight`. Please use a different name to suppress this warning.
A parameter name that contains `beta` will be renamed internally to `bias`. Please use a different name to suppress this warning.
A parameter name that contains `gamma` will be renamed internally to `weight`. Please use a different name to suppress this warning.
A parameter name that contains `beta` will be renamed internally to `bias`. Please use a different name to suppress this warning.
A parameter name that contains `gamma` will be renamed internally to `weight`. Please use a different name to suppress this warning.
A parameter name that contains `beta` will be renamed internally to `bias`. Please use a different name to suppress this warning.
A parameter name that contains `gamma` will be renamed internally to `weight`. Please use a different name to suppress this warning.
A parameter name that contains `beta` will be renamed internally to `bias`. Please use a different name to suppress this warning.
A parameter name that contains `gamma` will be renamed internally to `weight`. Please use a different name to suppress this warning.
A parameter name that contains `beta` will be renamed internally to `bias`. Please use a different name to suppress this warning.
A parameter name that contains `gamma` will be renamed internally to `weight`. Please use a different name to suppress this warning.
A parameter name that contains `beta` will be renamed internally to `bias`. Please use a different name to suppress this warning.
A parameter name that contains `gamma` will be renamed internally to `weight`. Please use a different name to suppress this warning.
A parameter name that contains `beta` will be renamed internally to `bias`. Please use a different name to suppress this warning.
A parameter name that contains `gamma` will be renamed internally to `weight`. Please use a different name to suppress this warning.
A parameter name that contains `beta` will be renamed internally to `bias`. Please use a different name to suppress this warning.
A parameter name that contains `gamma` will be renamed internally to `weight`. Please use a different name to suppress this warning.
A parameter name that contains `beta` will be renamed internally to `bias`. Please use a different name to suppress this warning.
A parameter name that contains `gamma` will be renamed internally to `weight`. Please use a different name to suppress this warning.
A parameter name that contains `beta` will be renamed internally to `bias`. Please use a different name to suppress this warning.
A parameter name that contains `gamma` will be renamed internally to `weight`. Please use a different name to suppress this warning.
A parameter name that contains `beta` will be renamed internally to `bias`. Please use a different name to suppress this warning.
A parameter name that contains `gamma` will be renamed internally to `weight`. Please use a different name to suppress this warning.
A parameter name that contains `beta` will be renamed internally to `bias`. Please use a different name to suppress this warning.
A parameter name that contains `gamma` will be renamed internally to `weight`. Please use a different name to suppress this warning.
A parameter name that contains `beta` will be renamed internally to `bias`. Please use a different name to suppress this warning.
A parameter name that contains `gamma` will be renamed internally to `weight`. Please use a different name to suppress this warning.
A parameter name that contains `beta` will be renamed internally to `bias`. Please use a different name to suppress this warning.
A parameter name that contains `gamma` will be renamed internally to `weight`. Please use a different name to suppress this warning.
A parameter name that contains `beta` will be renamed internally to `bias`. Please use a different name to suppress this warning.
A parameter name that contains `gamma` will be renamed internally to `weight`. Please use a different name to suppress this warning.
A parameter name that contains `beta` will be renamed internally to `bias`. Please use a different name to suppress this warning.
A parameter name that contains `gamma` will be renamed internally to `weight`. Please use a different name to suppress this warning.
A parameter name that contains `beta` will be renamed internally to `bias`. Please use a different name to suppress this warning.
A parameter name that contains `gamma` will be renamed internally to `weight`. Please use a different name to suppress this warning.
A parameter name that contains `beta` will be renamed internally to `bias`. Please use a different name to suppress this warning.
A parameter name that contains `gamma` will be renamed internally to `weight`. Please use a different name to suppress this warning.
A parameter name that contains `beta` will be renamed internally to `bias`. Please use a different name to suppress this warning.
A parameter name that contains `gamma` will be renamed internally to `weight`. Please use a different name to suppress this warning.
A parameter name that contains `beta` will be renamed internally to `bias`. Please use a different name to suppress this warning.
A parameter name that contains `gamma` will be renamed internally to `weight`. Please use a different name to suppress this warning.
A parameter name that contains `beta` will be renamed internally to `bias`. Please use a different name to suppress this warning.
A parameter name that contains `gamma` will be renamed internally to `weight`. Please use a different name to suppress this warning.
A parameter name that contains `beta` will be renamed internally to `bias`. Please use a different name to suppress this warning.
A parameter name that contains `gamma` will be renamed internally to `weight`. Please use a different name to suppress this warning.
A parameter name that contains `beta` will be renamed internally to `bias`. Please use a different name to suppress this warning.
A parameter name that contains `gamma` will be renamed internally to `weight`. Please use a different name to suppress this warning.
A parameter name that contains `beta` will be renamed internally to `bias`. Please use a different name to suppress this warning.
A parameter name that contains `gamma` will be renamed internally to `weight`. Please use a different name to suppress this warning.
A parameter name that contains `beta` will be renamed internally to `bias`. Please use a different name to suppress this warning.
A parameter name that contains `gamma` will be renamed internally to `weight`. Please use a different name to suppress this warning.
A parameter name that contains `beta` will be renamed internally to `bias`. Please use a different name to suppress this warning.
A parameter name that contains `gamma` will be renamed internally to `weight`. Please use a different name to suppress this warning.
A parameter name that contains `beta` will be renamed internally to `bias`. Please use a different name to suppress this warning.
A parameter name that contains `gamma` will be renamed internally to `weight`. Please use a different name to suppress this warning.
A parameter name that contains `beta` will be renamed internally to `bias`. Please use a different name to suppress this warning.
A parameter name that contains `gamma` will be renamed internally to `weight`. Please use a different name to suppress this warning.
[device] cuda
[out]    /mnt/localssd/new_base_line/internship-causal-embedding/my_work/kl/results/followupqg
[data] 2511 train pairs  K=8
[data] 279 val pairs
[warm-start] from finetune_eval/results/followupqg/checkpoint_best.pt
  [warm-start] loaded 199 anchor tensors -> cause_enc, 199 positive tensors -> effect_enc (missing=0, unexpected=0)
[model] shared_encoder=False  kl_scale=dim  init_cos_weight=1.0  pooling=cls  mu_identity=True  log_sigma_init=3.0
[model] CDEv2  backbone=google-bert/bert-base-uncased  proj_dim=768  params=226,059,268

================================================================================
CDEv2 training  total=3000  phA=3000  phB_end=3000
batch=64  K=8  bf16=True  backbone_lr=2e-05  head_lr=0.0001
================================================================================
  step=   50/3000 [A]  loss=1.0092  info=1.0092  τ=0.0497  λcos=1.001  s+=0.545  s-=0.180  γ=0.0004
  step=  100/3000 [A]  loss=0.6454  info=0.6454  τ=0.0485  λcos=1.003  s+=0.499  s-=0.055  γ=0.0006
  step=  150/3000 [A]  loss=0.5204  info=0.5204  τ=0.0468  λcos=1.007  s+=0.433  s-=-0.057  γ=0.0015
  step=  200/3000 [A]  loss=0.1777  info=0.1777  τ=0.0453  λcos=1.011  s+=0.434  s-=-0.129  γ=0.0051
  [val step=200]  MRR=0.8611  R@1=0.803  R@5=0.943  R@10=0.971  med=1  * new best
  step=  250/3000 [A]  loss=0.1515  info=0.1515  τ=0.0444  λcos=1.014  s+=0.387  s-=-0.227  γ=0.0065
  step=  300/3000 [A]  loss=0.0876  info=0.0876  τ=0.0437  λcos=1.016  s+=0.369  s-=-0.239  γ=0.0098
  step=  350/3000 [A]  loss=0.2366  info=0.2366  τ=0.0431  λcos=1.019  s+=0.353  s-=-0.259  γ=0.0115
  step=  400/3000 [A]  loss=0.1093  info=0.1093  τ=0.0428  λcos=1.021  s+=0.349  s-=-0.304  γ=0.0124
  [val step=400]  MRR=0.8370  R@1=0.778  R@5=0.907  R@10=0.943  med=1  (patience 1/6)
  step=  450/3000 [A]  loss=0.1322  info=0.1322  τ=0.0427  λcos=1.023  s+=0.359  s-=-0.309  γ=0.0147
  step=  500/3000 [A]  loss=0.1319  info=0.1319  τ=0.0425  λcos=1.024  s+=0.341  s-=-0.343  γ=0.0165
  step=  550/3000 [A]  loss=0.1607  info=0.1607  τ=0.0425  λcos=1.026  s+=0.334  s-=-0.417  γ=0.0175
  step=  600/3000 [A]  loss=0.0809  info=0.0809  τ=0.0424  λcos=1.028  s+=0.281  s-=-0.393  γ=0.0203
  [val step=600]  MRR=0.8104  R@1=0.731  R@5=0.925  R@10=0.950  med=1  (patience 2/6)
  step=  650/3000 [A]  loss=0.1458  info=0.1458  τ=0.0430  λcos=1.030  s+=0.312  s-=-0.425  γ=0.0216
  step=  700/3000 [A]  loss=0.0767  info=0.0767  τ=0.0429  λcos=1.031  s+=0.330  s-=-0.379  γ=0.0235
  step=  750/3000 [A]  loss=0.1687  info=0.1687  τ=0.0428  λcos=1.033  s+=0.299  s-=-0.500  γ=0.0244
  step=  800/3000 [A]  loss=0.0571  info=0.0571  τ=0.0428  λcos=1.034  s+=0.290  s-=-0.512  γ=0.0257
  [val step=800]  MRR=0.7962  R@1=0.713  R@5=0.892  R@10=0.939  med=1  (patience 3/6)
  step=  850/3000 [A]  loss=0.1766  info=0.1766  τ=0.0429  λcos=1.035  s+=0.272  s-=-0.484  γ=0.0275
  step=  900/3000 [A]  loss=1.6232  info=1.6232  τ=0.0434  λcos=1.037  s+=0.202  s-=-0.550  γ=0.0279
  step=  950/3000 [A]  loss=0.1318  info=0.1318  τ=0.0438  λcos=1.038  s+=0.274  s-=-0.544  γ=0.0297
  step= 1000/3000 [A]  loss=0.0413  info=0.0413  τ=0.0444  λcos=1.040  s+=0.259  s-=-0.575  γ=0.0305
  [val step=1000]  MRR=0.8007  R@1=0.728  R@5=0.896  R@10=0.925  med=1  (patience 4/6)
  step= 1050/3000 [A]  loss=0.0838  info=0.0838  τ=0.0445  λcos=1.041  s+=0.266  s-=-0.628  γ=0.0313
  step= 1100/3000 [A]  loss=0.2409  info=0.2409  τ=0.0445  λcos=1.042  s+=0.235  s-=-0.641  γ=0.0322
  step= 1150/3000 [A]  loss=0.1055  info=0.1055  τ=0.0447  λcos=1.043  s+=0.265  s-=-0.655  γ=0.0333
  step= 1200/3000 [A]  loss=0.0369  info=0.0369  τ=0.0448  λcos=1.045  s+=0.283  s-=-0.567  γ=0.0342
  [val step=1200]  MRR=0.7985  R@1=0.720  R@5=0.889  R@10=0.921  med=1  (patience 5/6)
  step= 1250/3000 [A]  loss=0.3630  info=0.3630  τ=0.0453  λcos=1.045  s+=0.258  s-=-0.671  γ=0.0345
  step= 1300/3000 [A]  loss=0.0471  info=0.0471  τ=0.0455  λcos=1.046  s+=0.258  s-=-0.764  γ=0.0355
  step= 1350/3000 [A]  loss=0.1111  info=0.1111  τ=0.0456  λcos=1.047  s+=0.270  s-=-0.666  γ=0.0364
  step= 1400/3000 [A]  loss=0.1133  info=0.1133  τ=0.0456  λcos=1.048  s+=0.281  s-=-0.631  γ=0.0367
  [val step=1400]  MRR=0.7774  R@1=0.692  R@5=0.882  R@10=0.925  med=1  (patience 6/6)

[early stop] no MRR improvement for 6 checks.

================================================================================
[done]  best val MRR=0.8611
  best:   /mnt/localssd/new_base_line/internship-causal-embedding/my_work/kl/results/followupqg/cde_v2_run5c_best.pt
  latest: /mnt/localssd/new_base_line/internship-causal-embedding/my_work/kl/results/followupqg/cde_v2_run5c_latest.pt
[12:53:19] [followupqg] Step 3a: training CE v1 (MiniLM negs)
/mnt/localssd/new_base_line/internship-causal-embedding/.venv/lib/python3.11/site-packages/transformers/tokenization_utils_base.py:1601: FutureWarning: `clean_up_tokenization_spaces` was not set. It will be set to `True` by default. This behavior will be depracted in transformers v4.45, and will be then set to `False` by default. For more details check this issue: https://github.com/huggingface/transformers/issues/31884
  warnings.warn(
A parameter name that contains `beta` will be renamed internally to `bias`. Please use a different name to suppress this warning.
A parameter name that contains `gamma` will be renamed internally to `weight`. Please use a different name to suppress this warning.
A parameter name that contains `beta` will be renamed internally to `bias`. Please use a different name to suppress this warning.
A parameter name that contains `gamma` will be renamed internally to `weight`. Please use a different name to suppress this warning.
A parameter name that contains `beta` will be renamed internally to `bias`. Please use a different name to suppress this warning.
A parameter name that contains `gamma` will be renamed internally to `weight`. Please use a different name to suppress this warning.
A parameter name that contains `beta` will be renamed internally to `bias`. Please use a different name to suppress this warning.
A parameter name that contains `gamma` will be renamed internally to `weight`. Please use a different name to suppress this warning.
A parameter name that contains `beta` will be renamed internally to `bias`. Please use a different name to suppress this warning.
A parameter name that contains `gamma` will be renamed internally to `weight`. Please use a different name to suppress this warning.
A parameter name that contains `beta` will be renamed internally to `bias`. Please use a different name to suppress this warning.
A parameter name that contains `gamma` will be renamed internally to `weight`. Please use a different name to suppress this warning.
A parameter name that contains `beta` will be renamed internally to `bias`. Please use a different name to suppress this warning.
A parameter name that contains `gamma` will be renamed internally to `weight`. Please use a different name to suppress this warning.
A parameter name that contains `beta` will be renamed internally to `bias`. Please use a different name to suppress this warning.
A parameter name that contains `gamma` will be renamed internally to `weight`. Please use a different name to suppress this warning.
A parameter name that contains `beta` will be renamed internally to `bias`. Please use a different name to suppress this warning.
A parameter name that contains `gamma` will be renamed internally to `weight`. Please use a different name to suppress this warning.
A parameter name that contains `beta` will be renamed internally to `bias`. Please use a different name to suppress this warning.
A parameter name that contains `gamma` will be renamed internally to `weight`. Please use a different name to suppress this warning.
A parameter name that contains `beta` will be renamed internally to `bias`. Please use a different name to suppress this warning.
A parameter name that contains `gamma` will be renamed internally to `weight`. Please use a different name to suppress this warning.
A parameter name that contains `beta` will be renamed internally to `bias`. Please use a different name to suppress this warning.
A parameter name that contains `gamma` will be renamed internally to `weight`. Please use a different name to suppress this warning.
A parameter name that contains `beta` will be renamed internally to `bias`. Please use a different name to suppress this warning.
A parameter name that contains `gamma` will be renamed internally to `weight`. Please use a different name to suppress this warning.
A parameter name that contains `beta` will be renamed internally to `bias`. Please use a different name to suppress this warning.
A parameter name that contains `gamma` will be renamed internally to `weight`. Please use a different name to suppress this warning.
A parameter name that contains `beta` will be renamed internally to `bias`. Please use a different name to suppress this warning.
A parameter name that contains `gamma` will be renamed internally to `weight`. Please use a different name to suppress this warning.
A parameter name that contains `beta` will be renamed internally to `bias`. Please use a different name to suppress this warning.
A parameter name that contains `gamma` will be renamed internally to `weight`. Please use a different name to suppress this warning.
A parameter name that contains `beta` will be renamed internally to `bias`. Please use a different name to suppress this warning.
A parameter name that contains `gamma` will be renamed internally to `weight`. Please use a different name to suppress this warning.
A parameter name that contains `beta` will be renamed internally to `bias`. Please use a different name to suppress this warning.
A parameter name that contains `gamma` will be renamed internally to `weight`. Please use a different name to suppress this warning.
A parameter name that contains `beta` will be renamed internally to `bias`. Please use a different name to suppress this warning.
A parameter name that contains `gamma` will be renamed internally to `weight`. Please use a different name to suppress this warning.
A parameter name that contains `beta` will be renamed internally to `bias`. Please use a different name to suppress this warning.
A parameter name that contains `gamma` will be renamed internally to `weight`. Please use a different name to suppress this warning.
A parameter name that contains `beta` will be renamed internally to `bias`. Please use a different name to suppress this warning.
A parameter name that contains `gamma` will be renamed internally to `weight`. Please use a different name to suppress this warning.
A parameter name that contains `beta` will be renamed internally to `bias`. Please use a different name to suppress this warning.
A parameter name that contains `gamma` will be renamed internally to `weight`. Please use a different name to suppress this warning.
A parameter name that contains `beta` will be renamed internally to `bias`. Please use a different name to suppress this warning.
A parameter name that contains `gamma` will be renamed internally to `weight`. Please use a different name to suppress this warning.
A parameter name that contains `beta` will be renamed internally to `bias`. Please use a different name to suppress this warning.
A parameter name that contains `gamma` will be renamed internally to `weight`. Please use a different name to suppress this warning.
A parameter name that contains `beta` will be renamed internally to `bias`. Please use a different name to suppress this warning.
A parameter name that contains `gamma` will be renamed internally to `weight`. Please use a different name to suppress this warning.
A parameter name that contains `beta` will be renamed internally to `bias`. Please use a different name to suppress this warning.
A parameter name that contains `gamma` will be renamed internally to `weight`. Please use a different name to suppress this warning.
[data] train from finetune_eval/results/followupqg/train_pairs.jsonl
        2790 train pairs
        hard negatives (2790, 4)
[data] no mined val split for followupqg; holding out 5% of train as val
        train=2651  val=139
        flattened: train rows=13255  val rows=695
[model] backbone=google-bert/bert-base-uncased  params=109,483,009
[train] dataset=followupqg total_steps=416 warmup=24 batch_size=128 epochs=4 max_length=256  early_stop=(thresh 0.001, patience 2)
[epoch 1/4]  train_loss=0.4203  val_AUC=0.9694  val_P@1=0.9137  (20s)
  * new best val_AUC=0.9694, saved checkpoint_best.pt
  step=   200/416  loss=0.2610  lr=1.10e-05  epoch=2
[epoch 2/4]  train_loss=0.2991  val_AUC=0.9574  val_P@1=0.9209  (40s)
  no improvement (best=0.9694, bad_epochs=1/2)
[epoch 3/4]  train_loss=0.2450  val_AUC=0.9515  val_P@1=0.9209  (60s)
  no improvement (best=0.9694, bad_epochs=2/2)
[early stop] no val-AUC improvement for 2 epochs.

[done]  best val_AUC=0.9694  stopped_early=True
  best:   my_work/kl/cross_encoder/results/followupqg_rerank/checkpoint_best.pt
  latest: my_work/kl/cross_encoder/results/followupqg_rerank/checkpoint_latest.pt
[12:54:27] [followupqg] Step 3b: mining in-domain negatives from CDEv2
/mnt/localssd/new_base_line/internship-causal-embedding/.venv/lib/python3.11/site-packages/transformers/tokenization_utils_base.py:1601: FutureWarning: `clean_up_tokenization_spaces` was not set. It will be set to `True` by default. This behavior will be depracted in transformers v4.45, and will be then set to `False` by default. For more details check this issue: https://github.com/huggingface/transformers/issues/31884
  warnings.warn(
A parameter name that contains `beta` will be renamed internally to `bias`. Please use a different name to suppress this warning.
A parameter name that contains `gamma` will be renamed internally to `weight`. Please use a different name to suppress this warning.
A parameter name that contains `beta` will be renamed internally to `bias`. Please use a different name to suppress this warning.
A parameter name that contains `gamma` will be renamed internally to `weight`. Please use a different name to suppress this warning.
A parameter name that contains `beta` will be renamed internally to `bias`. Please use a different name to suppress this warning.
A parameter name that contains `gamma` will be renamed internally to `weight`. Please use a different name to suppress this warning.
A parameter name that contains `beta` will be renamed internally to `bias`. Please use a different name to suppress this warning.
A parameter name that contains `gamma` will be renamed internally to `weight`. Please use a different name to suppress this warning.
A parameter name that contains `beta` will be renamed internally to `bias`. Please use a different name to suppress this warning.
A parameter name that contains `gamma` will be renamed internally to `weight`. Please use a different name to suppress this warning.
A parameter name that contains `beta` will be renamed internally to `bias`. Please use a different name to suppress this warning.
A parameter name that contains `gamma` will be renamed internally to `weight`. Please use a different name to suppress this warning.
A parameter name that contains `beta` will be renamed internally to `bias`. Please use a different name to suppress this warning.
A parameter name that contains `gamma` will be renamed internally to `weight`. Please use a different name to suppress this warning.
A parameter name that contains `beta` will be renamed internally to `bias`. Please use a different name to suppress this warning.
A parameter name that contains `gamma` will be renamed internally to `weight`. Please use a different name to suppress this warning.
A parameter name that contains `beta` will be renamed internally to `bias`. Please use a different name to suppress this warning.
A parameter name that contains `gamma` will be renamed internally to `weight`. Please use a different name to suppress this warning.
A parameter name that contains `beta` will be renamed internally to `bias`. Please use a different name to suppress this warning.
A parameter name that contains `gamma` will be renamed internally to `weight`. Please use a different name to suppress this warning.
A parameter name that contains `beta` will be renamed internally to `bias`. Please use a different name to suppress this warning.
A parameter name that contains `gamma` will be renamed internally to `weight`. Please use a different name to suppress this warning.
A parameter name that contains `beta` will be renamed internally to `bias`. Please use a different name to suppress this warning.
A parameter name that contains `gamma` will be renamed internally to `weight`. Please use a different name to suppress this warning.
A parameter name that contains `beta` will be renamed internally to `bias`. Please use a different name to suppress this warning.
A parameter name that contains `gamma` will be renamed internally to `weight`. Please use a different name to suppress this warning.
A parameter name that contains `beta` will be renamed internally to `bias`. Please use a different name to suppress this warning.
A parameter name that contains `gamma` will be renamed internally to `weight`. Please use a different name to suppress this warning.
A parameter name that contains `beta` will be renamed internally to `bias`. Please use a different name to suppress this warning.
A parameter name that contains `gamma` will be renamed internally to `weight`. Please use a different name to suppress this warning.
A parameter name that contains `beta` will be renamed internally to `bias`. Please use a different name to suppress this warning.
A parameter name that contains `gamma` will be renamed internally to `weight`. Please use a different name to suppress this warning.
A parameter name that contains `beta` will be renamed internally to `bias`. Please use a different name to suppress this warning.
A parameter name that contains `gamma` will be renamed internally to `weight`. Please use a different name to suppress this warning.
A parameter name that contains `beta` will be renamed internally to `bias`. Please use a different name to suppress this warning.
A parameter name that contains `gamma` will be renamed internally to `weight`. Please use a different name to suppress this warning.
A parameter name that contains `beta` will be renamed internally to `bias`. Please use a different name to suppress this warning.
A parameter name that contains `gamma` will be renamed internally to `weight`. Please use a different name to suppress this warning.
A parameter name that contains `beta` will be renamed internally to `bias`. Please use a different name to suppress this warning.
A parameter name that contains `gamma` will be renamed internally to `weight`. Please use a different name to suppress this warning.
A parameter name that contains `beta` will be renamed internally to `bias`. Please use a different name to suppress this warning.
A parameter name that contains `gamma` will be renamed internally to `weight`. Please use a different name to suppress this warning.
A parameter name that contains `beta` will be renamed internally to `bias`. Please use a different name to suppress this warning.
A parameter name that contains `gamma` will be renamed internally to `weight`. Please use a different name to suppress this warning.
A parameter name that contains `beta` will be renamed internally to `bias`. Please use a different name to suppress this warning.
A parameter name that contains `gamma` will be renamed internally to `weight`. Please use a different name to suppress this warning.
A parameter name that contains `beta` will be renamed internally to `bias`. Please use a different name to suppress this warning.
A parameter name that contains `gamma` will be renamed internally to `weight`. Please use a different name to suppress this warning.
A parameter name that contains `beta` will be renamed internally to `bias`. Please use a different name to suppress this warning.
A parameter name that contains `gamma` will be renamed internally to `weight`. Please use a different name to suppress this warning.
A parameter name that contains `beta` will be renamed internally to `bias`. Please use a different name to suppress this warning.
A parameter name that contains `gamma` will be renamed internally to `weight`. Please use a different name to suppress this warning.
A parameter name that contains `beta` will be renamed internally to `bias`. Please use a different name to suppress this warning.
A parameter name that contains `gamma` will be renamed internally to `weight`. Please use a different name to suppress this warning.
A parameter name that contains `beta` will be renamed internally to `bias`. Please use a different name to suppress this warning.
A parameter name that contains `gamma` will be renamed internally to `weight`. Please use a different name to suppress this warning.
A parameter name that contains `beta` will be renamed internally to `bias`. Please use a different name to suppress this warning.
A parameter name that contains `gamma` will be renamed internally to `weight`. Please use a different name to suppress this warning.
A parameter name that contains `beta` will be renamed internally to `bias`. Please use a different name to suppress this warning.
A parameter name that contains `gamma` will be renamed internally to `weight`. Please use a different name to suppress this warning.
A parameter name that contains `beta` will be renamed internally to `bias`. Please use a different name to suppress this warning.
A parameter name that contains `gamma` will be renamed internally to `weight`. Please use a different name to suppress this warning.
A parameter name that contains `beta` will be renamed internally to `bias`. Please use a different name to suppress this warning.
A parameter name that contains `gamma` will be renamed internally to `weight`. Please use a different name to suppress this warning.
A parameter name that contains `beta` will be renamed internally to `bias`. Please use a different name to suppress this warning.
A parameter name that contains `gamma` will be renamed internally to `weight`. Please use a different name to suppress this warning.
A parameter name that contains `beta` will be renamed internally to `bias`. Please use a different name to suppress this warning.
A parameter name that contains `gamma` will be renamed internally to `weight`. Please use a different name to suppress this warning.
A parameter name that contains `beta` will be renamed internally to `bias`. Please use a different name to suppress this warning.
A parameter name that contains `gamma` will be renamed internally to `weight`. Please use a different name to suppress this warning.
A parameter name that contains `beta` will be renamed internally to `bias`. Please use a different name to suppress this warning.
A parameter name that contains `gamma` will be renamed internally to `weight`. Please use a different name to suppress this warning.
A parameter name that contains `beta` will be renamed internally to `bias`. Please use a different name to suppress this warning.
A parameter name that contains `gamma` will be renamed internally to `weight`. Please use a different name to suppress this warning.
A parameter name that contains `beta` will be renamed internally to `bias`. Please use a different name to suppress this warning.
A parameter name that contains `gamma` will be renamed internally to `weight`. Please use a different name to suppress this warning.
A parameter name that contains `beta` will be renamed internally to `bias`. Please use a different name to suppress this warning.
A parameter name that contains `gamma` will be renamed internally to `weight`. Please use a different name to suppress this warning.
A parameter name that contains `beta` will be renamed internally to `bias`. Please use a different name to suppress this warning.
A parameter name that contains `gamma` will be renamed internally to `weight`. Please use a different name to suppress this warning.
A parameter name that contains `beta` will be renamed internally to `bias`. Please use a different name to suppress this warning.
A parameter name that contains `gamma` will be renamed internally to `weight`. Please use a different name to suppress this warning.
A parameter name that contains `beta` will be renamed internally to `bias`. Please use a different name to suppress this warning.
A parameter name that contains `gamma` will be renamed internally to `weight`. Please use a different name to suppress this warning.
A parameter name that contains `beta` will be renamed internally to `bias`. Please use a different name to suppress this warning.
A parameter name that contains `gamma` will be renamed internally to `weight`. Please use a different name to suppress this warning.
A parameter name that contains `beta` will be renamed internally to `bias`. Please use a different name to suppress this warning.
A parameter name that contains `gamma` will be renamed internally to `weight`. Please use a different name to suppress this warning.
A parameter name that contains `beta` will be renamed internally to `bias`. Please use a different name to suppress this warning.
A parameter name that contains `gamma` will be renamed internally to `weight`. Please use a different name to suppress this warning.
A parameter name that contains `beta` will be renamed internally to `bias`. Please use a different name to suppress this warning.
A parameter name that contains `gamma` will be renamed internally to `weight`. Please use a different name to suppress this warning.
A parameter name that contains `beta` will be renamed internally to `bias`. Please use a different name to suppress this warning.
A parameter name that contains `gamma` will be renamed internally to `weight`. Please use a different name to suppress this warning.
A parameter name that contains `beta` will be renamed internally to `bias`. Please use a different name to suppress this warning.
A parameter name that contains `gamma` will be renamed internally to `weight`. Please use a different name to suppress this warning.
A parameter name that contains `beta` will be renamed internally to `bias`. Please use a different name to suppress this warning.
A parameter name that contains `gamma` will be renamed internally to `weight`. Please use a different name to suppress this warning.
A parameter name that contains `beta` will be renamed internally to `bias`. Please use a different name to suppress this warning.
A parameter name that contains `gamma` will be renamed internally to `weight`. Please use a different name to suppress this warning.
A parameter name that contains `beta` will be renamed internally to `bias`. Please use a different name to suppress this warning.
A parameter name that contains `gamma` will be renamed internally to `weight`. Please use a different name to suppress this warning.
A parameter name that contains `beta` will be renamed internally to `bias`. Please use a different name to suppress this warning.
A parameter name that contains `gamma` will be renamed internally to `weight`. Please use a different name to suppress this warning.
[load] /mnt/localssd/new_base_line/internship-causal-embedding/my_work/kl/results/followupqg/cde_v2_run5c_best.pt
  backbone=google-bert/bert-base-uncased  proj_dim=768  device=cuda

[train] encoding 2511 anchors …
  anchors encoded in 7.7s
[train] encoding 2511 positives …
  positives encoded in 7.0s
[train] retrieving top-4 hard negatives (chunk=512) …
  retrieval done in 0.1s
  saved /mnt/localssd/new_base_line/internship-causal-embedding/my_work/kl/cross_encoder/data_indomain/followupqg/hard_negatives.npy  shape=(2511, 4)

[val] encoding 279 anchors …
  anchors encoded in 0.8s
[val] encoding 279 positives …
  positives encoded in 0.8s
[val] retrieving top-4 hard negatives (chunk=512) …
  retrieval done in 0.0s
  saved /mnt/localssd/new_base_line/internship-causal-embedding/my_work/kl/cross_encoder/data_indomain/followupqg/val_hard_negatives.npy  shape=(279, 4)

[done] in-domain negatives written to /mnt/localssd/new_base_line/internship-causal-embedding/my_work/kl/cross_encoder/data_indomain/followupqg
[12:54:52] [followupqg] Step 3c: training CE v2 (in-domain negs)
/mnt/localssd/new_base_line/internship-causal-embedding/.venv/lib/python3.11/site-packages/transformers/tokenization_utils_base.py:1601: FutureWarning: `clean_up_tokenization_spaces` was not set. It will be set to `True` by default. This behavior will be depracted in transformers v4.45, and will be then set to `False` by default. For more details check this issue: https://github.com/huggingface/transformers/issues/31884
  warnings.warn(
A parameter name that contains `beta` will be renamed internally to `bias`. Please use a different name to suppress this warning.
A parameter name that contains `gamma` will be renamed internally to `weight`. Please use a different name to suppress this warning.
A parameter name that contains `beta` will be renamed internally to `bias`. Please use a different name to suppress this warning.
A parameter name that contains `gamma` will be renamed internally to `weight`. Please use a different name to suppress this warning.
A parameter name that contains `beta` will be renamed internally to `bias`. Please use a different name to suppress this warning.
A parameter name that contains `gamma` will be renamed internally to `weight`. Please use a different name to suppress this warning.
A parameter name that contains `beta` will be renamed internally to `bias`. Please use a different name to suppress this warning.
A parameter name that contains `gamma` will be renamed internally to `weight`. Please use a different name to suppress this warning.
A parameter name that contains `beta` will be renamed internally to `bias`. Please use a different name to suppress this warning.
A parameter name that contains `gamma` will be renamed internally to `weight`. Please use a different name to suppress this warning.
A parameter name that contains `beta` will be renamed internally to `bias`. Please use a different name to suppress this warning.
A parameter name that contains `gamma` will be renamed internally to `weight`. Please use a different name to suppress this warning.
A parameter name that contains `beta` will be renamed internally to `bias`. Please use a different name to suppress this warning.
A parameter name that contains `gamma` will be renamed internally to `weight`. Please use a different name to suppress this warning.
A parameter name that contains `beta` will be renamed internally to `bias`. Please use a different name to suppress this warning.
A parameter name that contains `gamma` will be renamed internally to `weight`. Please use a different name to suppress this warning.
A parameter name that contains `beta` will be renamed internally to `bias`. Please use a different name to suppress this warning.
A parameter name that contains `gamma` will be renamed internally to `weight`. Please use a different name to suppress this warning.
A parameter name that contains `beta` will be renamed internally to `bias`. Please use a different name to suppress this warning.
A parameter name that contains `gamma` will be renamed internally to `weight`. Please use a different name to suppress this warning.
A parameter name that contains `beta` will be renamed internally to `bias`. Please use a different name to suppress this warning.
A parameter name that contains `gamma` will be renamed internally to `weight`. Please use a different name to suppress this warning.
A parameter name that contains `beta` will be renamed internally to `bias`. Please use a different name to suppress this warning.
A parameter name that contains `gamma` will be renamed internally to `weight`. Please use a different name to suppress this warning.
A parameter name that contains `beta` will be renamed internally to `bias`. Please use a different name to suppress this warning.
A parameter name that contains `gamma` will be renamed internally to `weight`. Please use a different name to suppress this warning.
A parameter name that contains `beta` will be renamed internally to `bias`. Please use a different name to suppress this warning.
A parameter name that contains `gamma` will be renamed internally to `weight`. Please use a different name to suppress this warning.
A parameter name that contains `beta` will be renamed internally to `bias`. Please use a different name to suppress this warning.
A parameter name that contains `gamma` will be renamed internally to `weight`. Please use a different name to suppress this warning.
A parameter name that contains `beta` will be renamed internally to `bias`. Please use a different name to suppress this warning.
A parameter name that contains `gamma` will be renamed internally to `weight`. Please use a different name to suppress this warning.
A parameter name that contains `beta` will be renamed internally to `bias`. Please use a different name to suppress this warning.
A parameter name that contains `gamma` will be renamed internally to `weight`. Please use a different name to suppress this warning.
A parameter name that contains `beta` will be renamed internally to `bias`. Please use a different name to suppress this warning.
A parameter name that contains `gamma` will be renamed internally to `weight`. Please use a different name to suppress this warning.
A parameter name that contains `beta` will be renamed internally to `bias`. Please use a different name to suppress this warning.
A parameter name that contains `gamma` will be renamed internally to `weight`. Please use a different name to suppress this warning.
A parameter name that contains `beta` will be renamed internally to `bias`. Please use a different name to suppress this warning.
A parameter name that contains `gamma` will be renamed internally to `weight`. Please use a different name to suppress this warning.
A parameter name that contains `beta` will be renamed internally to `bias`. Please use a different name to suppress this warning.
A parameter name that contains `gamma` will be renamed internally to `weight`. Please use a different name to suppress this warning.
A parameter name that contains `beta` will be renamed internally to `bias`. Please use a different name to suppress this warning.
A parameter name that contains `gamma` will be renamed internally to `weight`. Please use a different name to suppress this warning.
A parameter name that contains `beta` will be renamed internally to `bias`. Please use a different name to suppress this warning.
A parameter name that contains `gamma` will be renamed internally to `weight`. Please use a different name to suppress this warning.
A parameter name that contains `beta` will be renamed internally to `bias`. Please use a different name to suppress this warning.
A parameter name that contains `gamma` will be renamed internally to `weight`. Please use a different name to suppress this warning.
A parameter name that contains `beta` will be renamed internally to `bias`. Please use a different name to suppress this warning.
A parameter name that contains `gamma` will be renamed internally to `weight`. Please use a different name to suppress this warning.
A parameter name that contains `beta` will be renamed internally to `bias`. Please use a different name to suppress this warning.
A parameter name that contains `gamma` will be renamed internally to `weight`. Please use a different name to suppress this warning.
[data] train from my_work/kl/cross_encoder/data_indomain/followupqg/train_pairs.jsonl
        2511 train pairs
        hard negatives (2511, 4)
[data] val from   my_work/kl/cross_encoder/data_indomain/followupqg/val_pairs.jsonl    279 pairs
        flattened: train rows=12555  val rows=1395
[model] backbone=google-bert/bert-base-uncased  params=109,483,009
[train] dataset=followupqg total_steps=594 warmup=35 batch_size=128 epochs=6 max_length=256  early_stop=(thresh 0.001, patience 2)
[epoch 1/6]  train_loss=0.4439  val_AUC=0.8890  val_P@1=0.7599  (19s)
  * new best val_AUC=0.8890, saved checkpoint_best.pt
[epoch 2/6]  train_loss=0.3247  val_AUC=0.9033  val_P@1=0.7849  (38s)
  * new best val_AUC=0.9033, saved checkpoint_best.pt
  step=   200/594  loss=0.2515  lr=1.41e-05  epoch=3
[epoch 3/6]  train_loss=0.2647  val_AUC=0.8870  val_P@1=0.7742  (58s)
  no improvement (best=0.9033, bad_epochs=1/2)
[epoch 4/6]  train_loss=0.2220  val_AUC=0.8878  val_P@1=0.7742  (78s)
  no improvement (best=0.9033, bad_epochs=2/2)
[early stop] no val-AUC improvement for 2 epochs.

[done]  best val_AUC=0.9033  stopped_early=True
  best:   my_work/kl/cross_encoder/results/followupqg_rerank_v2/checkpoint_best.pt
  latest: my_work/kl/cross_encoder/results/followupqg_rerank_v2/checkpoint_latest.pt
[12:56:17] [followupqg] Step 4a: rerank eval on VAL (CE v1 + v2 ensemble)
/mnt/localssd/new_base_line/internship-causal-embedding/.venv/lib/python3.11/site-packages/transformers/tokenization_utils_base.py:1601: FutureWarning: `clean_up_tokenization_spaces` was not set. It will be set to `True` by default. This behavior will be depracted in transformers v4.45, and will be then set to `False` by default. For more details check this issue: https://github.com/huggingface/transformers/issues/31884
  warnings.warn(
A parameter name that contains `beta` will be renamed internally to `bias`. Please use a different name to suppress this warning.
A parameter name that contains `gamma` will be renamed internally to `weight`. Please use a different name to suppress this warning.
A parameter name that contains `beta` will be renamed internally to `bias`. Please use a different name to suppress this warning.
A parameter name that contains `gamma` will be renamed internally to `weight`. Please use a different name to suppress this warning.
A parameter name that contains `beta` will be renamed internally to `bias`. Please use a different name to suppress this warning.
A parameter name that contains `gamma` will be renamed internally to `weight`. Please use a different name to suppress this warning.
A parameter name that contains `beta` will be renamed internally to `bias`. Please use a different name to suppress this warning.
A parameter name that contains `gamma` will be renamed internally to `weight`. Please use a different name to suppress this warning.
A parameter name that contains `beta` will be renamed internally to `bias`. Please use a different name to suppress this warning.
A parameter name that contains `gamma` will be renamed internally to `weight`. Please use a different name to suppress this warning.
A parameter name that contains `beta` will be renamed internally to `bias`. Please use a different name to suppress this warning.
A parameter name that contains `gamma` will be renamed internally to `weight`. Please use a different name to suppress this warning.
A parameter name that contains `beta` will be renamed internally to `bias`. Please use a different name to suppress this warning.
A parameter name that contains `gamma` will be renamed internally to `weight`. Please use a different name to suppress this warning.
A parameter name that contains `beta` will be renamed internally to `bias`. Please use a different name to suppress this warning.
A parameter name that contains `gamma` will be renamed internally to `weight`. Please use a different name to suppress this warning.
A parameter name that contains `beta` will be renamed internally to `bias`. Please use a different name to suppress this warning.
A parameter name that contains `gamma` will be renamed internally to `weight`. Please use a different name to suppress this warning.
A parameter name that contains `beta` will be renamed internally to `bias`. Please use a different name to suppress this warning.
A parameter name that contains `gamma` will be renamed internally to `weight`. Please use a different name to suppress this warning.
A parameter name that contains `beta` will be renamed internally to `bias`. Please use a different name to suppress this warning.
A parameter name that contains `gamma` will be renamed internally to `weight`. Please use a different name to suppress this warning.
A parameter name that contains `beta` will be renamed internally to `bias`. Please use a different name to suppress this warning.
A parameter name that contains `gamma` will be renamed internally to `weight`. Please use a different name to suppress this warning.
A parameter name that contains `beta` will be renamed internally to `bias`. Please use a different name to suppress this warning.
A parameter name that contains `gamma` will be renamed internally to `weight`. Please use a different name to suppress this warning.
A parameter name that contains `beta` will be renamed internally to `bias`. Please use a different name to suppress this warning.
A parameter name that contains `gamma` will be renamed internally to `weight`. Please use a different name to suppress this warning.
A parameter name that contains `beta` will be renamed internally to `bias`. Please use a different name to suppress this warning.
A parameter name that contains `gamma` will be renamed internally to `weight`. Please use a different name to suppress this warning.
A parameter name that contains `beta` will be renamed internally to `bias`. Please use a different name to suppress this warning.
A parameter name that contains `gamma` will be renamed internally to `weight`. Please use a different name to suppress this warning.
A parameter name that contains `beta` will be renamed internally to `bias`. Please use a different name to suppress this warning.
A parameter name that contains `gamma` will be renamed internally to `weight`. Please use a different name to suppress this warning.
A parameter name that contains `beta` will be renamed internally to `bias`. Please use a different name to suppress this warning.
A parameter name that contains `gamma` will be renamed internally to `weight`. Please use a different name to suppress this warning.
A parameter name that contains `beta` will be renamed internally to `bias`. Please use a different name to suppress this warning.
A parameter name that contains `gamma` will be renamed internally to `weight`. Please use a different name to suppress this warning.
A parameter name that contains `beta` will be renamed internally to `bias`. Please use a different name to suppress this warning.
A parameter name that contains `gamma` will be renamed internally to `weight`. Please use a different name to suppress this warning.
A parameter name that contains `beta` will be renamed internally to `bias`. Please use a different name to suppress this warning.
A parameter name that contains `gamma` will be renamed internally to `weight`. Please use a different name to suppress this warning.
A parameter name that contains `beta` will be renamed internally to `bias`. Please use a different name to suppress this warning.
A parameter name that contains `gamma` will be renamed internally to `weight`. Please use a different name to suppress this warning.
A parameter name that contains `beta` will be renamed internally to `bias`. Please use a different name to suppress this warning.
A parameter name that contains `gamma` will be renamed internally to `weight`. Please use a different name to suppress this warning.
A parameter name that contains `beta` will be renamed internally to `bias`. Please use a different name to suppress this warning.
A parameter name that contains `gamma` will be renamed internally to `weight`. Please use a different name to suppress this warning.
A parameter name that contains `beta` will be renamed internally to `bias`. Please use a different name to suppress this warning.
A parameter name that contains `gamma` will be renamed internally to `weight`. Please use a different name to suppress this warning.
A parameter name that contains `beta` will be renamed internally to `bias`. Please use a different name to suppress this warning.
A parameter name that contains `gamma` will be renamed internally to `weight`. Please use a different name to suppress this warning.
A parameter name that contains `beta` will be renamed internally to `bias`. Please use a different name to suppress this warning.
A parameter name that contains `gamma` will be renamed internally to `weight`. Please use a different name to suppress this warning.
A parameter name that contains `beta` will be renamed internally to `bias`. Please use a different name to suppress this warning.
A parameter name that contains `gamma` will be renamed internally to `weight`. Please use a different name to suppress this warning.
A parameter name that contains `beta` will be renamed internally to `bias`. Please use a different name to suppress this warning.
A parameter name that contains `gamma` will be renamed internally to `weight`. Please use a different name to suppress this warning.
A parameter name that contains `beta` will be renamed internally to `bias`. Please use a different name to suppress this warning.
A parameter name that contains `gamma` will be renamed internally to `weight`. Please use a different name to suppress this warning.
A parameter name that contains `beta` will be renamed internally to `bias`. Please use a different name to suppress this warning.
A parameter name that contains `gamma` will be renamed internally to `weight`. Please use a different name to suppress this warning.
A parameter name that contains `beta` will be renamed internally to `bias`. Please use a different name to suppress this warning.
A parameter name that contains `gamma` will be renamed internally to `weight`. Please use a different name to suppress this warning.
A parameter name that contains `beta` will be renamed internally to `bias`. Please use a different name to suppress this warning.
A parameter name that contains `gamma` will be renamed internally to `weight`. Please use a different name to suppress this warning.
A parameter name that contains `beta` will be renamed internally to `bias`. Please use a different name to suppress this warning.
A parameter name that contains `gamma` will be renamed internally to `weight`. Please use a different name to suppress this warning.
A parameter name that contains `beta` will be renamed internally to `bias`. Please use a different name to suppress this warning.
A parameter name that contains `gamma` will be renamed internally to `weight`. Please use a different name to suppress this warning.
A parameter name that contains `beta` will be renamed internally to `bias`. Please use a different name to suppress this warning.
A parameter name that contains `gamma` will be renamed internally to `weight`. Please use a different name to suppress this warning.
A parameter name that contains `beta` will be renamed internally to `bias`. Please use a different name to suppress this warning.
A parameter name that contains `gamma` will be renamed internally to `weight`. Please use a different name to suppress this warning.
A parameter name that contains `beta` will be renamed internally to `bias`. Please use a different name to suppress this warning.
A parameter name that contains `gamma` will be renamed internally to `weight`. Please use a different name to suppress this warning.
A parameter name that contains `beta` will be renamed internally to `bias`. Please use a different name to suppress this warning.
A parameter name that contains `gamma` will be renamed internally to `weight`. Please use a different name to suppress this warning.
A parameter name that contains `beta` will be renamed internally to `bias`. Please use a different name to suppress this warning.
A parameter name that contains `gamma` will be renamed internally to `weight`. Please use a different name to suppress this warning.
A parameter name that contains `beta` will be renamed internally to `bias`. Please use a different name to suppress this warning.
A parameter name that contains `gamma` will be renamed internally to `weight`. Please use a different name to suppress this warning.
A parameter name that contains `beta` will be renamed internally to `bias`. Please use a different name to suppress this warning.
A parameter name that contains `gamma` will be renamed internally to `weight`. Please use a different name to suppress this warning.
A parameter name that contains `beta` will be renamed internally to `bias`. Please use a different name to suppress this warning.
A parameter name that contains `gamma` will be renamed internally to `weight`. Please use a different name to suppress this warning.
A parameter name that contains `beta` will be renamed internally to `bias`. Please use a different name to suppress this warning.
A parameter name that contains `gamma` will be renamed internally to `weight`. Please use a different name to suppress this warning.
A parameter name that contains `beta` will be renamed internally to `bias`. Please use a different name to suppress this warning.
A parameter name that contains `gamma` will be renamed internally to `weight`. Please use a different name to suppress this warning.
A parameter name that contains `beta` will be renamed internally to `bias`. Please use a different name to suppress this warning.
A parameter name that contains `gamma` will be renamed internally to `weight`. Please use a different name to suppress this warning.
A parameter name that contains `beta` will be renamed internally to `bias`. Please use a different name to suppress this warning.
A parameter name that contains `gamma` will be renamed internally to `weight`. Please use a different name to suppress this warning.
A parameter name that contains `beta` will be renamed internally to `bias`. Please use a different name to suppress this warning.
A parameter name that contains `gamma` will be renamed internally to `weight`. Please use a different name to suppress this warning.
A parameter name that contains `beta` will be renamed internally to `bias`. Please use a different name to suppress this warning.
A parameter name that contains `gamma` will be renamed internally to `weight`. Please use a different name to suppress this warning.
A parameter name that contains `beta` will be renamed internally to `bias`. Please use a different name to suppress this warning.
A parameter name that contains `gamma` will be renamed internally to `weight`. Please use a different name to suppress this warning.
A parameter name that contains `beta` will be renamed internally to `bias`. Please use a different name to suppress this warning.
A parameter name that contains `gamma` will be renamed internally to `weight`. Please use a different name to suppress this warning.
A parameter name that contains `beta` will be renamed internally to `bias`. Please use a different name to suppress this warning.
A parameter name that contains `gamma` will be renamed internally to `weight`. Please use a different name to suppress this warning.
/mnt/localssd/new_base_line/internship-causal-embedding/.venv/lib/python3.11/site-packages/transformers/tokenization_utils_base.py:1601: FutureWarning: `clean_up_tokenization_spaces` was not set. It will be set to `True` by default. This behavior will be depracted in transformers v4.45, and will be then set to `False` by default. For more details check this issue: https://github.com/huggingface/transformers/issues/31884
  warnings.warn(
A parameter name that contains `beta` will be renamed internally to `bias`. Please use a different name to suppress this warning.
A parameter name that contains `gamma` will be renamed internally to `weight`. Please use a different name to suppress this warning.
A parameter name that contains `beta` will be renamed internally to `bias`. Please use a different name to suppress this warning.
A parameter name that contains `gamma` will be renamed internally to `weight`. Please use a different name to suppress this warning.
A parameter name that contains `beta` will be renamed internally to `bias`. Please use a different name to suppress this warning.
A parameter name that contains `gamma` will be renamed internally to `weight`. Please use a different name to suppress this warning.
A parameter name that contains `beta` will be renamed internally to `bias`. Please use a different name to suppress this warning.
A parameter name that contains `gamma` will be renamed internally to `weight`. Please use a different name to suppress this warning.
A parameter name that contains `beta` will be renamed internally to `bias`. Please use a different name to suppress this warning.
A parameter name that contains `gamma` will be renamed internally to `weight`. Please use a different name to suppress this warning.
A parameter name that contains `beta` will be renamed internally to `bias`. Please use a different name to suppress this warning.
A parameter name that contains `gamma` will be renamed internally to `weight`. Please use a different name to suppress this warning.
A parameter name that contains `beta` will be renamed internally to `bias`. Please use a different name to suppress this warning.
A parameter name that contains `gamma` will be renamed internally to `weight`. Please use a different name to suppress this warning.
A parameter name that contains `beta` will be renamed internally to `bias`. Please use a different name to suppress this warning.
A parameter name that contains `gamma` will be renamed internally to `weight`. Please use a different name to suppress this warning.
A parameter name that contains `beta` will be renamed internally to `bias`. Please use a different name to suppress this warning.
A parameter name that contains `gamma` will be renamed internally to `weight`. Please use a different name to suppress this warning.
A parameter name that contains `beta` will be renamed internally to `bias`. Please use a different name to suppress this warning.
A parameter name that contains `gamma` will be renamed internally to `weight`. Please use a different name to suppress this warning.
A parameter name that contains `beta` will be renamed internally to `bias`. Please use a different name to suppress this warning.
A parameter name that contains `gamma` will be renamed internally to `weight`. Please use a different name to suppress this warning.
A parameter name that contains `beta` will be renamed internally to `bias`. Please use a different name to suppress this warning.
A parameter name that contains `gamma` will be renamed internally to `weight`. Please use a different name to suppress this warning.
A parameter name that contains `beta` will be renamed internally to `bias`. Please use a different name to suppress this warning.
A parameter name that contains `gamma` will be renamed internally to `weight`. Please use a different name to suppress this warning.
A parameter name that contains `beta` will be renamed internally to `bias`. Please use a different name to suppress this warning.
A parameter name that contains `gamma` will be renamed internally to `weight`. Please use a different name to suppress this warning.
A parameter name that contains `beta` will be renamed internally to `bias`. Please use a different name to suppress this warning.
A parameter name that contains `gamma` will be renamed internally to `weight`. Please use a different name to suppress this warning.
A parameter name that contains `beta` will be renamed internally to `bias`. Please use a different name to suppress this warning.
A parameter name that contains `gamma` will be renamed internally to `weight`. Please use a different name to suppress this warning.
A parameter name that contains `beta` will be renamed internally to `bias`. Please use a different name to suppress this warning.
A parameter name that contains `gamma` will be renamed internally to `weight`. Please use a different name to suppress this warning.
A parameter name that contains `beta` will be renamed internally to `bias`. Please use a different name to suppress this warning.
A parameter name that contains `gamma` will be renamed internally to `weight`. Please use a different name to suppress this warning.
A parameter name that contains `beta` will be renamed internally to `bias`. Please use a different name to suppress this warning.
A parameter name that contains `gamma` will be renamed internally to `weight`. Please use a different name to suppress this warning.
A parameter name that contains `beta` will be renamed internally to `bias`. Please use a different name to suppress this warning.
A parameter name that contains `gamma` will be renamed internally to `weight`. Please use a different name to suppress this warning.
A parameter name that contains `beta` will be renamed internally to `bias`. Please use a different name to suppress this warning.
A parameter name that contains `gamma` will be renamed internally to `weight`. Please use a different name to suppress this warning.
A parameter name that contains `beta` will be renamed internally to `bias`. Please use a different name to suppress this warning.
A parameter name that contains `gamma` will be renamed internally to `weight`. Please use a different name to suppress this warning.
A parameter name that contains `beta` will be renamed internally to `bias`. Please use a different name to suppress this warning.
A parameter name that contains `gamma` will be renamed internally to `weight`. Please use a different name to suppress this warning.
A parameter name that contains `beta` will be renamed internally to `bias`. Please use a different name to suppress this warning.
A parameter name that contains `gamma` will be renamed internally to `weight`. Please use a different name to suppress this warning.
A parameter name that contains `beta` will be renamed internally to `bias`. Please use a different name to suppress this warning.
A parameter name that contains `gamma` will be renamed internally to `weight`. Please use a different name to suppress this warning.
A parameter name that contains `beta` will be renamed internally to `bias`. Please use a different name to suppress this warning.
A parameter name that contains `gamma` will be renamed internally to `weight`. Please use a different name to suppress this warning.
A parameter name that contains `beta` will be renamed internally to `bias`. Please use a different name to suppress this warning.
A parameter name that contains `gamma` will be renamed internally to `weight`. Please use a different name to suppress this warning.
A parameter name that contains `beta` will be renamed internally to `bias`. Please use a different name to suppress this warning.
A parameter name that contains `gamma` will be renamed internally to `weight`. Please use a different name to suppress this warning.
A parameter name that contains `beta` will be renamed internally to `bias`. Please use a different name to suppress this warning.
A parameter name that contains `gamma` will be renamed internally to `weight`. Please use a different name to suppress this warning.
A parameter name that contains `beta` will be renamed internally to `bias`. Please use a different name to suppress this warning.
A parameter name that contains `gamma` will be renamed internally to `weight`. Please use a different name to suppress this warning.
A parameter name that contains `beta` will be renamed internally to `bias`. Please use a different name to suppress this warning.
A parameter name that contains `gamma` will be renamed internally to `weight`. Please use a different name to suppress this warning.
A parameter name that contains `beta` will be renamed internally to `bias`. Please use a different name to suppress this warning.
A parameter name that contains `gamma` will be renamed internally to `weight`. Please use a different name to suppress this warning.
A parameter name that contains `beta` will be renamed internally to `bias`. Please use a different name to suppress this warning.
A parameter name that contains `gamma` will be renamed internally to `weight`. Please use a different name to suppress this warning.
A parameter name that contains `beta` will be renamed internally to `bias`. Please use a different name to suppress this warning.
A parameter name that contains `gamma` will be renamed internally to `weight`. Please use a different name to suppress this warning.
A parameter name that contains `beta` will be renamed internally to `bias`. Please use a different name to suppress this warning.
A parameter name that contains `gamma` will be renamed internally to `weight`. Please use a different name to suppress this warning.
A parameter name that contains `beta` will be renamed internally to `bias`. Please use a different name to suppress this warning.
A parameter name that contains `gamma` will be renamed internally to `weight`. Please use a different name to suppress this warning.
A parameter name that contains `beta` will be renamed internally to `bias`. Please use a different name to suppress this warning.
A parameter name that contains `gamma` will be renamed internally to `weight`. Please use a different name to suppress this warning.
A parameter name that contains `beta` will be renamed internally to `bias`. Please use a different name to suppress this warning.
A parameter name that contains `gamma` will be renamed internally to `weight`. Please use a different name to suppress this warning.
A parameter name that contains `beta` will be renamed internally to `bias`. Please use a different name to suppress this warning.
A parameter name that contains `gamma` will be renamed internally to `weight`. Please use a different name to suppress this warning.
A parameter name that contains `beta` will be renamed internally to `bias`. Please use a different name to suppress this warning.
A parameter name that contains `gamma` will be renamed internally to `weight`. Please use a different name to suppress this warning.
A parameter name that contains `beta` will be renamed internally to `bias`. Please use a different name to suppress this warning.
A parameter name that contains `gamma` will be renamed internally to `weight`. Please use a different name to suppress this warning.
A parameter name that contains `beta` will be renamed internally to `bias`. Please use a different name to suppress this warning.
A parameter name that contains `gamma` will be renamed internally to `weight`. Please use a different name to suppress this warning.
A parameter name that contains `beta` will be renamed internally to `bias`. Please use a different name to suppress this warning.
A parameter name that contains `gamma` will be renamed internally to `weight`. Please use a different name to suppress this warning.
A parameter name that contains `beta` will be renamed internally to `bias`. Please use a different name to suppress this warning.
A parameter name that contains `gamma` will be renamed internally to `weight`. Please use a different name to suppress this warning.
A parameter name that contains `beta` will be renamed internally to `bias`. Please use a different name to suppress this warning.
A parameter name that contains `gamma` will be renamed internally to `weight`. Please use a different name to suppress this warning.
A parameter name that contains `beta` will be renamed internally to `bias`. Please use a different name to suppress this warning.
A parameter name that contains `gamma` will be renamed internally to `weight`. Please use a different name to suppress this warning.
A parameter name that contains `beta` will be renamed internally to `bias`. Please use a different name to suppress this warning.
A parameter name that contains `gamma` will be renamed internally to `weight`. Please use a different name to suppress this warning.
A parameter name that contains `beta` will be renamed internally to `bias`. Please use a different name to suppress this warning.
A parameter name that contains `gamma` will be renamed internally to `weight`. Please use a different name to suppress this warning.
A parameter name that contains `beta` will be renamed internally to `bias`. Please use a different name to suppress this warning.
A parameter name that contains `gamma` will be renamed internally to `weight`. Please use a different name to suppress this warning.
A parameter name that contains `beta` will be renamed internally to `bias`. Please use a different name to suppress this warning.
A parameter name that contains `gamma` will be renamed internally to `weight`. Please use a different name to suppress this warning.
A parameter name that contains `beta` will be renamed internally to `bias`. Please use a different name to suppress this warning.
A parameter name that contains `gamma` will be renamed internally to `weight`. Please use a different name to suppress this warning.
A parameter name that contains `beta` will be renamed internally to `bias`. Please use a different name to suppress this warning.
A parameter name that contains `gamma` will be renamed internally to `weight`. Please use a different name to suppress this warning.
A parameter name that contains `beta` will be renamed internally to `bias`. Please use a different name to suppress this warning.
A parameter name that contains `gamma` will be renamed internally to `weight`. Please use a different name to suppress this warning.
A parameter name that contains `beta` will be renamed internally to `bias`. Please use a different name to suppress this warning.
A parameter name that contains `gamma` will be renamed internally to `weight`. Please use a different name to suppress this warning.
A parameter name that contains `beta` will be renamed internally to `bias`. Please use a different name to suppress this warning.
A parameter name that contains `gamma` will be renamed internally to `weight`. Please use a different name to suppress this warning.
A parameter name that contains `beta` will be renamed internally to `bias`. Please use a different name to suppress this warning.
A parameter name that contains `gamma` will be renamed internally to `weight`. Please use a different name to suppress this warning.
A parameter name that contains `beta` will be renamed internally to `bias`. Please use a different name to suppress this warning.
A parameter name that contains `gamma` will be renamed internally to `weight`. Please use a different name to suppress this warning.
A parameter name that contains `beta` will be renamed internally to `bias`. Please use a different name to suppress this warning.
A parameter name that contains `gamma` will be renamed internally to `weight`. Please use a different name to suppress this warning.
A parameter name that contains `beta` will be renamed internally to `bias`. Please use a different name to suppress this warning.
A parameter name that contains `gamma` will be renamed internally to `weight`. Please use a different name to suppress this warning.
A parameter name that contains `beta` will be renamed internally to `bias`. Please use a different name to suppress this warning.
A parameter name that contains `gamma` will be renamed internally to `weight`. Please use a different name to suppress this warning.
A parameter name that contains `beta` will be renamed internally to `bias`. Please use a different name to suppress this warning.
A parameter name that contains `gamma` will be renamed internally to `weight`. Please use a different name to suppress this warning.
A parameter name that contains `beta` will be renamed internally to `bias`. Please use a different name to suppress this warning.
A parameter name that contains `gamma` will be renamed internally to `weight`. Please use a different name to suppress this warning.
A parameter name that contains `beta` will be renamed internally to `bias`. Please use a different name to suppress this warning.
A parameter name that contains `gamma` will be renamed internally to `weight`. Please use a different name to suppress this warning.
A parameter name that contains `beta` will be renamed internally to `bias`. Please use a different name to suppress this warning.
A parameter name that contains `gamma` will be renamed internally to `weight`. Please use a different name to suppress this warning.
A parameter name that contains `beta` will be renamed internally to `bias`. Please use a different name to suppress this warning.
A parameter name that contains `gamma` will be renamed internally to `weight`. Please use a different name to suppress this warning.
A parameter name that contains `beta` will be renamed internally to `bias`. Please use a different name to suppress this warning.
A parameter name that contains `gamma` will be renamed internally to `weight`. Please use a different name to suppress this warning.
A parameter name that contains `beta` will be renamed internally to `bias`. Please use a different name to suppress this warning.
A parameter name that contains `gamma` will be renamed internally to `weight`. Please use a different name to suppress this warning.
A parameter name that contains `beta` will be renamed internally to `bias`. Please use a different name to suppress this warning.
A parameter name that contains `gamma` will be renamed internally to `weight`. Please use a different name to suppress this warning.
A parameter name that contains `beta` will be renamed internally to `bias`. Please use a different name to suppress this warning.
A parameter name that contains `gamma` will be renamed internally to `weight`. Please use a different name to suppress this warning.
A parameter name that contains `beta` will be renamed internally to `bias`. Please use a different name to suppress this warning.
A parameter name that contains `gamma` will be renamed internally to `weight`. Please use a different name to suppress this warning.
A parameter name that contains `beta` will be renamed internally to `bias`. Please use a different name to suppress this warning.
A parameter name that contains `gamma` will be renamed internally to `weight`. Please use a different name to suppress this warning.
A parameter name that contains `beta` will be renamed internally to `bias`. Please use a different name to suppress this warning.
A parameter name that contains `gamma` will be renamed internally to `weight`. Please use a different name to suppress this warning.
A parameter name that contains `beta` will be renamed internally to `bias`. Please use a different name to suppress this warning.
A parameter name that contains `gamma` will be renamed internally to `weight`. Please use a different name to suppress this warning.
A parameter name that contains `beta` will be renamed internally to `bias`. Please use a different name to suppress this warning.
A parameter name that contains `gamma` will be renamed internally to `weight`. Please use a different name to suppress this warning.
A parameter name that contains `beta` will be renamed internally to `bias`. Please use a different name to suppress this warning.
A parameter name that contains `gamma` will be renamed internally to `weight`. Please use a different name to suppress this warning.
A parameter name that contains `beta` will be renamed internally to `bias`. Please use a different name to suppress this warning.
A parameter name that contains `gamma` will be renamed internally to `weight`. Please use a different name to suppress this warning.
A parameter name that contains `beta` will be renamed internally to `bias`. Please use a different name to suppress this warning.
A parameter name that contains `gamma` will be renamed internally to `weight`. Please use a different name to suppress this warning.
A parameter name that contains `beta` will be renamed internally to `bias`. Please use a different name to suppress this warning.
A parameter name that contains `gamma` will be renamed internally to `weight`. Please use a different name to suppress this warning.
A parameter name that contains `beta` will be renamed internally to `bias`. Please use a different name to suppress this warning.
A parameter name that contains `gamma` will be renamed internally to `weight`. Please use a different name to suppress this warning.
A parameter name that contains `beta` will be renamed internally to `bias`. Please use a different name to suppress this warning.
A parameter name that contains `gamma` will be renamed internally to `weight`. Please use a different name to suppress this warning.
A parameter name that contains `beta` will be renamed internally to `bias`. Please use a different name to suppress this warning.
A parameter name that contains `gamma` will be renamed internally to `weight`. Please use a different name to suppress this warning.
A parameter name that contains `beta` will be renamed internally to `bias`. Please use a different name to suppress this warning.
A parameter name that contains `gamma` will be renamed internally to `weight`. Please use a different name to suppress this warning.
A parameter name that contains `beta` will be renamed internally to `bias`. Please use a different name to suppress this warning.
A parameter name that contains `gamma` will be renamed internally to `weight`. Please use a different name to suppress this warning.
A parameter name that contains `beta` will be renamed internally to `bias`. Please use a different name to suppress this warning.
A parameter name that contains `gamma` will be renamed internally to `weight`. Please use a different name to suppress this warning.
A parameter name that contains `beta` will be renamed internally to `bias`. Please use a different name to suppress this warning.
A parameter name that contains `gamma` will be renamed internally to `weight`. Please use a different name to suppress this warning.
A parameter name that contains `beta` will be renamed internally to `bias`. Please use a different name to suppress this warning.
A parameter name that contains `gamma` will be renamed internally to `weight`. Please use a different name to suppress this warning.
A parameter name that contains `beta` will be renamed internally to `bias`. Please use a different name to suppress this warning.
A parameter name that contains `gamma` will be renamed internally to `weight`. Please use a different name to suppress this warning.
A parameter name that contains `beta` will be renamed internally to `bias`. Please use a different name to suppress this warning.
A parameter name that contains `gamma` will be renamed internally to `weight`. Please use a different name to suppress this warning.
A parameter name that contains `beta` will be renamed internally to `bias`. Please use a different name to suppress this warning.
A parameter name that contains `gamma` will be renamed internally to `weight`. Please use a different name to suppress this warning.
A parameter name that contains `beta` will be renamed internally to `bias`. Please use a different name to suppress this warning.
A parameter name that contains `gamma` will be renamed internally to `weight`. Please use a different name to suppress this warning.
A parameter name that contains `beta` will be renamed internally to `bias`. Please use a different name to suppress this warning.
A parameter name that contains `gamma` will be renamed internally to `weight`. Please use a different name to suppress this warning.
A parameter name that contains `beta` will be renamed internally to `bias`. Please use a different name to suppress this warning.
A parameter name that contains `gamma` will be renamed internally to `weight`. Please use a different name to suppress this warning.
A parameter name that contains `beta` will be renamed internally to `bias`. Please use a different name to suppress this warning.
A parameter name that contains `gamma` will be renamed internally to `weight`. Please use a different name to suppress this warning.
A parameter name that contains `beta` will be renamed internally to `bias`. Please use a different name to suppress this warning.
A parameter name that contains `gamma` will be renamed internally to `weight`. Please use a different name to suppress this warning.
A parameter name that contains `beta` will be renamed internally to `bias`. Please use a different name to suppress this warning.
A parameter name that contains `gamma` will be renamed internally to `weight`. Please use a different name to suppress this warning.
A parameter name that contains `beta` will be renamed internally to `bias`. Please use a different name to suppress this warning.
A parameter name that contains `gamma` will be renamed internally to `weight`. Please use a different name to suppress this warning.
A parameter name that contains `beta` will be renamed internally to `bias`. Please use a different name to suppress this warning.
A parameter name that contains `gamma` will be renamed internally to `weight`. Please use a different name to suppress this warning.
A parameter name that contains `beta` will be renamed internally to `bias`. Please use a different name to suppress this warning.
A parameter name that contains `gamma` will be renamed internally to `weight`. Please use a different name to suppress this warning.
A parameter name that contains `beta` will be renamed internally to `bias`. Please use a different name to suppress this warning.
A parameter name that contains `gamma` will be renamed internally to `weight`. Please use a different name to suppress this warning.
A parameter name that contains `beta` will be renamed internally to `bias`. Please use a different name to suppress this warning.
A parameter name that contains `gamma` will be renamed internally to `weight`. Please use a different name to suppress this warning.
A parameter name that contains `beta` will be renamed internally to `bias`. Please use a different name to suppress this warning.
A parameter name that contains `gamma` will be renamed internally to `weight`. Please use a different name to suppress this warning.
A parameter name that contains `beta` will be renamed internally to `bias`. Please use a different name to suppress this warning.
A parameter name that contains `gamma` will be renamed internally to `weight`. Please use a different name to suppress this warning.
A parameter name that contains `beta` will be renamed internally to `bias`. Please use a different name to suppress this warning.
A parameter name that contains `gamma` will be renamed internally to `weight`. Please use a different name to suppress this warning.
A parameter name that contains `beta` will be renamed internally to `bias`. Please use a different name to suppress this warning.
A parameter name that contains `gamma` will be renamed internally to `weight`. Please use a different name to suppress this warning.
[rerank] 279 pairs  retriever=cde  device=cuda
[stage1] retrieval MRR=0.8611  R@1=0.803  R@10=0.971
[stage2] scoring 13950 pairs with CE followupqg_rerank …
[stage2] scoring 13950 pairs with CE followupqg_rerank_v2 …
[stage2] ensembled 2 CEs

 pool  blend      MRR     R@1     R@5    R@10
----------------------------------------------
   20   0.30   0.8874   0.835   0.961   0.982  <<
   20   0.50   0.8909   0.832   0.961   0.982  <<
   20   0.70   0.8743   0.810   0.953   0.982
   50   0.30   0.8883   0.828   0.964   0.982
   50   0.50   0.8925   0.839   0.946   0.986  <<
   50   0.70   0.8609   0.796   0.943   0.975

[best] pool50_blend0.5  MRR=0.8925
[baseline BiEncoder MRR]  0.5858
[lift over baseline]      +52.4%  (target +10% = 0.6444  ACHIEVED)
[fused AUC vs 4 random negs]  0.9995
[saved] /mnt/localssd/new_base_line/internship-causal-embedding/my_work/kl/results/followupqg/rerank_eval.json
[12:56:56] [followupqg] Step 4b: rerank eval on TEST (CE v1 + v2 ensemble)
/mnt/localssd/new_base_line/internship-causal-embedding/.venv/lib/python3.11/site-packages/transformers/tokenization_utils_base.py:1601: FutureWarning: `clean_up_tokenization_spaces` was not set. It will be set to `True` by default. This behavior will be depracted in transformers v4.45, and will be then set to `False` by default. For more details check this issue: https://github.com/huggingface/transformers/issues/31884
  warnings.warn(
A parameter name that contains `beta` will be renamed internally to `bias`. Please use a different name to suppress this warning.
A parameter name that contains `gamma` will be renamed internally to `weight`. Please use a different name to suppress this warning.
A parameter name that contains `beta` will be renamed internally to `bias`. Please use a different name to suppress this warning.
A parameter name that contains `gamma` will be renamed internally to `weight`. Please use a different name to suppress this warning.
A parameter name that contains `beta` will be renamed internally to `bias`. Please use a different name to suppress this warning.
A parameter name that contains `gamma` will be renamed internally to `weight`. Please use a different name to suppress this warning.
A parameter name that contains `beta` will be renamed internally to `bias`. Please use a different name to suppress this warning.
A parameter name that contains `gamma` will be renamed internally to `weight`. Please use a different name to suppress this warning.
A parameter name that contains `beta` will be renamed internally to `bias`. Please use a different name to suppress this warning.
A parameter name that contains `gamma` will be renamed internally to `weight`. Please use a different name to suppress this warning.
A parameter name that contains `beta` will be renamed internally to `bias`. Please use a different name to suppress this warning.
A parameter name that contains `gamma` will be renamed internally to `weight`. Please use a different name to suppress this warning.
A parameter name that contains `beta` will be renamed internally to `bias`. Please use a different name to suppress this warning.
A parameter name that contains `gamma` will be renamed internally to `weight`. Please use a different name to suppress this warning.
A parameter name that contains `beta` will be renamed internally to `bias`. Please use a different name to suppress this warning.
A parameter name that contains `gamma` will be renamed internally to `weight`. Please use a different name to suppress this warning.
A parameter name that contains `beta` will be renamed internally to `bias`. Please use a different name to suppress this warning.
A parameter name that contains `gamma` will be renamed internally to `weight`. Please use a different name to suppress this warning.
A parameter name that contains `beta` will be renamed internally to `bias`. Please use a different name to suppress this warning.
A parameter name that contains `gamma` will be renamed internally to `weight`. Please use a different name to suppress this warning.
A parameter name that contains `beta` will be renamed internally to `bias`. Please use a different name to suppress this warning.
A parameter name that contains `gamma` will be renamed internally to `weight`. Please use a different name to suppress this warning.
A parameter name that contains `beta` will be renamed internally to `bias`. Please use a different name to suppress this warning.
A parameter name that contains `gamma` will be renamed internally to `weight`. Please use a different name to suppress this warning.
A parameter name that contains `beta` will be renamed internally to `bias`. Please use a different name to suppress this warning.
A parameter name that contains `gamma` will be renamed internally to `weight`. Please use a different name to suppress this warning.
A parameter name that contains `beta` will be renamed internally to `bias`. Please use a different name to suppress this warning.
A parameter name that contains `gamma` will be renamed internally to `weight`. Please use a different name to suppress this warning.
A parameter name that contains `beta` will be renamed internally to `bias`. Please use a different name to suppress this warning.
A parameter name that contains `gamma` will be renamed internally to `weight`. Please use a different name to suppress this warning.
A parameter name that contains `beta` will be renamed internally to `bias`. Please use a different name to suppress this warning.
A parameter name that contains `gamma` will be renamed internally to `weight`. Please use a different name to suppress this warning.
A parameter name that contains `beta` will be renamed internally to `bias`. Please use a different name to suppress this warning.
A parameter name that contains `gamma` will be renamed internally to `weight`. Please use a different name to suppress this warning.
A parameter name that contains `beta` will be renamed internally to `bias`. Please use a different name to suppress this warning.
A parameter name that contains `gamma` will be renamed internally to `weight`. Please use a different name to suppress this warning.
A parameter name that contains `beta` will be renamed internally to `bias`. Please use a different name to suppress this warning.
A parameter name that contains `gamma` will be renamed internally to `weight`. Please use a different name to suppress this warning.
A parameter name that contains `beta` will be renamed internally to `bias`. Please use a different name to suppress this warning.
A parameter name that contains `gamma` will be renamed internally to `weight`. Please use a different name to suppress this warning.
A parameter name that contains `beta` will be renamed internally to `bias`. Please use a different name to suppress this warning.
A parameter name that contains `gamma` will be renamed internally to `weight`. Please use a different name to suppress this warning.
A parameter name that contains `beta` will be renamed internally to `bias`. Please use a different name to suppress this warning.
A parameter name that contains `gamma` will be renamed internally to `weight`. Please use a different name to suppress this warning.
A parameter name that contains `beta` will be renamed internally to `bias`. Please use a different name to suppress this warning.
A parameter name that contains `gamma` will be renamed internally to `weight`. Please use a different name to suppress this warning.
A parameter name that contains `beta` will be renamed internally to `bias`. Please use a different name to suppress this warning.
A parameter name that contains `gamma` will be renamed internally to `weight`. Please use a different name to suppress this warning.
A parameter name that contains `beta` will be renamed internally to `bias`. Please use a different name to suppress this warning.
A parameter name that contains `gamma` will be renamed internally to `weight`. Please use a different name to suppress this warning.
A parameter name that contains `beta` will be renamed internally to `bias`. Please use a different name to suppress this warning.
A parameter name that contains `gamma` will be renamed internally to `weight`. Please use a different name to suppress this warning.
A parameter name that contains `beta` will be renamed internally to `bias`. Please use a different name to suppress this warning.
A parameter name that contains `gamma` will be renamed internally to `weight`. Please use a different name to suppress this warning.
A parameter name that contains `beta` will be renamed internally to `bias`. Please use a different name to suppress this warning.
A parameter name that contains `gamma` will be renamed internally to `weight`. Please use a different name to suppress this warning.
A parameter name that contains `beta` will be renamed internally to `bias`. Please use a different name to suppress this warning.
A parameter name that contains `gamma` will be renamed internally to `weight`. Please use a different name to suppress this warning.
A parameter name that contains `beta` will be renamed internally to `bias`. Please use a different name to suppress this warning.
A parameter name that contains `gamma` will be renamed internally to `weight`. Please use a different name to suppress this warning.
A parameter name that contains `beta` will be renamed internally to `bias`. Please use a different name to suppress this warning.
A parameter name that contains `gamma` will be renamed internally to `weight`. Please use a different name to suppress this warning.
A parameter name that contains `beta` will be renamed internally to `bias`. Please use a different name to suppress this warning.
A parameter name that contains `gamma` will be renamed internally to `weight`. Please use a different name to suppress this warning.
A parameter name that contains `beta` will be renamed internally to `bias`. Please use a different name to suppress this warning.
A parameter name that contains `gamma` will be renamed internally to `weight`. Please use a different name to suppress this warning.
A parameter name that contains `beta` will be renamed internally to `bias`. Please use a different name to suppress this warning.
A parameter name that contains `gamma` will be renamed internally to `weight`. Please use a different name to suppress this warning.
A parameter name that contains `beta` will be renamed internally to `bias`. Please use a different name to suppress this warning.
A parameter name that contains `gamma` will be renamed internally to `weight`. Please use a different name to suppress this warning.
A parameter name that contains `beta` will be renamed internally to `bias`. Please use a different name to suppress this warning.
A parameter name that contains `gamma` will be renamed internally to `weight`. Please use a different name to suppress this warning.
A parameter name that contains `beta` will be renamed internally to `bias`. Please use a different name to suppress this warning.
A parameter name that contains `gamma` will be renamed internally to `weight`. Please use a different name to suppress this warning.
A parameter name that contains `beta` will be renamed internally to `bias`. Please use a different name to suppress this warning.
A parameter name that contains `gamma` will be renamed internally to `weight`. Please use a different name to suppress this warning.
A parameter name that contains `beta` will be renamed internally to `bias`. Please use a different name to suppress this warning.
A parameter name that contains `gamma` will be renamed internally to `weight`. Please use a different name to suppress this warning.
A parameter name that contains `beta` will be renamed internally to `bias`. Please use a different name to suppress this warning.
A parameter name that contains `gamma` will be renamed internally to `weight`. Please use a different name to suppress this warning.
A parameter name that contains `beta` will be renamed internally to `bias`. Please use a different name to suppress this warning.
A parameter name that contains `gamma` will be renamed internally to `weight`. Please use a different name to suppress this warning.
A parameter name that contains `beta` will be renamed internally to `bias`. Please use a different name to suppress this warning.
A parameter name that contains `gamma` will be renamed internally to `weight`. Please use a different name to suppress this warning.
A parameter name that contains `beta` will be renamed internally to `bias`. Please use a different name to suppress this warning.
A parameter name that contains `gamma` will be renamed internally to `weight`. Please use a different name to suppress this warning.
A parameter name that contains `beta` will be renamed internally to `bias`. Please use a different name to suppress this warning.
A parameter name that contains `gamma` will be renamed internally to `weight`. Please use a different name to suppress this warning.
A parameter name that contains `beta` will be renamed internally to `bias`. Please use a different name to suppress this warning.
A parameter name that contains `gamma` will be renamed internally to `weight`. Please use a different name to suppress this warning.
A parameter name that contains `beta` will be renamed internally to `bias`. Please use a different name to suppress this warning.
A parameter name that contains `gamma` will be renamed internally to `weight`. Please use a different name to suppress this warning.
A parameter name that contains `beta` will be renamed internally to `bias`. Please use a different name to suppress this warning.
A parameter name that contains `gamma` will be renamed internally to `weight`. Please use a different name to suppress this warning.
A parameter name that contains `beta` will be renamed internally to `bias`. Please use a different name to suppress this warning.
A parameter name that contains `gamma` will be renamed internally to `weight`. Please use a different name to suppress this warning.
A parameter name that contains `beta` will be renamed internally to `bias`. Please use a different name to suppress this warning.
A parameter name that contains `gamma` will be renamed internally to `weight`. Please use a different name to suppress this warning.
A parameter name that contains `beta` will be renamed internally to `bias`. Please use a different name to suppress this warning.
A parameter name that contains `gamma` will be renamed internally to `weight`. Please use a different name to suppress this warning.
A parameter name that contains `beta` will be renamed internally to `bias`. Please use a different name to suppress this warning.
A parameter name that contains `gamma` will be renamed internally to `weight`. Please use a different name to suppress this warning.
A parameter name that contains `beta` will be renamed internally to `bias`. Please use a different name to suppress this warning.
A parameter name that contains `gamma` will be renamed internally to `weight`. Please use a different name to suppress this warning.
/mnt/localssd/new_base_line/internship-causal-embedding/.venv/lib/python3.11/site-packages/transformers/tokenization_utils_base.py:1601: FutureWarning: `clean_up_tokenization_spaces` was not set. It will be set to `True` by default. This behavior will be depracted in transformers v4.45, and will be then set to `False` by default. For more details check this issue: https://github.com/huggingface/transformers/issues/31884
  warnings.warn(
A parameter name that contains `beta` will be renamed internally to `bias`. Please use a different name to suppress this warning.
A parameter name that contains `gamma` will be renamed internally to `weight`. Please use a different name to suppress this warning.
A parameter name that contains `beta` will be renamed internally to `bias`. Please use a different name to suppress this warning.
A parameter name that contains `gamma` will be renamed internally to `weight`. Please use a different name to suppress this warning.
A parameter name that contains `beta` will be renamed internally to `bias`. Please use a different name to suppress this warning.
A parameter name that contains `gamma` will be renamed internally to `weight`. Please use a different name to suppress this warning.
A parameter name that contains `beta` will be renamed internally to `bias`. Please use a different name to suppress this warning.
A parameter name that contains `gamma` will be renamed internally to `weight`. Please use a different name to suppress this warning.
A parameter name that contains `beta` will be renamed internally to `bias`. Please use a different name to suppress this warning.
A parameter name that contains `gamma` will be renamed internally to `weight`. Please use a different name to suppress this warning.
A parameter name that contains `beta` will be renamed internally to `bias`. Please use a different name to suppress this warning.
A parameter name that contains `gamma` will be renamed internally to `weight`. Please use a different name to suppress this warning.
A parameter name that contains `beta` will be renamed internally to `bias`. Please use a different name to suppress this warning.
A parameter name that contains `gamma` will be renamed internally to `weight`. Please use a different name to suppress this warning.
A parameter name that contains `beta` will be renamed internally to `bias`. Please use a different name to suppress this warning.
A parameter name that contains `gamma` will be renamed internally to `weight`. Please use a different name to suppress this warning.
A parameter name that contains `beta` will be renamed internally to `bias`. Please use a different name to suppress this warning.
A parameter name that contains `gamma` will be renamed internally to `weight`. Please use a different name to suppress this warning.
A parameter name that contains `beta` will be renamed internally to `bias`. Please use a different name to suppress this warning.
A parameter name that contains `gamma` will be renamed internally to `weight`. Please use a different name to suppress this warning.
A parameter name that contains `beta` will be renamed internally to `bias`. Please use a different name to suppress this warning.
A parameter name that contains `gamma` will be renamed internally to `weight`. Please use a different name to suppress this warning.
A parameter name that contains `beta` will be renamed internally to `bias`. Please use a different name to suppress this warning.
A parameter name that contains `gamma` will be renamed internally to `weight`. Please use a different name to suppress this warning.
A parameter name that contains `beta` will be renamed internally to `bias`. Please use a different name to suppress this warning.
A parameter name that contains `gamma` will be renamed internally to `weight`. Please use a different name to suppress this warning.
A parameter name that contains `beta` will be renamed internally to `bias`. Please use a different name to suppress this warning.
A parameter name that contains `gamma` will be renamed internally to `weight`. Please use a different name to suppress this warning.
A parameter name that contains `beta` will be renamed internally to `bias`. Please use a different name to suppress this warning.
A parameter name that contains `gamma` will be renamed internally to `weight`. Please use a different name to suppress this warning.
A parameter name that contains `beta` will be renamed internally to `bias`. Please use a different name to suppress this warning.
A parameter name that contains `gamma` will be renamed internally to `weight`. Please use a different name to suppress this warning.
A parameter name that contains `beta` will be renamed internally to `bias`. Please use a different name to suppress this warning.
A parameter name that contains `gamma` will be renamed internally to `weight`. Please use a different name to suppress this warning.
A parameter name that contains `beta` will be renamed internally to `bias`. Please use a different name to suppress this warning.
A parameter name that contains `gamma` will be renamed internally to `weight`. Please use a different name to suppress this warning.
A parameter name that contains `beta` will be renamed internally to `bias`. Please use a different name to suppress this warning.
A parameter name that contains `gamma` will be renamed internally to `weight`. Please use a different name to suppress this warning.
A parameter name that contains `beta` will be renamed internally to `bias`. Please use a different name to suppress this warning.
A parameter name that contains `gamma` will be renamed internally to `weight`. Please use a different name to suppress this warning.
A parameter name that contains `beta` will be renamed internally to `bias`. Please use a different name to suppress this warning.
A parameter name that contains `gamma` will be renamed internally to `weight`. Please use a different name to suppress this warning.
A parameter name that contains `beta` will be renamed internally to `bias`. Please use a different name to suppress this warning.
A parameter name that contains `gamma` will be renamed internally to `weight`. Please use a different name to suppress this warning.
A parameter name that contains `beta` will be renamed internally to `bias`. Please use a different name to suppress this warning.
A parameter name that contains `gamma` will be renamed internally to `weight`. Please use a different name to suppress this warning.
A parameter name that contains `beta` will be renamed internally to `bias`. Please use a different name to suppress this warning.
A parameter name that contains `gamma` will be renamed internally to `weight`. Please use a different name to suppress this warning.
A parameter name that contains `beta` will be renamed internally to `bias`. Please use a different name to suppress this warning.
A parameter name that contains `gamma` will be renamed internally to `weight`. Please use a different name to suppress this warning.
A parameter name that contains `beta` will be renamed internally to `bias`. Please use a different name to suppress this warning.
A parameter name that contains `gamma` will be renamed internally to `weight`. Please use a different name to suppress this warning.
A parameter name that contains `beta` will be renamed internally to `bias`. Please use a different name to suppress this warning.
A parameter name that contains `gamma` will be renamed internally to `weight`. Please use a different name to suppress this warning.
A parameter name that contains `beta` will be renamed internally to `bias`. Please use a different name to suppress this warning.
A parameter name that contains `gamma` will be renamed internally to `weight`. Please use a different name to suppress this warning.
A parameter name that contains `beta` will be renamed internally to `bias`. Please use a different name to suppress this warning.
A parameter name that contains `gamma` will be renamed internally to `weight`. Please use a different name to suppress this warning.
A parameter name that contains `beta` will be renamed internally to `bias`. Please use a different name to suppress this warning.
A parameter name that contains `gamma` will be renamed internally to `weight`. Please use a different name to suppress this warning.
A parameter name that contains `beta` will be renamed internally to `bias`. Please use a different name to suppress this warning.
A parameter name that contains `gamma` will be renamed internally to `weight`. Please use a different name to suppress this warning.
A parameter name that contains `beta` will be renamed internally to `bias`. Please use a different name to suppress this warning.
A parameter name that contains `gamma` will be renamed internally to `weight`. Please use a different name to suppress this warning.
A parameter name that contains `beta` will be renamed internally to `bias`. Please use a different name to suppress this warning.
A parameter name that contains `gamma` will be renamed internally to `weight`. Please use a different name to suppress this warning.
A parameter name that contains `beta` will be renamed internally to `bias`. Please use a different name to suppress this warning.
A parameter name that contains `gamma` will be renamed internally to `weight`. Please use a different name to suppress this warning.
A parameter name that contains `beta` will be renamed internally to `bias`. Please use a different name to suppress this warning.
A parameter name that contains `gamma` will be renamed internally to `weight`. Please use a different name to suppress this warning.
A parameter name that contains `beta` will be renamed internally to `bias`. Please use a different name to suppress this warning.
A parameter name that contains `gamma` will be renamed internally to `weight`. Please use a different name to suppress this warning.
A parameter name that contains `beta` will be renamed internally to `bias`. Please use a different name to suppress this warning.
A parameter name that contains `gamma` will be renamed internally to `weight`. Please use a different name to suppress this warning.
A parameter name that contains `beta` will be renamed internally to `bias`. Please use a different name to suppress this warning.
A parameter name that contains `gamma` will be renamed internally to `weight`. Please use a different name to suppress this warning.
A parameter name that contains `beta` will be renamed internally to `bias`. Please use a different name to suppress this warning.
A parameter name that contains `gamma` will be renamed internally to `weight`. Please use a different name to suppress this warning.
A parameter name that contains `beta` will be renamed internally to `bias`. Please use a different name to suppress this warning.
A parameter name that contains `gamma` will be renamed internally to `weight`. Please use a different name to suppress this warning.
A parameter name that contains `beta` will be renamed internally to `bias`. Please use a different name to suppress this warning.
A parameter name that contains `gamma` will be renamed internally to `weight`. Please use a different name to suppress this warning.
A parameter name that contains `beta` will be renamed internally to `bias`. Please use a different name to suppress this warning.
A parameter name that contains `gamma` will be renamed internally to `weight`. Please use a different name to suppress this warning.
A parameter name that contains `beta` will be renamed internally to `bias`. Please use a different name to suppress this warning.
A parameter name that contains `gamma` will be renamed internally to `weight`. Please use a different name to suppress this warning.
A parameter name that contains `beta` will be renamed internally to `bias`. Please use a different name to suppress this warning.
A parameter name that contains `gamma` will be renamed internally to `weight`. Please use a different name to suppress this warning.
A parameter name that contains `beta` will be renamed internally to `bias`. Please use a different name to suppress this warning.
A parameter name that contains `gamma` will be renamed internally to `weight`. Please use a different name to suppress this warning.
A parameter name that contains `beta` will be renamed internally to `bias`. Please use a different name to suppress this warning.
A parameter name that contains `gamma` will be renamed internally to `weight`. Please use a different name to suppress this warning.
A parameter name that contains `beta` will be renamed internally to `bias`. Please use a different name to suppress this warning.
A parameter name that contains `gamma` will be renamed internally to `weight`. Please use a different name to suppress this warning.
A parameter name that contains `beta` will be renamed internally to `bias`. Please use a different name to suppress this warning.
A parameter name that contains `gamma` will be renamed internally to `weight`. Please use a different name to suppress this warning.
A parameter name that contains `beta` will be renamed internally to `bias`. Please use a different name to suppress this warning.
A parameter name that contains `gamma` will be renamed internally to `weight`. Please use a different name to suppress this warning.
A parameter name that contains `beta` will be renamed internally to `bias`. Please use a different name to suppress this warning.
A parameter name that contains `gamma` will be renamed internally to `weight`. Please use a different name to suppress this warning.
A parameter name that contains `beta` will be renamed internally to `bias`. Please use a different name to suppress this warning.
A parameter name that contains `gamma` will be renamed internally to `weight`. Please use a different name to suppress this warning.
A parameter name that contains `beta` will be renamed internally to `bias`. Please use a different name to suppress this warning.
A parameter name that contains `gamma` will be renamed internally to `weight`. Please use a different name to suppress this warning.
A parameter name that contains `beta` will be renamed internally to `bias`. Please use a different name to suppress this warning.
A parameter name that contains `gamma` will be renamed internally to `weight`. Please use a different name to suppress this warning.
A parameter name that contains `beta` will be renamed internally to `bias`. Please use a different name to suppress this warning.
A parameter name that contains `gamma` will be renamed internally to `weight`. Please use a different name to suppress this warning.
A parameter name that contains `beta` will be renamed internally to `bias`. Please use a different name to suppress this warning.
A parameter name that contains `gamma` will be renamed internally to `weight`. Please use a different name to suppress this warning.
A parameter name that contains `beta` will be renamed internally to `bias`. Please use a different name to suppress this warning.
A parameter name that contains `gamma` will be renamed internally to `weight`. Please use a different name to suppress this warning.
A parameter name that contains `beta` will be renamed internally to `bias`. Please use a different name to suppress this warning.
A parameter name that contains `gamma` will be renamed internally to `weight`. Please use a different name to suppress this warning.
A parameter name that contains `beta` will be renamed internally to `bias`. Please use a different name to suppress this warning.
A parameter name that contains `gamma` will be renamed internally to `weight`. Please use a different name to suppress this warning.
A parameter name that contains `beta` will be renamed internally to `bias`. Please use a different name to suppress this warning.
A parameter name that contains `gamma` will be renamed internally to `weight`. Please use a different name to suppress this warning.
A parameter name that contains `beta` will be renamed internally to `bias`. Please use a different name to suppress this warning.
A parameter name that contains `gamma` will be renamed internally to `weight`. Please use a different name to suppress this warning.
A parameter name that contains `beta` will be renamed internally to `bias`. Please use a different name to suppress this warning.
A parameter name that contains `gamma` will be renamed internally to `weight`. Please use a different name to suppress this warning.
A parameter name that contains `beta` will be renamed internally to `bias`. Please use a different name to suppress this warning.
A parameter name that contains `gamma` will be renamed internally to `weight`. Please use a different name to suppress this warning.
A parameter name that contains `beta` will be renamed internally to `bias`. Please use a different name to suppress this warning.
A parameter name that contains `gamma` will be renamed internally to `weight`. Please use a different name to suppress this warning.
A parameter name that contains `beta` will be renamed internally to `bias`. Please use a different name to suppress this warning.
A parameter name that contains `gamma` will be renamed internally to `weight`. Please use a different name to suppress this warning.
A parameter name that contains `beta` will be renamed internally to `bias`. Please use a different name to suppress this warning.
A parameter name that contains `gamma` will be renamed internally to `weight`. Please use a different name to suppress this warning.
A parameter name that contains `beta` will be renamed internally to `bias`. Please use a different name to suppress this warning.
A parameter name that contains `gamma` will be renamed internally to `weight`. Please use a different name to suppress this warning.
A parameter name that contains `beta` will be renamed internally to `bias`. Please use a different name to suppress this warning.
A parameter name that contains `gamma` will be renamed internally to `weight`. Please use a different name to suppress this warning.
A parameter name that contains `beta` will be renamed internally to `bias`. Please use a different name to suppress this warning.
A parameter name that contains `gamma` will be renamed internally to `weight`. Please use a different name to suppress this warning.
A parameter name that contains `beta` will be renamed internally to `bias`. Please use a different name to suppress this warning.
A parameter name that contains `gamma` will be renamed internally to `weight`. Please use a different name to suppress this warning.
A parameter name that contains `beta` will be renamed internally to `bias`. Please use a different name to suppress this warning.
A parameter name that contains `gamma` will be renamed internally to `weight`. Please use a different name to suppress this warning.
A parameter name that contains `beta` will be renamed internally to `bias`. Please use a different name to suppress this warning.
A parameter name that contains `gamma` will be renamed internally to `weight`. Please use a different name to suppress this warning.
A parameter name that contains `beta` will be renamed internally to `bias`. Please use a different name to suppress this warning.
A parameter name that contains `gamma` will be renamed internally to `weight`. Please use a different name to suppress this warning.
A parameter name that contains `beta` will be renamed internally to `bias`. Please use a different name to suppress this warning.
A parameter name that contains `gamma` will be renamed internally to `weight`. Please use a different name to suppress this warning.
A parameter name that contains `beta` will be renamed internally to `bias`. Please use a different name to suppress this warning.
A parameter name that contains `gamma` will be renamed internally to `weight`. Please use a different name to suppress this warning.
A parameter name that contains `beta` will be renamed internally to `bias`. Please use a different name to suppress this warning.
A parameter name that contains `gamma` will be renamed internally to `weight`. Please use a different name to suppress this warning.
A parameter name that contains `beta` will be renamed internally to `bias`. Please use a different name to suppress this warning.
A parameter name that contains `gamma` will be renamed internally to `weight`. Please use a different name to suppress this warning.
A parameter name that contains `beta` will be renamed internally to `bias`. Please use a different name to suppress this warning.
A parameter name that contains `gamma` will be renamed internally to `weight`. Please use a different name to suppress this warning.
A parameter name that contains `beta` will be renamed internally to `bias`. Please use a different name to suppress this warning.
A parameter name that contains `gamma` will be renamed internally to `weight`. Please use a different name to suppress this warning.
A parameter name that contains `beta` will be renamed internally to `bias`. Please use a different name to suppress this warning.
A parameter name that contains `gamma` will be renamed internally to `weight`. Please use a different name to suppress this warning.
A parameter name that contains `beta` will be renamed internally to `bias`. Please use a different name to suppress this warning.
A parameter name that contains `gamma` will be renamed internally to `weight`. Please use a different name to suppress this warning.
A parameter name that contains `beta` will be renamed internally to `bias`. Please use a different name to suppress this warning.
A parameter name that contains `gamma` will be renamed internally to `weight`. Please use a different name to suppress this warning.
A parameter name that contains `beta` will be renamed internally to `bias`. Please use a different name to suppress this warning.
A parameter name that contains `gamma` will be renamed internally to `weight`. Please use a different name to suppress this warning.
A parameter name that contains `beta` will be renamed internally to `bias`. Please use a different name to suppress this warning.
A parameter name that contains `gamma` will be renamed internally to `weight`. Please use a different name to suppress this warning.
A parameter name that contains `beta` will be renamed internally to `bias`. Please use a different name to suppress this warning.
A parameter name that contains `gamma` will be renamed internally to `weight`. Please use a different name to suppress this warning.
A parameter name that contains `beta` will be renamed internally to `bias`. Please use a different name to suppress this warning.
A parameter name that contains `gamma` will be renamed internally to `weight`. Please use a different name to suppress this warning.
A parameter name that contains `beta` will be renamed internally to `bias`. Please use a different name to suppress this warning.
A parameter name that contains `gamma` will be renamed internally to `weight`. Please use a different name to suppress this warning.
A parameter name that contains `beta` will be renamed internally to `bias`. Please use a different name to suppress this warning.
A parameter name that contains `gamma` will be renamed internally to `weight`. Please use a different name to suppress this warning.
A parameter name that contains `beta` will be renamed internally to `bias`. Please use a different name to suppress this warning.
A parameter name that contains `gamma` will be renamed internally to `weight`. Please use a different name to suppress this warning.
A parameter name that contains `beta` will be renamed internally to `bias`. Please use a different name to suppress this warning.
A parameter name that contains `gamma` will be renamed internally to `weight`. Please use a different name to suppress this warning.
A parameter name that contains `beta` will be renamed internally to `bias`. Please use a different name to suppress this warning.
A parameter name that contains `gamma` will be renamed internally to `weight`. Please use a different name to suppress this warning.
A parameter name that contains `beta` will be renamed internally to `bias`. Please use a different name to suppress this warning.
A parameter name that contains `gamma` will be renamed internally to `weight`. Please use a different name to suppress this warning.
A parameter name that contains `beta` will be renamed internally to `bias`. Please use a different name to suppress this warning.
A parameter name that contains `gamma` will be renamed internally to `weight`. Please use a different name to suppress this warning.
A parameter name that contains `beta` will be renamed internally to `bias`. Please use a different name to suppress this warning.
A parameter name that contains `gamma` will be renamed internally to `weight`. Please use a different name to suppress this warning.
A parameter name that contains `beta` will be renamed internally to `bias`. Please use a different name to suppress this warning.
A parameter name that contains `gamma` will be renamed internally to `weight`. Please use a different name to suppress this warning.
A parameter name that contains `beta` will be renamed internally to `bias`. Please use a different name to suppress this warning.
A parameter name that contains `gamma` will be renamed internally to `weight`. Please use a different name to suppress this warning.
A parameter name that contains `beta` will be renamed internally to `bias`. Please use a different name to suppress this warning.
A parameter name that contains `gamma` will be renamed internally to `weight`. Please use a different name to suppress this warning.
A parameter name that contains `beta` will be renamed internally to `bias`. Please use a different name to suppress this warning.
A parameter name that contains `gamma` will be renamed internally to `weight`. Please use a different name to suppress this warning.
A parameter name that contains `beta` will be renamed internally to `bias`. Please use a different name to suppress this warning.
A parameter name that contains `gamma` will be renamed internally to `weight`. Please use a different name to suppress this warning.
A parameter name that contains `beta` will be renamed internally to `bias`. Please use a different name to suppress this warning.
A parameter name that contains `gamma` will be renamed internally to `weight`. Please use a different name to suppress this warning.
A parameter name that contains `beta` will be renamed internally to `bias`. Please use a different name to suppress this warning.
A parameter name that contains `gamma` will be renamed internally to `weight`. Please use a different name to suppress this warning.
A parameter name that contains `beta` will be renamed internally to `bias`. Please use a different name to suppress this warning.
A parameter name that contains `gamma` will be renamed internally to `weight`. Please use a different name to suppress this warning.
A parameter name that contains `beta` will be renamed internally to `bias`. Please use a different name to suppress this warning.
A parameter name that contains `gamma` will be renamed internally to `weight`. Please use a different name to suppress this warning.
A parameter name that contains `beta` will be renamed internally to `bias`. Please use a different name to suppress this warning.
A parameter name that contains `gamma` will be renamed internally to `weight`. Please use a different name to suppress this warning.
A parameter name that contains `beta` will be renamed internally to `bias`. Please use a different name to suppress this warning.
A parameter name that contains `gamma` will be renamed internally to `weight`. Please use a different name to suppress this warning.
A parameter name that contains `beta` will be renamed internally to `bias`. Please use a different name to suppress this warning.
A parameter name that contains `gamma` will be renamed internally to `weight`. Please use a different name to suppress this warning.
A parameter name that contains `beta` will be renamed internally to `bias`. Please use a different name to suppress this warning.
A parameter name that contains `gamma` will be renamed internally to `weight`. Please use a different name to suppress this warning.
A parameter name that contains `beta` will be renamed internally to `bias`. Please use a different name to suppress this warning.
A parameter name that contains `gamma` will be renamed internally to `weight`. Please use a different name to suppress this warning.
A parameter name that contains `beta` will be renamed internally to `bias`. Please use a different name to suppress this warning.
A parameter name that contains `gamma` will be renamed internally to `weight`. Please use a different name to suppress this warning.
A parameter name that contains `beta` will be renamed internally to `bias`. Please use a different name to suppress this warning.
A parameter name that contains `gamma` will be renamed internally to `weight`. Please use a different name to suppress this warning.
A parameter name that contains `beta` will be renamed internally to `bias`. Please use a different name to suppress this warning.
A parameter name that contains `gamma` will be renamed internally to `weight`. Please use a different name to suppress this warning.
A parameter name that contains `beta` will be renamed internally to `bias`. Please use a different name to suppress this warning.
A parameter name that contains `gamma` will be renamed internally to `weight`. Please use a different name to suppress this warning.
A parameter name that contains `beta` will be renamed internally to `bias`. Please use a different name to suppress this warning.
A parameter name that contains `gamma` will be renamed internally to `weight`. Please use a different name to suppress this warning.
A parameter name that contains `beta` will be renamed internally to `bias`. Please use a different name to suppress this warning.
A parameter name that contains `gamma` will be renamed internally to `weight`. Please use a different name to suppress this warning.
A parameter name that contains `beta` will be renamed internally to `bias`. Please use a different name to suppress this warning.
A parameter name that contains `gamma` will be renamed internally to `weight`. Please use a different name to suppress this warning.
A parameter name that contains `beta` will be renamed internally to `bias`. Please use a different name to suppress this warning.
A parameter name that contains `gamma` will be renamed internally to `weight`. Please use a different name to suppress this warning.
A parameter name that contains `beta` will be renamed internally to `bias`. Please use a different name to suppress this warning.
A parameter name that contains `gamma` will be renamed internally to `weight`. Please use a different name to suppress this warning.
A parameter name that contains `beta` will be renamed internally to `bias`. Please use a different name to suppress this warning.
A parameter name that contains `gamma` will be renamed internally to `weight`. Please use a different name to suppress this warning.
A parameter name that contains `beta` will be renamed internally to `bias`. Please use a different name to suppress this warning.
A parameter name that contains `gamma` will be renamed internally to `weight`. Please use a different name to suppress this warning.
A parameter name that contains `beta` will be renamed internally to `bias`. Please use a different name to suppress this warning.
A parameter name that contains `gamma` will be renamed internally to `weight`. Please use a different name to suppress this warning.
A parameter name that contains `beta` will be renamed internally to `bias`. Please use a different name to suppress this warning.
A parameter name that contains `gamma` will be renamed internally to `weight`. Please use a different name to suppress this warning.
A parameter name that contains `beta` will be renamed internally to `bias`. Please use a different name to suppress this warning.
A parameter name that contains `gamma` will be renamed internally to `weight`. Please use a different name to suppress this warning.
A parameter name that contains `beta` will be renamed internally to `bias`. Please use a different name to suppress this warning.
A parameter name that contains `gamma` will be renamed internally to `weight`. Please use a different name to suppress this warning.
A parameter name that contains `beta` will be renamed internally to `bias`. Please use a different name to suppress this warning.
A parameter name that contains `gamma` will be renamed internally to `weight`. Please use a different name to suppress this warning.
A parameter name that contains `beta` will be renamed internally to `bias`. Please use a different name to suppress this warning.
A parameter name that contains `gamma` will be renamed internally to `weight`. Please use a different name to suppress this warning.
A parameter name that contains `beta` will be renamed internally to `bias`. Please use a different name to suppress this warning.
A parameter name that contains `gamma` will be renamed internally to `weight`. Please use a different name to suppress this warning.
A parameter name that contains `beta` will be renamed internally to `bias`. Please use a different name to suppress this warning.
A parameter name that contains `gamma` will be renamed internally to `weight`. Please use a different name to suppress this warning.
A parameter name that contains `beta` will be renamed internally to `bias`. Please use a different name to suppress this warning.
A parameter name that contains `gamma` will be renamed internally to `weight`. Please use a different name to suppress this warning.
A parameter name that contains `beta` will be renamed internally to `bias`. Please use a different name to suppress this warning.
A parameter name that contains `gamma` will be renamed internally to `weight`. Please use a different name to suppress this warning.
A parameter name that contains `beta` will be renamed internally to `bias`. Please use a different name to suppress this warning.
A parameter name that contains `gamma` will be renamed internally to `weight`. Please use a different name to suppress this warning.
A parameter name that contains `beta` will be renamed internally to `bias`. Please use a different name to suppress this warning.
A parameter name that contains `gamma` will be renamed internally to `weight`. Please use a different name to suppress this warning.
/mnt/localssd/new_base_line/internship-causal-embedding/.venv/lib/python3.11/site-packages/transformers/tokenization_utils_base.py:1601: FutureWarning: `clean_up_tokenization_spaces` was not set. It will be set to `True` by default. This behavior will be depracted in transformers v4.45, and will be then set to `False` by default. For more details check this issue: https://github.com/huggingface/transformers/issues/31884
  warnings.warn(
A parameter name that contains `beta` will be renamed internally to `bias`. Please use a different name to suppress this warning.
A parameter name that contains `gamma` will be renamed internally to `weight`. Please use a different name to suppress this warning.
A parameter name that contains `beta` will be renamed internally to `bias`. Please use a different name to suppress this warning.
A parameter name that contains `gamma` will be renamed internally to `weight`. Please use a different name to suppress this warning.
A parameter name that contains `beta` will be renamed internally to `bias`. Please use a different name to suppress this warning.
A parameter name that contains `gamma` will be renamed internally to `weight`. Please use a different name to suppress this warning.
A parameter name that contains `beta` will be renamed internally to `bias`. Please use a different name to suppress this warning.
A parameter name that contains `gamma` will be renamed internally to `weight`. Please use a different name to suppress this warning.
A parameter name that contains `beta` will be renamed internally to `bias`. Please use a different name to suppress this warning.
A parameter name that contains `gamma` will be renamed internally to `weight`. Please use a different name to suppress this warning.
A parameter name that contains `beta` will be renamed internally to `bias`. Please use a different name to suppress this warning.
A parameter name that contains `gamma` will be renamed internally to `weight`. Please use a different name to suppress this warning.
A parameter name that contains `beta` will be renamed internally to `bias`. Please use a different name to suppress this warning.
A parameter name that contains `gamma` will be renamed internally to `weight`. Please use a different name to suppress this warning.
A parameter name that contains `beta` will be renamed internally to `bias`. Please use a different name to suppress this warning.
A parameter name that contains `gamma` will be renamed internally to `weight`. Please use a different name to suppress this warning.
A parameter name that contains `beta` will be renamed internally to `bias`. Please use a different name to suppress this warning.
A parameter name that contains `gamma` will be renamed internally to `weight`. Please use a different name to suppress this warning.
A parameter name that contains `beta` will be renamed internally to `bias`. Please use a different name to suppress this warning.
A parameter name that contains `gamma` will be renamed internally to `weight`. Please use a different name to suppress this warning.
A parameter name that contains `beta` will be renamed internally to `bias`. Please use a different name to suppress this warning.
A parameter name that contains `gamma` will be renamed internally to `weight`. Please use a different name to suppress this warning.
A parameter name that contains `beta` will be renamed internally to `bias`. Please use a different name to suppress this warning.
A parameter name that contains `gamma` will be renamed internally to `weight`. Please use a different name to suppress this warning.
A parameter name that contains `beta` will be renamed internally to `bias`. Please use a different name to suppress this warning.
A parameter name that contains `gamma` will be renamed internally to `weight`. Please use a different name to suppress this warning.
A parameter name that contains `beta` will be renamed internally to `bias`. Please use a different name to suppress this warning.
A parameter name that contains `gamma` will be renamed internally to `weight`. Please use a different name to suppress this warning.
A parameter name that contains `beta` will be renamed internally to `bias`. Please use a different name to suppress this warning.
A parameter name that contains `gamma` will be renamed internally to `weight`. Please use a different name to suppress this warning.
A parameter name that contains `beta` will be renamed internally to `bias`. Please use a different name to suppress this warning.
A parameter name that contains `gamma` will be renamed internally to `weight`. Please use a different name to suppress this warning.
A parameter name that contains `beta` will be renamed internally to `bias`. Please use a different name to suppress this warning.
A parameter name that contains `gamma` will be renamed internally to `weight`. Please use a different name to suppress this warning.
A parameter name that contains `beta` will be renamed internally to `bias`. Please use a different name to suppress this warning.
A parameter name that contains `gamma` will be renamed internally to `weight`. Please use a different name to suppress this warning.
A parameter name that contains `beta` will be renamed internally to `bias`. Please use a different name to suppress this warning.
A parameter name that contains `gamma` will be renamed internally to `weight`. Please use a different name to suppress this warning.
A parameter name that contains `beta` will be renamed internally to `bias`. Please use a different name to suppress this warning.
A parameter name that contains `gamma` will be renamed internally to `weight`. Please use a different name to suppress this warning.
A parameter name that contains `beta` will be renamed internally to `bias`. Please use a different name to suppress this warning.
A parameter name that contains `gamma` will be renamed internally to `weight`. Please use a different name to suppress this warning.
A parameter name that contains `beta` will be renamed internally to `bias`. Please use a different name to suppress this warning.
A parameter name that contains `gamma` will be renamed internally to `weight`. Please use a different name to suppress this warning.
A parameter name that contains `beta` will be renamed internally to `bias`. Please use a different name to suppress this warning.
A parameter name that contains `gamma` will be renamed internally to `weight`. Please use a different name to suppress this warning.
A parameter name that contains `beta` will be renamed internally to `bias`. Please use a different name to suppress this warning.
A parameter name that contains `gamma` will be renamed internally to `weight`. Please use a different name to suppress this warning.
A parameter name that contains `beta` will be renamed internally to `bias`. Please use a different name to suppress this warning.
A parameter name that contains `gamma` will be renamed internally to `weight`. Please use a different name to suppress this warning.
A parameter name that contains `beta` will be renamed internally to `bias`. Please use a different name to suppress this warning.
A parameter name that contains `gamma` will be renamed internally to `weight`. Please use a different name to suppress this warning.
[rerank] 501 pairs  retriever=cde  device=cuda
[stage1] retrieval MRR=0.6621  R@1=0.565  R@10=0.840
[stage2] scoring 25050 pairs with CE followupqg_rerank …
[stage2] scoring 25050 pairs with CE followupqg_rerank_v2 …
[stage2] ensembled 2 CEs

 pool  blend      MRR     R@1     R@5    R@10
----------------------------------------------
   20   0.30   0.7399   0.657   0.846   0.876  <<
   20   0.50   0.7814   0.709   0.868   0.880  <<
   20   0.70   0.7788   0.705   0.868   0.882
   50   0.30   0.7602   0.673   0.866   0.898
   50   0.50   0.7968   0.721   0.882   0.910  <<
   50   0.70   0.7830   0.703   0.882   0.908

[best] pool50_blend0.5  MRR=0.7968
[baseline BiEncoder MRR]  0.5858
[lift over baseline]      +36.0%  (target +10% = 0.6444  ACHIEVED)
[fused AUC vs 4 random negs]  0.9979
[fused AUC vs 4 hard negs]    0.9696
[saved] /mnt/localssd/new_base_line/internship-causal-embedding/my_work/kl/results/followupqg/rerank_eval.json
[12:58:15] ===== DONE followupqg =====
