[12:32:56] ===== START multiwoz_v24 on GPU 2 =====
[12:32:56] [multiwoz_v24] Step 0: staging data
[12:32:56] [multiwoz_v24] Step 1: mining K=8 hard negatives
/mnt/localssd/new_base_line/internship-causal-embedding/.venv/lib/python3.11/site-packages/transformers/tokenization_utils_base.py:1601: FutureWarning: `clean_up_tokenization_spaces` was not set. It will be set to `True` by default. This behavior will be depracted in transformers v4.45, and will be then set to `False` by default. For more details check this issue: https://github.com/huggingface/transformers/issues/31884
  warnings.warn(
[miner] sentence-transformers/all-MiniLM-L6-v2  K=8

[train] loading /mnt/localssd/new_base_line/internship-causal-embedding/my_work/kl/results/multiwoz_v24/train_pairs.jsonl
  13500 pairs
  encoding 13500 positives …
  encoded in 2.5s  dim=384
  k-NN (8 per anchor) on cuda  chunk=1024 …
  k-NN done in 0.1s
  saved /mnt/localssd/new_base_line/internship-causal-embedding/my_work/kl/results/multiwoz_v24/hard_negatives_k8.npy

[test] loading /mnt/localssd/new_base_line/internship-causal-embedding/my_work/kl/results/multiwoz_v24/test_pairs.jsonl
  7368 pairs
  encoding 7368 positives …
  encoded in 1.2s  dim=384
  k-NN (8 per anchor) on cuda  chunk=1024 …
  k-NN done in 0.0s
  saved /mnt/localssd/new_base_line/internship-causal-embedding/my_work/kl/results/multiwoz_v24/test_hard_negatives_k8.npy

[done]
[12:33:05] [multiwoz_v24] Step 2: training CDEv2 retriever
/mnt/localssd/new_base_line/internship-causal-embedding/.venv/lib/python3.11/site-packages/transformers/tokenization_utils_base.py:1601: FutureWarning: `clean_up_tokenization_spaces` was not set. It will be set to `True` by default. This behavior will be depracted in transformers v4.45, and will be then set to `False` by default. For more details check this issue: https://github.com/huggingface/transformers/issues/31884
  warnings.warn(
A parameter name that contains `beta` will be renamed internally to `bias`. Please use a different name to suppress this warning.
A parameter name that contains `gamma` will be renamed internally to `weight`. Please use a different name to suppress this warning.
A parameter name that contains `beta` will be renamed internally to `bias`. Please use a different name to suppress this warning.
A parameter name that contains `gamma` will be renamed internally to `weight`. Please use a different name to suppress this warning.
A parameter name that contains `beta` will be renamed internally to `bias`. Please use a different name to suppress this warning.
A parameter name that contains `gamma` will be renamed internally to `weight`. Please use a different name to suppress this warning.
A parameter name that contains `beta` will be renamed internally to `bias`. Please use a different name to suppress this warning.
A parameter name that contains `gamma` will be renamed internally to `weight`. Please use a different name to suppress this warning.
A parameter name that contains `beta` will be renamed internally to `bias`. Please use a different name to suppress this warning.
A parameter name that contains `gamma` will be renamed internally to `weight`. Please use a different name to suppress this warning.
A parameter name that contains `beta` will be renamed internally to `bias`. Please use a different name to suppress this warning.
A parameter name that contains `gamma` will be renamed internally to `weight`. Please use a different name to suppress this warning.
A parameter name that contains `beta` will be renamed internally to `bias`. Please use a different name to suppress this warning.
A parameter name that contains `gamma` will be renamed internally to `weight`. Please use a different name to suppress this warning.
A parameter name that contains `beta` will be renamed internally to `bias`. Please use a different name to suppress this warning.
A parameter name that contains `gamma` will be renamed internally to `weight`. Please use a different name to suppress this warning.
A parameter name that contains `beta` will be renamed internally to `bias`. Please use a different name to suppress this warning.
A parameter name that contains `gamma` will be renamed internally to `weight`. Please use a different name to suppress this warning.
A parameter name that contains `beta` will be renamed internally to `bias`. Please use a different name to suppress this warning.
A parameter name that contains `gamma` will be renamed internally to `weight`. Please use a different name to suppress this warning.
A parameter name that contains `beta` will be renamed internally to `bias`. Please use a different name to suppress this warning.
A parameter name that contains `gamma` will be renamed internally to `weight`. Please use a different name to suppress this warning.
A parameter name that contains `beta` will be renamed internally to `bias`. Please use a different name to suppress this warning.
A parameter name that contains `gamma` will be renamed internally to `weight`. Please use a different name to suppress this warning.
A parameter name that contains `beta` will be renamed internally to `bias`. Please use a different name to suppress this warning.
A parameter name that contains `gamma` will be renamed internally to `weight`. Please use a different name to suppress this warning.
A parameter name that contains `beta` will be renamed internally to `bias`. Please use a different name to suppress this warning.
A parameter name that contains `gamma` will be renamed internally to `weight`. Please use a different name to suppress this warning.
A parameter name that contains `beta` will be renamed internally to `bias`. Please use a different name to suppress this warning.
A parameter name that contains `gamma` will be renamed internally to `weight`. Please use a different name to suppress this warning.
A parameter name that contains `beta` will be renamed internally to `bias`. Please use a different name to suppress this warning.
A parameter name that contains `gamma` will be renamed internally to `weight`. Please use a different name to suppress this warning.
A parameter name that contains `beta` will be renamed internally to `bias`. Please use a different name to suppress this warning.
A parameter name that contains `gamma` will be renamed internally to `weight`. Please use a different name to suppress this warning.
A parameter name that contains `beta` will be renamed internally to `bias`. Please use a different name to suppress this warning.
A parameter name that contains `gamma` will be renamed internally to `weight`. Please use a different name to suppress this warning.
A parameter name that contains `beta` will be renamed internally to `bias`. Please use a different name to suppress this warning.
A parameter name that contains `gamma` will be renamed internally to `weight`. Please use a different name to suppress this warning.
A parameter name that contains `beta` will be renamed internally to `bias`. Please use a different name to suppress this warning.
A parameter name that contains `gamma` will be renamed internally to `weight`. Please use a different name to suppress this warning.
A parameter name that contains `beta` will be renamed internally to `bias`. Please use a different name to suppress this warning.
A parameter name that contains `gamma` will be renamed internally to `weight`. Please use a different name to suppress this warning.
A parameter name that contains `beta` will be renamed internally to `bias`. Please use a different name to suppress this warning.
A parameter name that contains `gamma` will be renamed internally to `weight`. Please use a different name to suppress this warning.
A parameter name that contains `beta` will be renamed internally to `bias`. Please use a different name to suppress this warning.
A parameter name that contains `gamma` will be renamed internally to `weight`. Please use a different name to suppress this warning.
A parameter name that contains `beta` will be renamed internally to `bias`. Please use a different name to suppress this warning.
A parameter name that contains `gamma` will be renamed internally to `weight`. Please use a different name to suppress this warning.
A parameter name that contains `beta` will be renamed internally to `bias`. Please use a different name to suppress this warning.
A parameter name that contains `gamma` will be renamed internally to `weight`. Please use a different name to suppress this warning.
A parameter name that contains `beta` will be renamed internally to `bias`. Please use a different name to suppress this warning.
A parameter name that contains `gamma` will be renamed internally to `weight`. Please use a different name to suppress this warning.
A parameter name that contains `beta` will be renamed internally to `bias`. Please use a different name to suppress this warning.
A parameter name that contains `gamma` will be renamed internally to `weight`. Please use a different name to suppress this warning.
A parameter name that contains `beta` will be renamed internally to `bias`. Please use a different name to suppress this warning.
A parameter name that contains `gamma` will be renamed internally to `weight`. Please use a different name to suppress this warning.
A parameter name that contains `beta` will be renamed internally to `bias`. Please use a different name to suppress this warning.
A parameter name that contains `gamma` will be renamed internally to `weight`. Please use a different name to suppress this warning.
A parameter name that contains `beta` will be renamed internally to `bias`. Please use a different name to suppress this warning.
A parameter name that contains `gamma` will be renamed internally to `weight`. Please use a different name to suppress this warning.
A parameter name that contains `beta` will be renamed internally to `bias`. Please use a different name to suppress this warning.
A parameter name that contains `gamma` will be renamed internally to `weight`. Please use a different name to suppress this warning.
A parameter name that contains `beta` will be renamed internally to `bias`. Please use a different name to suppress this warning.
A parameter name that contains `gamma` will be renamed internally to `weight`. Please use a different name to suppress this warning.
A parameter name that contains `beta` will be renamed internally to `bias`. Please use a different name to suppress this warning.
A parameter name that contains `gamma` will be renamed internally to `weight`. Please use a different name to suppress this warning.
A parameter name that contains `beta` will be renamed internally to `bias`. Please use a different name to suppress this warning.
A parameter name that contains `gamma` will be renamed internally to `weight`. Please use a different name to suppress this warning.
A parameter name that contains `beta` will be renamed internally to `bias`. Please use a different name to suppress this warning.
A parameter name that contains `gamma` will be renamed internally to `weight`. Please use a different name to suppress this warning.
A parameter name that contains `beta` will be renamed internally to `bias`. Please use a different name to suppress this warning.
A parameter name that contains `gamma` will be renamed internally to `weight`. Please use a different name to suppress this warning.
A parameter name that contains `beta` will be renamed internally to `bias`. Please use a different name to suppress this warning.
A parameter name that contains `gamma` will be renamed internally to `weight`. Please use a different name to suppress this warning.
A parameter name that contains `beta` will be renamed internally to `bias`. Please use a different name to suppress this warning.
A parameter name that contains `gamma` will be renamed internally to `weight`. Please use a different name to suppress this warning.
A parameter name that contains `beta` will be renamed internally to `bias`. Please use a different name to suppress this warning.
A parameter name that contains `gamma` will be renamed internally to `weight`. Please use a different name to suppress this warning.
A parameter name that contains `beta` will be renamed internally to `bias`. Please use a different name to suppress this warning.
A parameter name that contains `gamma` will be renamed internally to `weight`. Please use a different name to suppress this warning.
A parameter name that contains `beta` will be renamed internally to `bias`. Please use a different name to suppress this warning.
A parameter name that contains `gamma` will be renamed internally to `weight`. Please use a different name to suppress this warning.
A parameter name that contains `beta` will be renamed internally to `bias`. Please use a different name to suppress this warning.
A parameter name that contains `gamma` will be renamed internally to `weight`. Please use a different name to suppress this warning.
A parameter name that contains `beta` will be renamed internally to `bias`. Please use a different name to suppress this warning.
A parameter name that contains `gamma` will be renamed internally to `weight`. Please use a different name to suppress this warning.
A parameter name that contains `beta` will be renamed internally to `bias`. Please use a different name to suppress this warning.
A parameter name that contains `gamma` will be renamed internally to `weight`. Please use a different name to suppress this warning.
A parameter name that contains `beta` will be renamed internally to `bias`. Please use a different name to suppress this warning.
A parameter name that contains `gamma` will be renamed internally to `weight`. Please use a different name to suppress this warning.
A parameter name that contains `beta` will be renamed internally to `bias`. Please use a different name to suppress this warning.
A parameter name that contains `gamma` will be renamed internally to `weight`. Please use a different name to suppress this warning.
A parameter name that contains `beta` will be renamed internally to `bias`. Please use a different name to suppress this warning.
A parameter name that contains `gamma` will be renamed internally to `weight`. Please use a different name to suppress this warning.
A parameter name that contains `beta` will be renamed internally to `bias`. Please use a different name to suppress this warning.
A parameter name that contains `gamma` will be renamed internally to `weight`. Please use a different name to suppress this warning.
A parameter name that contains `beta` will be renamed internally to `bias`. Please use a different name to suppress this warning.
A parameter name that contains `gamma` will be renamed internally to `weight`. Please use a different name to suppress this warning.
A parameter name that contains `beta` will be renamed internally to `bias`. Please use a different name to suppress this warning.
A parameter name that contains `gamma` will be renamed internally to `weight`. Please use a different name to suppress this warning.
A parameter name that contains `beta` will be renamed internally to `bias`. Please use a different name to suppress this warning.
A parameter name that contains `gamma` will be renamed internally to `weight`. Please use a different name to suppress this warning.
A parameter name that contains `beta` will be renamed internally to `bias`. Please use a different name to suppress this warning.
A parameter name that contains `gamma` will be renamed internally to `weight`. Please use a different name to suppress this warning.
[device] cuda
[out]    /mnt/localssd/new_base_line/internship-causal-embedding/my_work/kl/results/multiwoz_v24
[data] 13500 train pairs  K=8
[data] 1500 val pairs
[warm-start] from finetune_eval/results/multiwoz_v24/checkpoint_best.pt
  [warm-start] loaded 199 anchor tensors -> cause_enc, 199 positive tensors -> effect_enc (missing=0, unexpected=0)
[model] shared_encoder=False  kl_scale=dim  init_cos_weight=1.0  pooling=cls  mu_identity=True  log_sigma_init=3.0
[model] CDEv2  backbone=google-bert/bert-base-uncased  proj_dim=768  params=226,059,268

================================================================================
CDEv2 training  total=3000  phA=3000  phB_end=3000
batch=64  K=8  bf16=True  backbone_lr=2e-05  head_lr=0.0001
================================================================================
  step=   50/3000 [A]  loss=2.1551  info=2.1551  τ=0.0498  λcos=1.000  s+=0.553  s-=0.252  γ=0.0005
  step=  100/3000 [A]  loss=2.5461  info=2.5461  τ=0.0490  λcos=1.002  s+=0.482  s-=0.194  γ=0.0024
  step=  150/3000 [A]  loss=2.3521  info=2.3521  τ=0.0485  λcos=1.004  s+=0.392  s-=0.075  γ=0.0046
  step=  200/3000 [A]  loss=2.3282  info=2.3282  τ=0.0479  λcos=1.005  s+=0.436  s-=0.120  γ=0.0056
  [val step=200]  MRR=0.2730  R@1=0.179  R@5=0.351  R@10=0.463  med=14  * new best
  step=  250/3000 [A]  loss=2.2972  info=2.2972  τ=0.0461  λcos=1.009  s+=0.416  s-=0.092  γ=0.0063
  step=  300/3000 [A]  loss=2.2392  info=2.2392  τ=0.0451  λcos=1.011  s+=0.383  s-=0.077  γ=0.0069
  step=  350/3000 [A]  loss=2.1443  info=2.1443  τ=0.0443  λcos=1.013  s+=0.399  s-=0.061  γ=0.0075
  step=  400/3000 [A]  loss=2.1765  info=2.1765  τ=0.0439  λcos=1.014  s+=0.401  s-=0.086  γ=0.0082
  [val step=400]  MRR=0.2783  R@1=0.185  R@5=0.359  R@10=0.457  med=13  * new best
  step=  450/3000 [A]  loss=2.0912  info=2.0912  τ=0.0422  λcos=1.018  s+=0.395  s-=0.078  γ=0.0081
  step=  500/3000 [A]  loss=2.1386  info=2.1386  τ=0.0403  λcos=1.022  s+=0.356  s-=0.044  γ=0.0092
  step=  550/3000 [A]  loss=1.8868  info=1.8868  τ=0.0394  λcos=1.024  s+=0.363  s-=0.042  γ=0.0096
  step=  600/3000 [A]  loss=2.1262  info=2.1262  τ=0.0386  λcos=1.027  s+=0.367  s-=0.048  γ=0.0095
  [val step=600]  MRR=0.2789  R@1=0.184  R@5=0.367  R@10=0.461  med=13  * new best
  step=  650/3000 [A]  loss=1.6200  info=1.6200  τ=0.0375  λcos=1.030  s+=0.389  s-=0.044  γ=0.0100
  step=  700/3000 [A]  loss=1.6943  info=1.6943  τ=0.0358  λcos=1.034  s+=0.379  s-=0.032  γ=0.0106
  step=  750/3000 [A]  loss=1.3617  info=1.3617  τ=0.0348  λcos=1.036  s+=0.364  s-=0.000  γ=0.0111
  step=  800/3000 [A]  loss=1.3123  info=1.3123  τ=0.0340  λcos=1.038  s+=0.365  s-=0.011  γ=0.0115
  [val step=800]  MRR=0.2829  R@1=0.199  R@5=0.356  R@10=0.462  med=13  * new best
  step=  850/3000 [A]  loss=1.2426  info=1.2426  τ=0.0333  λcos=1.040  s+=0.370  s-=0.007  γ=0.0116
  step=  900/3000 [A]  loss=1.3161  info=1.3161  τ=0.0317  λcos=1.045  s+=0.367  s-=-0.003  γ=0.0122
  step=  950/3000 [A]  loss=1.4600  info=1.4600  τ=0.0308  λcos=1.047  s+=0.366  s-=0.006  γ=0.0124
  step= 1000/3000 [A]  loss=1.5128  info=1.5128  τ=0.0304  λcos=1.049  s+=0.331  s-=-0.010  γ=0.0129
  [val step=1000]  MRR=0.2766  R@1=0.191  R@5=0.348  R@10=0.441  med=15  (patience 1/6)
  step= 1050/3000 [A]  loss=1.7406  info=1.7406  τ=0.0301  λcos=1.050  s+=0.346  s-=0.009  γ=0.0129
  step= 1100/3000 [A]  loss=1.1130  info=1.1130  τ=0.0289  λcos=1.054  s+=0.343  s-=-0.024  γ=0.0131
  step= 1150/3000 [A]  loss=1.2665  info=1.2665  τ=0.0280  λcos=1.056  s+=0.345  s-=-0.012  γ=0.0134
  step= 1200/3000 [A]  loss=1.1360  info=1.1360  τ=0.0276  λcos=1.058  s+=0.364  s-=-0.018  γ=0.0137
  [val step=1200]  MRR=0.2733  R@1=0.184  R@5=0.353  R@10=0.450  med=14  (patience 2/6)
  step= 1250/3000 [A]  loss=1.1873  info=1.1873  τ=0.0272  λcos=1.059  s+=0.371  s-=0.001  γ=0.0142
  step= 1300/3000 [A]  loss=1.0654  info=1.0654  τ=0.0265  λcos=1.061  s+=0.375  s-=-0.014  γ=0.0138
  step= 1350/3000 [A]  loss=1.2060  info=1.2060  τ=0.0258  λcos=1.064  s+=0.347  s-=-0.013  γ=0.0145
  step= 1400/3000 [A]  loss=0.9548  info=0.9548  τ=0.0253  λcos=1.065  s+=0.367  s-=-0.010  γ=0.0147
  [val step=1400]  MRR=0.2735  R@1=0.186  R@5=0.347  R@10=0.451  med=14  (patience 3/6)
  step= 1450/3000 [A]  loss=0.9149  info=0.9149  τ=0.0250  λcos=1.067  s+=0.346  s-=-0.038  γ=0.0149
  step= 1500/3000 [A]  loss=0.9170  info=0.9170  τ=0.0246  λcos=1.068  s+=0.366  s-=-0.025  γ=0.0149
  step= 1550/3000 [A]  loss=1.1012  info=1.1012  τ=0.0241  λcos=1.070  s+=0.355  s-=-0.021  γ=0.0150
  step= 1600/3000 [A]  loss=0.6721  info=0.6721  τ=0.0238  λcos=1.071  s+=0.355  s-=-0.027  γ=0.0153
  [val step=1600]  MRR=0.2763  R@1=0.185  R@5=0.357  R@10=0.458  med=14  (patience 4/6)
  step= 1650/3000 [A]  loss=1.1276  info=1.1276  τ=0.0235  λcos=1.072  s+=0.370  s-=-0.019  γ=0.0155
  step= 1700/3000 [A]  loss=0.9191  info=0.9191  τ=0.0232  λcos=1.074  s+=0.359  s-=-0.040  γ=0.0154
  step= 1750/3000 [A]  loss=0.6236  info=0.6236  τ=0.0229  λcos=1.075  s+=0.357  s-=-0.045  γ=0.0155
  step= 1800/3000 [A]  loss=0.9651  info=0.9651  τ=0.0226  λcos=1.076  s+=0.363  s-=-0.045  γ=0.0155
  [val step=1800]  MRR=0.2736  R@1=0.186  R@5=0.351  R@10=0.441  med=14  (patience 5/6)
  step= 1850/3000 [A]  loss=0.7713  info=0.7713  τ=0.0224  λcos=1.077  s+=0.357  s-=-0.022  γ=0.0158
  step= 1900/3000 [A]  loss=0.8930  info=0.8930  τ=0.0223  λcos=1.078  s+=0.389  s-=-0.019  γ=0.0156
  step= 1950/3000 [A]  loss=0.7634  info=0.7634  τ=0.0221  λcos=1.078  s+=0.359  s-=-0.031  γ=0.0157
  step= 2000/3000 [A]  loss=0.7362  info=0.7362  τ=0.0218  λcos=1.079  s+=0.374  s-=-0.039  γ=0.0158
  [val step=2000]  MRR=0.2719  R@1=0.183  R@5=0.361  R@10=0.439  med=15  (patience 6/6)

[early stop] no MRR improvement for 6 checks.

================================================================================
[done]  best val MRR=0.2829
  best:   /mnt/localssd/new_base_line/internship-causal-embedding/my_work/kl/results/multiwoz_v24/cde_v2_run5c_best.pt
  latest: /mnt/localssd/new_base_line/internship-causal-embedding/my_work/kl/results/multiwoz_v24/cde_v2_run5c_latest.pt
[12:43:17] [multiwoz_v24] Step 3a: training CE v1 (MiniLM negs)
/mnt/localssd/new_base_line/internship-causal-embedding/.venv/lib/python3.11/site-packages/transformers/tokenization_utils_base.py:1601: FutureWarning: `clean_up_tokenization_spaces` was not set. It will be set to `True` by default. This behavior will be depracted in transformers v4.45, and will be then set to `False` by default. For more details check this issue: https://github.com/huggingface/transformers/issues/31884
  warnings.warn(
A parameter name that contains `beta` will be renamed internally to `bias`. Please use a different name to suppress this warning.
A parameter name that contains `gamma` will be renamed internally to `weight`. Please use a different name to suppress this warning.
A parameter name that contains `beta` will be renamed internally to `bias`. Please use a different name to suppress this warning.
A parameter name that contains `gamma` will be renamed internally to `weight`. Please use a different name to suppress this warning.
A parameter name that contains `beta` will be renamed internally to `bias`. Please use a different name to suppress this warning.
A parameter name that contains `gamma` will be renamed internally to `weight`. Please use a different name to suppress this warning.
A parameter name that contains `beta` will be renamed internally to `bias`. Please use a different name to suppress this warning.
A parameter name that contains `gamma` will be renamed internally to `weight`. Please use a different name to suppress this warning.
A parameter name that contains `beta` will be renamed internally to `bias`. Please use a different name to suppress this warning.
A parameter name that contains `gamma` will be renamed internally to `weight`. Please use a different name to suppress this warning.
A parameter name that contains `beta` will be renamed internally to `bias`. Please use a different name to suppress this warning.
A parameter name that contains `gamma` will be renamed internally to `weight`. Please use a different name to suppress this warning.
A parameter name that contains `beta` will be renamed internally to `bias`. Please use a different name to suppress this warning.
A parameter name that contains `gamma` will be renamed internally to `weight`. Please use a different name to suppress this warning.
A parameter name that contains `beta` will be renamed internally to `bias`. Please use a different name to suppress this warning.
A parameter name that contains `gamma` will be renamed internally to `weight`. Please use a different name to suppress this warning.
A parameter name that contains `beta` will be renamed internally to `bias`. Please use a different name to suppress this warning.
A parameter name that contains `gamma` will be renamed internally to `weight`. Please use a different name to suppress this warning.
A parameter name that contains `beta` will be renamed internally to `bias`. Please use a different name to suppress this warning.
A parameter name that contains `gamma` will be renamed internally to `weight`. Please use a different name to suppress this warning.
A parameter name that contains `beta` will be renamed internally to `bias`. Please use a different name to suppress this warning.
A parameter name that contains `gamma` will be renamed internally to `weight`. Please use a different name to suppress this warning.
A parameter name that contains `beta` will be renamed internally to `bias`. Please use a different name to suppress this warning.
A parameter name that contains `gamma` will be renamed internally to `weight`. Please use a different name to suppress this warning.
A parameter name that contains `beta` will be renamed internally to `bias`. Please use a different name to suppress this warning.
A parameter name that contains `gamma` will be renamed internally to `weight`. Please use a different name to suppress this warning.
A parameter name that contains `beta` will be renamed internally to `bias`. Please use a different name to suppress this warning.
A parameter name that contains `gamma` will be renamed internally to `weight`. Please use a different name to suppress this warning.
A parameter name that contains `beta` will be renamed internally to `bias`. Please use a different name to suppress this warning.
A parameter name that contains `gamma` will be renamed internally to `weight`. Please use a different name to suppress this warning.
A parameter name that contains `beta` will be renamed internally to `bias`. Please use a different name to suppress this warning.
A parameter name that contains `gamma` will be renamed internally to `weight`. Please use a different name to suppress this warning.
A parameter name that contains `beta` will be renamed internally to `bias`. Please use a different name to suppress this warning.
A parameter name that contains `gamma` will be renamed internally to `weight`. Please use a different name to suppress this warning.
A parameter name that contains `beta` will be renamed internally to `bias`. Please use a different name to suppress this warning.
A parameter name that contains `gamma` will be renamed internally to `weight`. Please use a different name to suppress this warning.
A parameter name that contains `beta` will be renamed internally to `bias`. Please use a different name to suppress this warning.
A parameter name that contains `gamma` will be renamed internally to `weight`. Please use a different name to suppress this warning.
A parameter name that contains `beta` will be renamed internally to `bias`. Please use a different name to suppress this warning.
A parameter name that contains `gamma` will be renamed internally to `weight`. Please use a different name to suppress this warning.
A parameter name that contains `beta` will be renamed internally to `bias`. Please use a different name to suppress this warning.
A parameter name that contains `gamma` will be renamed internally to `weight`. Please use a different name to suppress this warning.
A parameter name that contains `beta` will be renamed internally to `bias`. Please use a different name to suppress this warning.
A parameter name that contains `gamma` will be renamed internally to `weight`. Please use a different name to suppress this warning.
A parameter name that contains `beta` will be renamed internally to `bias`. Please use a different name to suppress this warning.
A parameter name that contains `gamma` will be renamed internally to `weight`. Please use a different name to suppress this warning.
A parameter name that contains `beta` will be renamed internally to `bias`. Please use a different name to suppress this warning.
A parameter name that contains `gamma` will be renamed internally to `weight`. Please use a different name to suppress this warning.
A parameter name that contains `beta` will be renamed internally to `bias`. Please use a different name to suppress this warning.
A parameter name that contains `gamma` will be renamed internally to `weight`. Please use a different name to suppress this warning.
A parameter name that contains `beta` will be renamed internally to `bias`. Please use a different name to suppress this warning.
A parameter name that contains `gamma` will be renamed internally to `weight`. Please use a different name to suppress this warning.
[data] train from finetune_eval/results/multiwoz_v24/train_pairs.jsonl
        15000 train pairs
        hard negatives (15000, 4)
[data] no mined val split for multiwoz_v24; holding out 5% of train as val
        train=14250  val=750
        flattened: train rows=71250  val rows=3750
[model] backbone=google-bert/bert-base-uncased  params=109,483,009
[train] dataset=multiwoz_v24 total_steps=2228 warmup=133 batch_size=128 epochs=4 max_length=256  early_stop=(thresh 0.001, patience 2)
  step=   200/2228  loss=0.4584  lr=1.94e-05  epoch=1
  step=   400/2228  loss=0.5498  lr=1.75e-05  epoch=1
[epoch 1/4]  train_loss=0.5039  val_AUC=0.7627  val_P@1=0.5067  (99s)
  * new best val_AUC=0.7627, saved checkpoint_best.pt
  step=   600/2228  loss=0.5222  lr=1.55e-05  epoch=2
  step=   800/2228  loss=0.4230  lr=1.36e-05  epoch=2
  step=  1000/2228  loss=0.4729  lr=1.17e-05  epoch=2
[epoch 2/4]  train_loss=0.4653  val_AUC=0.8143  val_P@1=0.5507  (199s)
  * new best val_AUC=0.8143, saved checkpoint_best.pt
  step=  1200/2228  loss=0.4784  lr=9.81e-06  epoch=3
  step=  1400/2228  loss=0.3719  lr=7.90e-06  epoch=3
  step=  1600/2228  loss=0.4864  lr=6.00e-06  epoch=3
[epoch 3/4]  train_loss=0.4371  val_AUC=0.8270  val_P@1=0.5760  (300s)
  * new best val_AUC=0.8270, saved checkpoint_best.pt
  step=  1800/2228  loss=0.5250  lr=4.09e-06  epoch=4
  step=  2000/2228  loss=0.3988  lr=2.18e-06  epoch=4
  step=  2200/2228  loss=0.3593  lr=2.67e-07  epoch=4
[epoch 4/4]  train_loss=0.4135  val_AUC=0.8356  val_P@1=0.5907  (400s)
  * new best val_AUC=0.8356, saved checkpoint_best.pt

[done]  best val_AUC=0.8356  stopped_early=False
  best:   my_work/kl/cross_encoder/results/multiwoz_v24_rerank/checkpoint_best.pt
  latest: my_work/kl/cross_encoder/results/multiwoz_v24_rerank/checkpoint_latest.pt
[12:50:05] [multiwoz_v24] Step 3b: mining in-domain negatives from CDEv2
/mnt/localssd/new_base_line/internship-causal-embedding/.venv/lib/python3.11/site-packages/transformers/tokenization_utils_base.py:1601: FutureWarning: `clean_up_tokenization_spaces` was not set. It will be set to `True` by default. This behavior will be depracted in transformers v4.45, and will be then set to `False` by default. For more details check this issue: https://github.com/huggingface/transformers/issues/31884
  warnings.warn(
A parameter name that contains `beta` will be renamed internally to `bias`. Please use a different name to suppress this warning.
A parameter name that contains `gamma` will be renamed internally to `weight`. Please use a different name to suppress this warning.
A parameter name that contains `beta` will be renamed internally to `bias`. Please use a different name to suppress this warning.
A parameter name that contains `gamma` will be renamed internally to `weight`. Please use a different name to suppress this warning.
A parameter name that contains `beta` will be renamed internally to `bias`. Please use a different name to suppress this warning.
A parameter name that contains `gamma` will be renamed internally to `weight`. Please use a different name to suppress this warning.
A parameter name that contains `beta` will be renamed internally to `bias`. Please use a different name to suppress this warning.
A parameter name that contains `gamma` will be renamed internally to `weight`. Please use a different name to suppress this warning.
A parameter name that contains `beta` will be renamed internally to `bias`. Please use a different name to suppress this warning.
A parameter name that contains `gamma` will be renamed internally to `weight`. Please use a different name to suppress this warning.
A parameter name that contains `beta` will be renamed internally to `bias`. Please use a different name to suppress this warning.
A parameter name that contains `gamma` will be renamed internally to `weight`. Please use a different name to suppress this warning.
A parameter name that contains `beta` will be renamed internally to `bias`. Please use a different name to suppress this warning.
A parameter name that contains `gamma` will be renamed internally to `weight`. Please use a different name to suppress this warning.
A parameter name that contains `beta` will be renamed internally to `bias`. Please use a different name to suppress this warning.
A parameter name that contains `gamma` will be renamed internally to `weight`. Please use a different name to suppress this warning.
A parameter name that contains `beta` will be renamed internally to `bias`. Please use a different name to suppress this warning.
A parameter name that contains `gamma` will be renamed internally to `weight`. Please use a different name to suppress this warning.
A parameter name that contains `beta` will be renamed internally to `bias`. Please use a different name to suppress this warning.
A parameter name that contains `gamma` will be renamed internally to `weight`. Please use a different name to suppress this warning.
A parameter name that contains `beta` will be renamed internally to `bias`. Please use a different name to suppress this warning.
A parameter name that contains `gamma` will be renamed internally to `weight`. Please use a different name to suppress this warning.
A parameter name that contains `beta` will be renamed internally to `bias`. Please use a different name to suppress this warning.
A parameter name that contains `gamma` will be renamed internally to `weight`. Please use a different name to suppress this warning.
A parameter name that contains `beta` will be renamed internally to `bias`. Please use a different name to suppress this warning.
A parameter name that contains `gamma` will be renamed internally to `weight`. Please use a different name to suppress this warning.
A parameter name that contains `beta` will be renamed internally to `bias`. Please use a different name to suppress this warning.
A parameter name that contains `gamma` will be renamed internally to `weight`. Please use a different name to suppress this warning.
A parameter name that contains `beta` will be renamed internally to `bias`. Please use a different name to suppress this warning.
A parameter name that contains `gamma` will be renamed internally to `weight`. Please use a different name to suppress this warning.
A parameter name that contains `beta` will be renamed internally to `bias`. Please use a different name to suppress this warning.
A parameter name that contains `gamma` will be renamed internally to `weight`. Please use a different name to suppress this warning.
A parameter name that contains `beta` will be renamed internally to `bias`. Please use a different name to suppress this warning.
A parameter name that contains `gamma` will be renamed internally to `weight`. Please use a different name to suppress this warning.
A parameter name that contains `beta` will be renamed internally to `bias`. Please use a different name to suppress this warning.
A parameter name that contains `gamma` will be renamed internally to `weight`. Please use a different name to suppress this warning.
A parameter name that contains `beta` will be renamed internally to `bias`. Please use a different name to suppress this warning.
A parameter name that contains `gamma` will be renamed internally to `weight`. Please use a different name to suppress this warning.
A parameter name that contains `beta` will be renamed internally to `bias`. Please use a different name to suppress this warning.
A parameter name that contains `gamma` will be renamed internally to `weight`. Please use a different name to suppress this warning.
A parameter name that contains `beta` will be renamed internally to `bias`. Please use a different name to suppress this warning.
A parameter name that contains `gamma` will be renamed internally to `weight`. Please use a different name to suppress this warning.
A parameter name that contains `beta` will be renamed internally to `bias`. Please use a different name to suppress this warning.
A parameter name that contains `gamma` will be renamed internally to `weight`. Please use a different name to suppress this warning.
A parameter name that contains `beta` will be renamed internally to `bias`. Please use a different name to suppress this warning.
A parameter name that contains `gamma` will be renamed internally to `weight`. Please use a different name to suppress this warning.
A parameter name that contains `beta` will be renamed internally to `bias`. Please use a different name to suppress this warning.
A parameter name that contains `gamma` will be renamed internally to `weight`. Please use a different name to suppress this warning.
A parameter name that contains `beta` will be renamed internally to `bias`. Please use a different name to suppress this warning.
A parameter name that contains `gamma` will be renamed internally to `weight`. Please use a different name to suppress this warning.
A parameter name that contains `beta` will be renamed internally to `bias`. Please use a different name to suppress this warning.
A parameter name that contains `gamma` will be renamed internally to `weight`. Please use a different name to suppress this warning.
A parameter name that contains `beta` will be renamed internally to `bias`. Please use a different name to suppress this warning.
A parameter name that contains `gamma` will be renamed internally to `weight`. Please use a different name to suppress this warning.
A parameter name that contains `beta` will be renamed internally to `bias`. Please use a different name to suppress this warning.
A parameter name that contains `gamma` will be renamed internally to `weight`. Please use a different name to suppress this warning.
A parameter name that contains `beta` will be renamed internally to `bias`. Please use a different name to suppress this warning.
A parameter name that contains `gamma` will be renamed internally to `weight`. Please use a different name to suppress this warning.
A parameter name that contains `beta` will be renamed internally to `bias`. Please use a different name to suppress this warning.
A parameter name that contains `gamma` will be renamed internally to `weight`. Please use a different name to suppress this warning.
A parameter name that contains `beta` will be renamed internally to `bias`. Please use a different name to suppress this warning.
A parameter name that contains `gamma` will be renamed internally to `weight`. Please use a different name to suppress this warning.
A parameter name that contains `beta` will be renamed internally to `bias`. Please use a different name to suppress this warning.
A parameter name that contains `gamma` will be renamed internally to `weight`. Please use a different name to suppress this warning.
A parameter name that contains `beta` will be renamed internally to `bias`. Please use a different name to suppress this warning.
A parameter name that contains `gamma` will be renamed internally to `weight`. Please use a different name to suppress this warning.
A parameter name that contains `beta` will be renamed internally to `bias`. Please use a different name to suppress this warning.
A parameter name that contains `gamma` will be renamed internally to `weight`. Please use a different name to suppress this warning.
A parameter name that contains `beta` will be renamed internally to `bias`. Please use a different name to suppress this warning.
A parameter name that contains `gamma` will be renamed internally to `weight`. Please use a different name to suppress this warning.
A parameter name that contains `beta` will be renamed internally to `bias`. Please use a different name to suppress this warning.
A parameter name that contains `gamma` will be renamed internally to `weight`. Please use a different name to suppress this warning.
A parameter name that contains `beta` will be renamed internally to `bias`. Please use a different name to suppress this warning.
A parameter name that contains `gamma` will be renamed internally to `weight`. Please use a different name to suppress this warning.
A parameter name that contains `beta` will be renamed internally to `bias`. Please use a different name to suppress this warning.
A parameter name that contains `gamma` will be renamed internally to `weight`. Please use a different name to suppress this warning.
A parameter name that contains `beta` will be renamed internally to `bias`. Please use a different name to suppress this warning.
A parameter name that contains `gamma` will be renamed internally to `weight`. Please use a different name to suppress this warning.
A parameter name that contains `beta` will be renamed internally to `bias`. Please use a different name to suppress this warning.
A parameter name that contains `gamma` will be renamed internally to `weight`. Please use a different name to suppress this warning.
A parameter name that contains `beta` will be renamed internally to `bias`. Please use a different name to suppress this warning.
A parameter name that contains `gamma` will be renamed internally to `weight`. Please use a different name to suppress this warning.
A parameter name that contains `beta` will be renamed internally to `bias`. Please use a different name to suppress this warning.
A parameter name that contains `gamma` will be renamed internally to `weight`. Please use a different name to suppress this warning.
A parameter name that contains `beta` will be renamed internally to `bias`. Please use a different name to suppress this warning.
A parameter name that contains `gamma` will be renamed internally to `weight`. Please use a different name to suppress this warning.
A parameter name that contains `beta` will be renamed internally to `bias`. Please use a different name to suppress this warning.
A parameter name that contains `gamma` will be renamed internally to `weight`. Please use a different name to suppress this warning.
A parameter name that contains `beta` will be renamed internally to `bias`. Please use a different name to suppress this warning.
A parameter name that contains `gamma` will be renamed internally to `weight`. Please use a different name to suppress this warning.
A parameter name that contains `beta` will be renamed internally to `bias`. Please use a different name to suppress this warning.
A parameter name that contains `gamma` will be renamed internally to `weight`. Please use a different name to suppress this warning.
A parameter name that contains `beta` will be renamed internally to `bias`. Please use a different name to suppress this warning.
A parameter name that contains `gamma` will be renamed internally to `weight`. Please use a different name to suppress this warning.
A parameter name that contains `beta` will be renamed internally to `bias`. Please use a different name to suppress this warning.
A parameter name that contains `gamma` will be renamed internally to `weight`. Please use a different name to suppress this warning.
A parameter name that contains `beta` will be renamed internally to `bias`. Please use a different name to suppress this warning.
A parameter name that contains `gamma` will be renamed internally to `weight`. Please use a different name to suppress this warning.
A parameter name that contains `beta` will be renamed internally to `bias`. Please use a different name to suppress this warning.
A parameter name that contains `gamma` will be renamed internally to `weight`. Please use a different name to suppress this warning.
A parameter name that contains `beta` will be renamed internally to `bias`. Please use a different name to suppress this warning.
A parameter name that contains `gamma` will be renamed internally to `weight`. Please use a different name to suppress this warning.
A parameter name that contains `beta` will be renamed internally to `bias`. Please use a different name to suppress this warning.
A parameter name that contains `gamma` will be renamed internally to `weight`. Please use a different name to suppress this warning.
[load] /mnt/localssd/new_base_line/internship-causal-embedding/my_work/kl/results/multiwoz_v24/cde_v2_run5c_best.pt
  backbone=google-bert/bert-base-uncased  proj_dim=768  device=cuda

[train] encoding 13500 anchors …
  anchors encoded in 38.3s
[train] encoding 13500 positives …
  positives encoded in 7.8s
[train] retrieving top-4 hard negatives (chunk=512) …
  retrieval done in 0.1s
  saved /mnt/localssd/new_base_line/internship-causal-embedding/my_work/kl/cross_encoder/data_indomain/multiwoz_v24/hard_negatives.npy  shape=(13500, 4)

[val] encoding 1500 anchors …
  anchors encoded in 4.2s
[val] encoding 1500 positives …
  positives encoded in 0.9s
[val] retrieving top-4 hard negatives (chunk=512) …
  retrieval done in 0.0s
  saved /mnt/localssd/new_base_line/internship-causal-embedding/my_work/kl/cross_encoder/data_indomain/multiwoz_v24/val_hard_negatives.npy  shape=(1500, 4)

[done] in-domain negatives written to /mnt/localssd/new_base_line/internship-causal-embedding/my_work/kl/cross_encoder/data_indomain/multiwoz_v24
[12:51:02] [multiwoz_v24] Step 3c: training CE v2 (in-domain negs)
/mnt/localssd/new_base_line/internship-causal-embedding/.venv/lib/python3.11/site-packages/transformers/tokenization_utils_base.py:1601: FutureWarning: `clean_up_tokenization_spaces` was not set. It will be set to `True` by default. This behavior will be depracted in transformers v4.45, and will be then set to `False` by default. For more details check this issue: https://github.com/huggingface/transformers/issues/31884
  warnings.warn(
A parameter name that contains `beta` will be renamed internally to `bias`. Please use a different name to suppress this warning.
A parameter name that contains `gamma` will be renamed internally to `weight`. Please use a different name to suppress this warning.
A parameter name that contains `beta` will be renamed internally to `bias`. Please use a different name to suppress this warning.
A parameter name that contains `gamma` will be renamed internally to `weight`. Please use a different name to suppress this warning.
A parameter name that contains `beta` will be renamed internally to `bias`. Please use a different name to suppress this warning.
A parameter name that contains `gamma` will be renamed internally to `weight`. Please use a different name to suppress this warning.
A parameter name that contains `beta` will be renamed internally to `bias`. Please use a different name to suppress this warning.
A parameter name that contains `gamma` will be renamed internally to `weight`. Please use a different name to suppress this warning.
A parameter name that contains `beta` will be renamed internally to `bias`. Please use a different name to suppress this warning.
A parameter name that contains `gamma` will be renamed internally to `weight`. Please use a different name to suppress this warning.
A parameter name that contains `beta` will be renamed internally to `bias`. Please use a different name to suppress this warning.
A parameter name that contains `gamma` will be renamed internally to `weight`. Please use a different name to suppress this warning.
A parameter name that contains `beta` will be renamed internally to `bias`. Please use a different name to suppress this warning.
A parameter name that contains `gamma` will be renamed internally to `weight`. Please use a different name to suppress this warning.
A parameter name that contains `beta` will be renamed internally to `bias`. Please use a different name to suppress this warning.
A parameter name that contains `gamma` will be renamed internally to `weight`. Please use a different name to suppress this warning.
A parameter name that contains `beta` will be renamed internally to `bias`. Please use a different name to suppress this warning.
A parameter name that contains `gamma` will be renamed internally to `weight`. Please use a different name to suppress this warning.
A parameter name that contains `beta` will be renamed internally to `bias`. Please use a different name to suppress this warning.
A parameter name that contains `gamma` will be renamed internally to `weight`. Please use a different name to suppress this warning.
A parameter name that contains `beta` will be renamed internally to `bias`. Please use a different name to suppress this warning.
A parameter name that contains `gamma` will be renamed internally to `weight`. Please use a different name to suppress this warning.
A parameter name that contains `beta` will be renamed internally to `bias`. Please use a different name to suppress this warning.
A parameter name that contains `gamma` will be renamed internally to `weight`. Please use a different name to suppress this warning.
A parameter name that contains `beta` will be renamed internally to `bias`. Please use a different name to suppress this warning.
A parameter name that contains `gamma` will be renamed internally to `weight`. Please use a different name to suppress this warning.
A parameter name that contains `beta` will be renamed internally to `bias`. Please use a different name to suppress this warning.
A parameter name that contains `gamma` will be renamed internally to `weight`. Please use a different name to suppress this warning.
A parameter name that contains `beta` will be renamed internally to `bias`. Please use a different name to suppress this warning.
A parameter name that contains `gamma` will be renamed internally to `weight`. Please use a different name to suppress this warning.
A parameter name that contains `beta` will be renamed internally to `bias`. Please use a different name to suppress this warning.
A parameter name that contains `gamma` will be renamed internally to `weight`. Please use a different name to suppress this warning.
A parameter name that contains `beta` will be renamed internally to `bias`. Please use a different name to suppress this warning.
A parameter name that contains `gamma` will be renamed internally to `weight`. Please use a different name to suppress this warning.
A parameter name that contains `beta` will be renamed internally to `bias`. Please use a different name to suppress this warning.
A parameter name that contains `gamma` will be renamed internally to `weight`. Please use a different name to suppress this warning.
A parameter name that contains `beta` will be renamed internally to `bias`. Please use a different name to suppress this warning.
A parameter name that contains `gamma` will be renamed internally to `weight`. Please use a different name to suppress this warning.
A parameter name that contains `beta` will be renamed internally to `bias`. Please use a different name to suppress this warning.
A parameter name that contains `gamma` will be renamed internally to `weight`. Please use a different name to suppress this warning.
A parameter name that contains `beta` will be renamed internally to `bias`. Please use a different name to suppress this warning.
A parameter name that contains `gamma` will be renamed internally to `weight`. Please use a different name to suppress this warning.
A parameter name that contains `beta` will be renamed internally to `bias`. Please use a different name to suppress this warning.
A parameter name that contains `gamma` will be renamed internally to `weight`. Please use a different name to suppress this warning.
A parameter name that contains `beta` will be renamed internally to `bias`. Please use a different name to suppress this warning.
A parameter name that contains `gamma` will be renamed internally to `weight`. Please use a different name to suppress this warning.
A parameter name that contains `beta` will be renamed internally to `bias`. Please use a different name to suppress this warning.
A parameter name that contains `gamma` will be renamed internally to `weight`. Please use a different name to suppress this warning.
A parameter name that contains `beta` will be renamed internally to `bias`. Please use a different name to suppress this warning.
A parameter name that contains `gamma` will be renamed internally to `weight`. Please use a different name to suppress this warning.
A parameter name that contains `beta` will be renamed internally to `bias`. Please use a different name to suppress this warning.
A parameter name that contains `gamma` will be renamed internally to `weight`. Please use a different name to suppress this warning.
[data] train from my_work/kl/cross_encoder/data_indomain/multiwoz_v24/train_pairs.jsonl
        13500 train pairs
        hard negatives (13500, 4)
[data] val from   my_work/kl/cross_encoder/data_indomain/multiwoz_v24/val_pairs.jsonl    1500 pairs
        flattened: train rows=67500  val rows=7500
[model] backbone=google-bert/bert-base-uncased  params=109,483,009
[train] dataset=multiwoz_v24 total_steps=3168 warmup=190 batch_size=128 epochs=6 max_length=256  early_stop=(thresh 0.001, patience 2)
  step=   200/3168  loss=0.4450  lr=1.99e-05  epoch=1
  step=   400/3168  loss=0.3115  lr=1.86e-05  epoch=1
[epoch 1/6]  train_loss=0.4587  val_AUC=0.6657  val_P@1=0.4140  (96s)
  * new best val_AUC=0.6657, saved checkpoint_best.pt
  step=   600/3168  loss=0.3502  lr=1.72e-05  epoch=2
  step=   800/3168  loss=0.3938  lr=1.59e-05  epoch=2
  step=  1000/3168  loss=0.3737  lr=1.46e-05  epoch=2
[epoch 2/6]  train_loss=0.3710  val_AUC=0.6714  val_P@1=0.4287  (192s)
  * new best val_AUC=0.6714, saved checkpoint_best.pt
  step=  1200/3168  loss=0.3478  lr=1.32e-05  epoch=3
  step=  1400/3168  loss=0.3432  lr=1.19e-05  epoch=3
[epoch 3/6]  train_loss=0.3331  val_AUC=0.6862  val_P@1=0.4560  (289s)
  * new best val_AUC=0.6862, saved checkpoint_best.pt
  step=  1600/3168  loss=0.2897  lr=1.05e-05  epoch=4
  step=  1800/3168  loss=0.2373  lr=9.19e-06  epoch=4
  step=  2000/3168  loss=0.2716  lr=7.84e-06  epoch=4
[epoch 4/6]  train_loss=0.3010  val_AUC=0.6956  val_P@1=0.4553  (385s)
  * new best val_AUC=0.6956, saved checkpoint_best.pt
  step=  2200/3168  loss=0.2735  lr=6.50e-06  epoch=5
  step=  2400/3168  loss=0.3045  lr=5.16e-06  epoch=5
  step=  2600/3168  loss=0.2601  lr=3.81e-06  epoch=5
[epoch 5/6]  train_loss=0.2760  val_AUC=0.6936  val_P@1=0.4527  (482s)
  no improvement (best=0.6956, bad_epochs=1/2)
  step=  2800/3168  loss=0.2526  lr=2.47e-06  epoch=6
  step=  3000/3168  loss=0.2999  lr=1.13e-06  epoch=6
[epoch 6/6]  train_loss=0.2544  val_AUC=0.6941  val_P@1=0.4500  (578s)
  no improvement (best=0.6956, bad_epochs=2/2)
[early stop] no val-AUC improvement for 2 epochs.

[done]  best val_AUC=0.6956  stopped_early=True
  best:   my_work/kl/cross_encoder/results/multiwoz_v24_rerank_v2/checkpoint_best.pt
  latest: my_work/kl/cross_encoder/results/multiwoz_v24_rerank_v2/checkpoint_latest.pt
[13:00:48] [multiwoz_v24] Step 4a: rerank eval on VAL (CE v1 + v2 ensemble)
/mnt/localssd/new_base_line/internship-causal-embedding/.venv/lib/python3.11/site-packages/transformers/tokenization_utils_base.py:1601: FutureWarning: `clean_up_tokenization_spaces` was not set. It will be set to `True` by default. This behavior will be depracted in transformers v4.45, and will be then set to `False` by default. For more details check this issue: https://github.com/huggingface/transformers/issues/31884
  warnings.warn(
A parameter name that contains `beta` will be renamed internally to `bias`. Please use a different name to suppress this warning.
A parameter name that contains `gamma` will be renamed internally to `weight`. Please use a different name to suppress this warning.
A parameter name that contains `beta` will be renamed internally to `bias`. Please use a different name to suppress this warning.
A parameter name that contains `gamma` will be renamed internally to `weight`. Please use a different name to suppress this warning.
A parameter name that contains `beta` will be renamed internally to `bias`. Please use a different name to suppress this warning.
A parameter name that contains `gamma` will be renamed internally to `weight`. Please use a different name to suppress this warning.
A parameter name that contains `beta` will be renamed internally to `bias`. Please use a different name to suppress this warning.
A parameter name that contains `gamma` will be renamed internally to `weight`. Please use a different name to suppress this warning.
A parameter name that contains `beta` will be renamed internally to `bias`. Please use a different name to suppress this warning.
A parameter name that contains `gamma` will be renamed internally to `weight`. Please use a different name to suppress this warning.
A parameter name that contains `beta` will be renamed internally to `bias`. Please use a different name to suppress this warning.
A parameter name that contains `gamma` will be renamed internally to `weight`. Please use a different name to suppress this warning.
A parameter name that contains `beta` will be renamed internally to `bias`. Please use a different name to suppress this warning.
A parameter name that contains `gamma` will be renamed internally to `weight`. Please use a different name to suppress this warning.
A parameter name that contains `beta` will be renamed internally to `bias`. Please use a different name to suppress this warning.
A parameter name that contains `gamma` will be renamed internally to `weight`. Please use a different name to suppress this warning.
A parameter name that contains `beta` will be renamed internally to `bias`. Please use a different name to suppress this warning.
A parameter name that contains `gamma` will be renamed internally to `weight`. Please use a different name to suppress this warning.
A parameter name that contains `beta` will be renamed internally to `bias`. Please use a different name to suppress this warning.
A parameter name that contains `gamma` will be renamed internally to `weight`. Please use a different name to suppress this warning.
A parameter name that contains `beta` will be renamed internally to `bias`. Please use a different name to suppress this warning.
A parameter name that contains `gamma` will be renamed internally to `weight`. Please use a different name to suppress this warning.
A parameter name that contains `beta` will be renamed internally to `bias`. Please use a different name to suppress this warning.
A parameter name that contains `gamma` will be renamed internally to `weight`. Please use a different name to suppress this warning.
A parameter name that contains `beta` will be renamed internally to `bias`. Please use a different name to suppress this warning.
A parameter name that contains `gamma` will be renamed internally to `weight`. Please use a different name to suppress this warning.
A parameter name that contains `beta` will be renamed internally to `bias`. Please use a different name to suppress this warning.
A parameter name that contains `gamma` will be renamed internally to `weight`. Please use a different name to suppress this warning.
A parameter name that contains `beta` will be renamed internally to `bias`. Please use a different name to suppress this warning.
A parameter name that contains `gamma` will be renamed internally to `weight`. Please use a different name to suppress this warning.
A parameter name that contains `beta` will be renamed internally to `bias`. Please use a different name to suppress this warning.
A parameter name that contains `gamma` will be renamed internally to `weight`. Please use a different name to suppress this warning.
A parameter name that contains `beta` will be renamed internally to `bias`. Please use a different name to suppress this warning.
A parameter name that contains `gamma` will be renamed internally to `weight`. Please use a different name to suppress this warning.
A parameter name that contains `beta` will be renamed internally to `bias`. Please use a different name to suppress this warning.
A parameter name that contains `gamma` will be renamed internally to `weight`. Please use a different name to suppress this warning.
A parameter name that contains `beta` will be renamed internally to `bias`. Please use a different name to suppress this warning.
A parameter name that contains `gamma` will be renamed internally to `weight`. Please use a different name to suppress this warning.
A parameter name that contains `beta` will be renamed internally to `bias`. Please use a different name to suppress this warning.
A parameter name that contains `gamma` will be renamed internally to `weight`. Please use a different name to suppress this warning.
A parameter name that contains `beta` will be renamed internally to `bias`. Please use a different name to suppress this warning.
A parameter name that contains `gamma` will be renamed internally to `weight`. Please use a different name to suppress this warning.
A parameter name that contains `beta` will be renamed internally to `bias`. Please use a different name to suppress this warning.
A parameter name that contains `gamma` will be renamed internally to `weight`. Please use a different name to suppress this warning.
A parameter name that contains `beta` will be renamed internally to `bias`. Please use a different name to suppress this warning.
A parameter name that contains `gamma` will be renamed internally to `weight`. Please use a different name to suppress this warning.
A parameter name that contains `beta` will be renamed internally to `bias`. Please use a different name to suppress this warning.
A parameter name that contains `gamma` will be renamed internally to `weight`. Please use a different name to suppress this warning.
A parameter name that contains `beta` will be renamed internally to `bias`. Please use a different name to suppress this warning.
A parameter name that contains `gamma` will be renamed internally to `weight`. Please use a different name to suppress this warning.
A parameter name that contains `beta` will be renamed internally to `bias`. Please use a different name to suppress this warning.
A parameter name that contains `gamma` will be renamed internally to `weight`. Please use a different name to suppress this warning.
A parameter name that contains `beta` will be renamed internally to `bias`. Please use a different name to suppress this warning.
A parameter name that contains `gamma` will be renamed internally to `weight`. Please use a different name to suppress this warning.
A parameter name that contains `beta` will be renamed internally to `bias`. Please use a different name to suppress this warning.
A parameter name that contains `gamma` will be renamed internally to `weight`. Please use a different name to suppress this warning.
A parameter name that contains `beta` will be renamed internally to `bias`. Please use a different name to suppress this warning.
A parameter name that contains `gamma` will be renamed internally to `weight`. Please use a different name to suppress this warning.
A parameter name that contains `beta` will be renamed internally to `bias`. Please use a different name to suppress this warning.
A parameter name that contains `gamma` will be renamed internally to `weight`. Please use a different name to suppress this warning.
A parameter name that contains `beta` will be renamed internally to `bias`. Please use a different name to suppress this warning.
A parameter name that contains `gamma` will be renamed internally to `weight`. Please use a different name to suppress this warning.
A parameter name that contains `beta` will be renamed internally to `bias`. Please use a different name to suppress this warning.
A parameter name that contains `gamma` will be renamed internally to `weight`. Please use a different name to suppress this warning.
A parameter name that contains `beta` will be renamed internally to `bias`. Please use a different name to suppress this warning.
A parameter name that contains `gamma` will be renamed internally to `weight`. Please use a different name to suppress this warning.
A parameter name that contains `beta` will be renamed internally to `bias`. Please use a different name to suppress this warning.
A parameter name that contains `gamma` will be renamed internally to `weight`. Please use a different name to suppress this warning.
A parameter name that contains `beta` will be renamed internally to `bias`. Please use a different name to suppress this warning.
A parameter name that contains `gamma` will be renamed internally to `weight`. Please use a different name to suppress this warning.
A parameter name that contains `beta` will be renamed internally to `bias`. Please use a different name to suppress this warning.
A parameter name that contains `gamma` will be renamed internally to `weight`. Please use a different name to suppress this warning.
A parameter name that contains `beta` will be renamed internally to `bias`. Please use a different name to suppress this warning.
A parameter name that contains `gamma` will be renamed internally to `weight`. Please use a different name to suppress this warning.
A parameter name that contains `beta` will be renamed internally to `bias`. Please use a different name to suppress this warning.
A parameter name that contains `gamma` will be renamed internally to `weight`. Please use a different name to suppress this warning.
A parameter name that contains `beta` will be renamed internally to `bias`. Please use a different name to suppress this warning.
A parameter name that contains `gamma` will be renamed internally to `weight`. Please use a different name to suppress this warning.
A parameter name that contains `beta` will be renamed internally to `bias`. Please use a different name to suppress this warning.
A parameter name that contains `gamma` will be renamed internally to `weight`. Please use a different name to suppress this warning.
A parameter name that contains `beta` will be renamed internally to `bias`. Please use a different name to suppress this warning.
A parameter name that contains `gamma` will be renamed internally to `weight`. Please use a different name to suppress this warning.
A parameter name that contains `beta` will be renamed internally to `bias`. Please use a different name to suppress this warning.
A parameter name that contains `gamma` will be renamed internally to `weight`. Please use a different name to suppress this warning.
A parameter name that contains `beta` will be renamed internally to `bias`. Please use a different name to suppress this warning.
A parameter name that contains `gamma` will be renamed internally to `weight`. Please use a different name to suppress this warning.
A parameter name that contains `beta` will be renamed internally to `bias`. Please use a different name to suppress this warning.
A parameter name that contains `gamma` will be renamed internally to `weight`. Please use a different name to suppress this warning.
A parameter name that contains `beta` will be renamed internally to `bias`. Please use a different name to suppress this warning.
A parameter name that contains `gamma` will be renamed internally to `weight`. Please use a different name to suppress this warning.
A parameter name that contains `beta` will be renamed internally to `bias`. Please use a different name to suppress this warning.
A parameter name that contains `gamma` will be renamed internally to `weight`. Please use a different name to suppress this warning.
A parameter name that contains `beta` will be renamed internally to `bias`. Please use a different name to suppress this warning.
A parameter name that contains `gamma` will be renamed internally to `weight`. Please use a different name to suppress this warning.
A parameter name that contains `beta` will be renamed internally to `bias`. Please use a different name to suppress this warning.
A parameter name that contains `gamma` will be renamed internally to `weight`. Please use a different name to suppress this warning.
A parameter name that contains `beta` will be renamed internally to `bias`. Please use a different name to suppress this warning.
A parameter name that contains `gamma` will be renamed internally to `weight`. Please use a different name to suppress this warning.
A parameter name that contains `beta` will be renamed internally to `bias`. Please use a different name to suppress this warning.
A parameter name that contains `gamma` will be renamed internally to `weight`. Please use a different name to suppress this warning.
A parameter name that contains `beta` will be renamed internally to `bias`. Please use a different name to suppress this warning.
A parameter name that contains `gamma` will be renamed internally to `weight`. Please use a different name to suppress this warning.
A parameter name that contains `beta` will be renamed internally to `bias`. Please use a different name to suppress this warning.
A parameter name that contains `gamma` will be renamed internally to `weight`. Please use a different name to suppress this warning.
/mnt/localssd/new_base_line/internship-causal-embedding/.venv/lib/python3.11/site-packages/transformers/tokenization_utils_base.py:1601: FutureWarning: `clean_up_tokenization_spaces` was not set. It will be set to `True` by default. This behavior will be depracted in transformers v4.45, and will be then set to `False` by default. For more details check this issue: https://github.com/huggingface/transformers/issues/31884
  warnings.warn(
A parameter name that contains `beta` will be renamed internally to `bias`. Please use a different name to suppress this warning.
A parameter name that contains `gamma` will be renamed internally to `weight`. Please use a different name to suppress this warning.
A parameter name that contains `beta` will be renamed internally to `bias`. Please use a different name to suppress this warning.
A parameter name that contains `gamma` will be renamed internally to `weight`. Please use a different name to suppress this warning.
A parameter name that contains `beta` will be renamed internally to `bias`. Please use a different name to suppress this warning.
A parameter name that contains `gamma` will be renamed internally to `weight`. Please use a different name to suppress this warning.
A parameter name that contains `beta` will be renamed internally to `bias`. Please use a different name to suppress this warning.
A parameter name that contains `gamma` will be renamed internally to `weight`. Please use a different name to suppress this warning.
A parameter name that contains `beta` will be renamed internally to `bias`. Please use a different name to suppress this warning.
A parameter name that contains `gamma` will be renamed internally to `weight`. Please use a different name to suppress this warning.
A parameter name that contains `beta` will be renamed internally to `bias`. Please use a different name to suppress this warning.
A parameter name that contains `gamma` will be renamed internally to `weight`. Please use a different name to suppress this warning.
A parameter name that contains `beta` will be renamed internally to `bias`. Please use a different name to suppress this warning.
A parameter name that contains `gamma` will be renamed internally to `weight`. Please use a different name to suppress this warning.
A parameter name that contains `beta` will be renamed internally to `bias`. Please use a different name to suppress this warning.
A parameter name that contains `gamma` will be renamed internally to `weight`. Please use a different name to suppress this warning.
A parameter name that contains `beta` will be renamed internally to `bias`. Please use a different name to suppress this warning.
A parameter name that contains `gamma` will be renamed internally to `weight`. Please use a different name to suppress this warning.
A parameter name that contains `beta` will be renamed internally to `bias`. Please use a different name to suppress this warning.
A parameter name that contains `gamma` will be renamed internally to `weight`. Please use a different name to suppress this warning.
A parameter name that contains `beta` will be renamed internally to `bias`. Please use a different name to suppress this warning.
A parameter name that contains `gamma` will be renamed internally to `weight`. Please use a different name to suppress this warning.
A parameter name that contains `beta` will be renamed internally to `bias`. Please use a different name to suppress this warning.
A parameter name that contains `gamma` will be renamed internally to `weight`. Please use a different name to suppress this warning.
A parameter name that contains `beta` will be renamed internally to `bias`. Please use a different name to suppress this warning.
A parameter name that contains `gamma` will be renamed internally to `weight`. Please use a different name to suppress this warning.
A parameter name that contains `beta` will be renamed internally to `bias`. Please use a different name to suppress this warning.
A parameter name that contains `gamma` will be renamed internally to `weight`. Please use a different name to suppress this warning.
A parameter name that contains `beta` will be renamed internally to `bias`. Please use a different name to suppress this warning.
A parameter name that contains `gamma` will be renamed internally to `weight`. Please use a different name to suppress this warning.
A parameter name that contains `beta` will be renamed internally to `bias`. Please use a different name to suppress this warning.
A parameter name that contains `gamma` will be renamed internally to `weight`. Please use a different name to suppress this warning.
A parameter name that contains `beta` will be renamed internally to `bias`. Please use a different name to suppress this warning.
A parameter name that contains `gamma` will be renamed internally to `weight`. Please use a different name to suppress this warning.
A parameter name that contains `beta` will be renamed internally to `bias`. Please use a different name to suppress this warning.
A parameter name that contains `gamma` will be renamed internally to `weight`. Please use a different name to suppress this warning.
A parameter name that contains `beta` will be renamed internally to `bias`. Please use a different name to suppress this warning.
A parameter name that contains `gamma` will be renamed internally to `weight`. Please use a different name to suppress this warning.
A parameter name that contains `beta` will be renamed internally to `bias`. Please use a different name to suppress this warning.
A parameter name that contains `gamma` will be renamed internally to `weight`. Please use a different name to suppress this warning.
A parameter name that contains `beta` will be renamed internally to `bias`. Please use a different name to suppress this warning.
A parameter name that contains `gamma` will be renamed internally to `weight`. Please use a different name to suppress this warning.
A parameter name that contains `beta` will be renamed internally to `bias`. Please use a different name to suppress this warning.
A parameter name that contains `gamma` will be renamed internally to `weight`. Please use a different name to suppress this warning.
A parameter name that contains `beta` will be renamed internally to `bias`. Please use a different name to suppress this warning.
A parameter name that contains `gamma` will be renamed internally to `weight`. Please use a different name to suppress this warning.
A parameter name that contains `beta` will be renamed internally to `bias`. Please use a different name to suppress this warning.
A parameter name that contains `gamma` will be renamed internally to `weight`. Please use a different name to suppress this warning.
A parameter name that contains `beta` will be renamed internally to `bias`. Please use a different name to suppress this warning.
A parameter name that contains `gamma` will be renamed internally to `weight`. Please use a different name to suppress this warning.
A parameter name that contains `beta` will be renamed internally to `bias`. Please use a different name to suppress this warning.
A parameter name that contains `gamma` will be renamed internally to `weight`. Please use a different name to suppress this warning.
A parameter name that contains `beta` will be renamed internally to `bias`. Please use a different name to suppress this warning.
A parameter name that contains `gamma` will be renamed internally to `weight`. Please use a different name to suppress this warning.
A parameter name that contains `beta` will be renamed internally to `bias`. Please use a different name to suppress this warning.
A parameter name that contains `gamma` will be renamed internally to `weight`. Please use a different name to suppress this warning.
A parameter name that contains `beta` will be renamed internally to `bias`. Please use a different name to suppress this warning.
A parameter name that contains `gamma` will be renamed internally to `weight`. Please use a different name to suppress this warning.
A parameter name that contains `beta` will be renamed internally to `bias`. Please use a different name to suppress this warning.
A parameter name that contains `gamma` will be renamed internally to `weight`. Please use a different name to suppress this warning.
A parameter name that contains `beta` will be renamed internally to `bias`. Please use a different name to suppress this warning.
A parameter name that contains `gamma` will be renamed internally to `weight`. Please use a different name to suppress this warning.
A parameter name that contains `beta` will be renamed internally to `bias`. Please use a different name to suppress this warning.
A parameter name that contains `gamma` will be renamed internally to `weight`. Please use a different name to suppress this warning.
A parameter name that contains `beta` will be renamed internally to `bias`. Please use a different name to suppress this warning.
A parameter name that contains `gamma` will be renamed internally to `weight`. Please use a different name to suppress this warning.
A parameter name that contains `beta` will be renamed internally to `bias`. Please use a different name to suppress this warning.
A parameter name that contains `gamma` will be renamed internally to `weight`. Please use a different name to suppress this warning.
A parameter name that contains `beta` will be renamed internally to `bias`. Please use a different name to suppress this warning.
A parameter name that contains `gamma` will be renamed internally to `weight`. Please use a different name to suppress this warning.
A parameter name that contains `beta` will be renamed internally to `bias`. Please use a different name to suppress this warning.
A parameter name that contains `gamma` will be renamed internally to `weight`. Please use a different name to suppress this warning.
A parameter name that contains `beta` will be renamed internally to `bias`. Please use a different name to suppress this warning.
A parameter name that contains `gamma` will be renamed internally to `weight`. Please use a different name to suppress this warning.
A parameter name that contains `beta` will be renamed internally to `bias`. Please use a different name to suppress this warning.
A parameter name that contains `gamma` will be renamed internally to `weight`. Please use a different name to suppress this warning.
A parameter name that contains `beta` will be renamed internally to `bias`. Please use a different name to suppress this warning.
A parameter name that contains `gamma` will be renamed internally to `weight`. Please use a different name to suppress this warning.
A parameter name that contains `beta` will be renamed internally to `bias`. Please use a different name to suppress this warning.
A parameter name that contains `gamma` will be renamed internally to `weight`. Please use a different name to suppress this warning.
A parameter name that contains `beta` will be renamed internally to `bias`. Please use a different name to suppress this warning.
A parameter name that contains `gamma` will be renamed internally to `weight`. Please use a different name to suppress this warning.
A parameter name that contains `beta` will be renamed internally to `bias`. Please use a different name to suppress this warning.
A parameter name that contains `gamma` will be renamed internally to `weight`. Please use a different name to suppress this warning.
A parameter name that contains `beta` will be renamed internally to `bias`. Please use a different name to suppress this warning.
A parameter name that contains `gamma` will be renamed internally to `weight`. Please use a different name to suppress this warning.
A parameter name that contains `beta` will be renamed internally to `bias`. Please use a different name to suppress this warning.
A parameter name that contains `gamma` will be renamed internally to `weight`. Please use a different name to suppress this warning.
A parameter name that contains `beta` will be renamed internally to `bias`. Please use a different name to suppress this warning.
A parameter name that contains `gamma` will be renamed internally to `weight`. Please use a different name to suppress this warning.
A parameter name that contains `beta` will be renamed internally to `bias`. Please use a different name to suppress this warning.
A parameter name that contains `gamma` will be renamed internally to `weight`. Please use a different name to suppress this warning.
A parameter name that contains `beta` will be renamed internally to `bias`. Please use a different name to suppress this warning.
A parameter name that contains `gamma` will be renamed internally to `weight`. Please use a different name to suppress this warning.
A parameter name that contains `beta` will be renamed internally to `bias`. Please use a different name to suppress this warning.
A parameter name that contains `gamma` will be renamed internally to `weight`. Please use a different name to suppress this warning.
A parameter name that contains `beta` will be renamed internally to `bias`. Please use a different name to suppress this warning.
A parameter name that contains `gamma` will be renamed internally to `weight`. Please use a different name to suppress this warning.
A parameter name that contains `beta` will be renamed internally to `bias`. Please use a different name to suppress this warning.
A parameter name that contains `gamma` will be renamed internally to `weight`. Please use a different name to suppress this warning.
A parameter name that contains `beta` will be renamed internally to `bias`. Please use a different name to suppress this warning.
A parameter name that contains `gamma` will be renamed internally to `weight`. Please use a different name to suppress this warning.
A parameter name that contains `beta` will be renamed internally to `bias`. Please use a different name to suppress this warning.
A parameter name that contains `gamma` will be renamed internally to `weight`. Please use a different name to suppress this warning.
A parameter name that contains `beta` will be renamed internally to `bias`. Please use a different name to suppress this warning.
A parameter name that contains `gamma` will be renamed internally to `weight`. Please use a different name to suppress this warning.
A parameter name that contains `beta` will be renamed internally to `bias`. Please use a different name to suppress this warning.
A parameter name that contains `gamma` will be renamed internally to `weight`. Please use a different name to suppress this warning.
A parameter name that contains `beta` will be renamed internally to `bias`. Please use a different name to suppress this warning.
A parameter name that contains `gamma` will be renamed internally to `weight`. Please use a different name to suppress this warning.
A parameter name that contains `beta` will be renamed internally to `bias`. Please use a different name to suppress this warning.
A parameter name that contains `gamma` will be renamed internally to `weight`. Please use a different name to suppress this warning.
A parameter name that contains `beta` will be renamed internally to `bias`. Please use a different name to suppress this warning.
A parameter name that contains `gamma` will be renamed internally to `weight`. Please use a different name to suppress this warning.
A parameter name that contains `beta` will be renamed internally to `bias`. Please use a different name to suppress this warning.
A parameter name that contains `gamma` will be renamed internally to `weight`. Please use a different name to suppress this warning.
A parameter name that contains `beta` will be renamed internally to `bias`. Please use a different name to suppress this warning.
A parameter name that contains `gamma` will be renamed internally to `weight`. Please use a different name to suppress this warning.
A parameter name that contains `beta` will be renamed internally to `bias`. Please use a different name to suppress this warning.
A parameter name that contains `gamma` will be renamed internally to `weight`. Please use a different name to suppress this warning.
A parameter name that contains `beta` will be renamed internally to `bias`. Please use a different name to suppress this warning.
A parameter name that contains `gamma` will be renamed internally to `weight`. Please use a different name to suppress this warning.
A parameter name that contains `beta` will be renamed internally to `bias`. Please use a different name to suppress this warning.
A parameter name that contains `gamma` will be renamed internally to `weight`. Please use a different name to suppress this warning.
A parameter name that contains `beta` will be renamed internally to `bias`. Please use a different name to suppress this warning.
A parameter name that contains `gamma` will be renamed internally to `weight`. Please use a different name to suppress this warning.
A parameter name that contains `beta` will be renamed internally to `bias`. Please use a different name to suppress this warning.
A parameter name that contains `gamma` will be renamed internally to `weight`. Please use a different name to suppress this warning.
A parameter name that contains `beta` will be renamed internally to `bias`. Please use a different name to suppress this warning.
A parameter name that contains `gamma` will be renamed internally to `weight`. Please use a different name to suppress this warning.
A parameter name that contains `beta` will be renamed internally to `bias`. Please use a different name to suppress this warning.
A parameter name that contains `gamma` will be renamed internally to `weight`. Please use a different name to suppress this warning.
A parameter name that contains `beta` will be renamed internally to `bias`. Please use a different name to suppress this warning.
A parameter name that contains `gamma` will be renamed internally to `weight`. Please use a different name to suppress this warning.
A parameter name that contains `beta` will be renamed internally to `bias`. Please use a different name to suppress this warning.
A parameter name that contains `gamma` will be renamed internally to `weight`. Please use a different name to suppress this warning.
A parameter name that contains `beta` will be renamed internally to `bias`. Please use a different name to suppress this warning.
A parameter name that contains `gamma` will be renamed internally to `weight`. Please use a different name to suppress this warning.
A parameter name that contains `beta` will be renamed internally to `bias`. Please use a different name to suppress this warning.
A parameter name that contains `gamma` will be renamed internally to `weight`. Please use a different name to suppress this warning.
A parameter name that contains `beta` will be renamed internally to `bias`. Please use a different name to suppress this warning.
A parameter name that contains `gamma` will be renamed internally to `weight`. Please use a different name to suppress this warning.
A parameter name that contains `beta` will be renamed internally to `bias`. Please use a different name to suppress this warning.
A parameter name that contains `gamma` will be renamed internally to `weight`. Please use a different name to suppress this warning.
A parameter name that contains `beta` will be renamed internally to `bias`. Please use a different name to suppress this warning.
A parameter name that contains `gamma` will be renamed internally to `weight`. Please use a different name to suppress this warning.
A parameter name that contains `beta` will be renamed internally to `bias`. Please use a different name to suppress this warning.
A parameter name that contains `gamma` will be renamed internally to `weight`. Please use a different name to suppress this warning.
A parameter name that contains `beta` will be renamed internally to `bias`. Please use a different name to suppress this warning.
A parameter name that contains `gamma` will be renamed internally to `weight`. Please use a different name to suppress this warning.
A parameter name that contains `beta` will be renamed internally to `bias`. Please use a different name to suppress this warning.
A parameter name that contains `gamma` will be renamed internally to `weight`. Please use a different name to suppress this warning.
A parameter name that contains `beta` will be renamed internally to `bias`. Please use a different name to suppress this warning.
A parameter name that contains `gamma` will be renamed internally to `weight`. Please use a different name to suppress this warning.
A parameter name that contains `beta` will be renamed internally to `bias`. Please use a different name to suppress this warning.
A parameter name that contains `gamma` will be renamed internally to `weight`. Please use a different name to suppress this warning.
A parameter name that contains `beta` will be renamed internally to `bias`. Please use a different name to suppress this warning.
A parameter name that contains `gamma` will be renamed internally to `weight`. Please use a different name to suppress this warning.
A parameter name that contains `beta` will be renamed internally to `bias`. Please use a different name to suppress this warning.
A parameter name that contains `gamma` will be renamed internally to `weight`. Please use a different name to suppress this warning.
A parameter name that contains `beta` will be renamed internally to `bias`. Please use a different name to suppress this warning.
A parameter name that contains `gamma` will be renamed internally to `weight`. Please use a different name to suppress this warning.
A parameter name that contains `beta` will be renamed internally to `bias`. Please use a different name to suppress this warning.
A parameter name that contains `gamma` will be renamed internally to `weight`. Please use a different name to suppress this warning.
A parameter name that contains `beta` will be renamed internally to `bias`. Please use a different name to suppress this warning.
A parameter name that contains `gamma` will be renamed internally to `weight`. Please use a different name to suppress this warning.
A parameter name that contains `beta` will be renamed internally to `bias`. Please use a different name to suppress this warning.
A parameter name that contains `gamma` will be renamed internally to `weight`. Please use a different name to suppress this warning.
A parameter name that contains `beta` will be renamed internally to `bias`. Please use a different name to suppress this warning.
A parameter name that contains `gamma` will be renamed internally to `weight`. Please use a different name to suppress this warning.
A parameter name that contains `beta` will be renamed internally to `bias`. Please use a different name to suppress this warning.
A parameter name that contains `gamma` will be renamed internally to `weight`. Please use a different name to suppress this warning.
A parameter name that contains `beta` will be renamed internally to `bias`. Please use a different name to suppress this warning.
A parameter name that contains `gamma` will be renamed internally to `weight`. Please use a different name to suppress this warning.
A parameter name that contains `beta` will be renamed internally to `bias`. Please use a different name to suppress this warning.
A parameter name that contains `gamma` will be renamed internally to `weight`. Please use a different name to suppress this warning.
A parameter name that contains `beta` will be renamed internally to `bias`. Please use a different name to suppress this warning.
A parameter name that contains `gamma` will be renamed internally to `weight`. Please use a different name to suppress this warning.
A parameter name that contains `beta` will be renamed internally to `bias`. Please use a different name to suppress this warning.
A parameter name that contains `gamma` will be renamed internally to `weight`. Please use a different name to suppress this warning.
A parameter name that contains `beta` will be renamed internally to `bias`. Please use a different name to suppress this warning.
A parameter name that contains `gamma` will be renamed internally to `weight`. Please use a different name to suppress this warning.
A parameter name that contains `beta` will be renamed internally to `bias`. Please use a different name to suppress this warning.
A parameter name that contains `gamma` will be renamed internally to `weight`. Please use a different name to suppress this warning.
A parameter name that contains `beta` will be renamed internally to `bias`. Please use a different name to suppress this warning.
A parameter name that contains `gamma` will be renamed internally to `weight`. Please use a different name to suppress this warning.
A parameter name that contains `beta` will be renamed internally to `bias`. Please use a different name to suppress this warning.
A parameter name that contains `gamma` will be renamed internally to `weight`. Please use a different name to suppress this warning.
A parameter name that contains `beta` will be renamed internally to `bias`. Please use a different name to suppress this warning.
A parameter name that contains `gamma` will be renamed internally to `weight`. Please use a different name to suppress this warning.
A parameter name that contains `beta` will be renamed internally to `bias`. Please use a different name to suppress this warning.
A parameter name that contains `gamma` will be renamed internally to `weight`. Please use a different name to suppress this warning.
A parameter name that contains `beta` will be renamed internally to `bias`. Please use a different name to suppress this warning.
A parameter name that contains `gamma` will be renamed internally to `weight`. Please use a different name to suppress this warning.
A parameter name that contains `beta` will be renamed internally to `bias`. Please use a different name to suppress this warning.
A parameter name that contains `gamma` will be renamed internally to `weight`. Please use a different name to suppress this warning.
A parameter name that contains `beta` will be renamed internally to `bias`. Please use a different name to suppress this warning.
A parameter name that contains `gamma` will be renamed internally to `weight`. Please use a different name to suppress this warning.
A parameter name that contains `beta` will be renamed internally to `bias`. Please use a different name to suppress this warning.
A parameter name that contains `gamma` will be renamed internally to `weight`. Please use a different name to suppress this warning.
A parameter name that contains `beta` will be renamed internally to `bias`. Please use a different name to suppress this warning.
A parameter name that contains `gamma` will be renamed internally to `weight`. Please use a different name to suppress this warning.
A parameter name that contains `beta` will be renamed internally to `bias`. Please use a different name to suppress this warning.
A parameter name that contains `gamma` will be renamed internally to `weight`. Please use a different name to suppress this warning.
A parameter name that contains `beta` will be renamed internally to `bias`. Please use a different name to suppress this warning.
A parameter name that contains `gamma` will be renamed internally to `weight`. Please use a different name to suppress this warning.
A parameter name that contains `beta` will be renamed internally to `bias`. Please use a different name to suppress this warning.
A parameter name that contains `gamma` will be renamed internally to `weight`. Please use a different name to suppress this warning.
[rerank] 1500 pairs  retriever=cde  device=cuda
[stage1] retrieval MRR=0.2829  R@1=0.199  R@10=0.462
[stage2] scoring 75000 pairs with CE multiwoz_v24_rerank …
[stage2] scoring 75000 pairs with CE multiwoz_v24_rerank_v2 …
[stage2] ensembled 2 CEs

 pool  blend      MRR     R@1     R@5    R@10
----------------------------------------------
   20   0.30   0.2987   0.211   0.375   0.485  <<
   20   0.50   0.3068   0.220   0.389   0.493  <<
   20   0.70   0.2921   0.201   0.381   0.485
   50   0.30   0.3028   0.213   0.383   0.491
   50   0.50   0.3073   0.217   0.389   0.495  <<
   50   0.70   0.2864   0.198   0.363   0.469

[best] pool50_blend0.5  MRR=0.3073
[baseline BiEncoder MRR]  0.2511
[lift over baseline]      +22.4%  (target +10% = 0.2762  ACHIEVED)
[fused AUC vs 4 random negs]  0.9795
[saved] /mnt/localssd/new_base_line/internship-causal-embedding/my_work/kl/results/multiwoz_v24/rerank_eval.json
[13:02:49] [multiwoz_v24] Step 4b: rerank eval on TEST (CE v1 + v2 ensemble)
/mnt/localssd/new_base_line/internship-causal-embedding/.venv/lib/python3.11/site-packages/transformers/tokenization_utils_base.py:1601: FutureWarning: `clean_up_tokenization_spaces` was not set. It will be set to `True` by default. This behavior will be depracted in transformers v4.45, and will be then set to `False` by default. For more details check this issue: https://github.com/huggingface/transformers/issues/31884
  warnings.warn(
A parameter name that contains `beta` will be renamed internally to `bias`. Please use a different name to suppress this warning.
A parameter name that contains `gamma` will be renamed internally to `weight`. Please use a different name to suppress this warning.
A parameter name that contains `beta` will be renamed internally to `bias`. Please use a different name to suppress this warning.
A parameter name that contains `gamma` will be renamed internally to `weight`. Please use a different name to suppress this warning.
A parameter name that contains `beta` will be renamed internally to `bias`. Please use a different name to suppress this warning.
A parameter name that contains `gamma` will be renamed internally to `weight`. Please use a different name to suppress this warning.
A parameter name that contains `beta` will be renamed internally to `bias`. Please use a different name to suppress this warning.
A parameter name that contains `gamma` will be renamed internally to `weight`. Please use a different name to suppress this warning.
A parameter name that contains `beta` will be renamed internally to `bias`. Please use a different name to suppress this warning.
A parameter name that contains `gamma` will be renamed internally to `weight`. Please use a different name to suppress this warning.
A parameter name that contains `beta` will be renamed internally to `bias`. Please use a different name to suppress this warning.
A parameter name that contains `gamma` will be renamed internally to `weight`. Please use a different name to suppress this warning.
A parameter name that contains `beta` will be renamed internally to `bias`. Please use a different name to suppress this warning.
A parameter name that contains `gamma` will be renamed internally to `weight`. Please use a different name to suppress this warning.
A parameter name that contains `beta` will be renamed internally to `bias`. Please use a different name to suppress this warning.
A parameter name that contains `gamma` will be renamed internally to `weight`. Please use a different name to suppress this warning.
A parameter name that contains `beta` will be renamed internally to `bias`. Please use a different name to suppress this warning.
A parameter name that contains `gamma` will be renamed internally to `weight`. Please use a different name to suppress this warning.
A parameter name that contains `beta` will be renamed internally to `bias`. Please use a different name to suppress this warning.
A parameter name that contains `gamma` will be renamed internally to `weight`. Please use a different name to suppress this warning.
A parameter name that contains `beta` will be renamed internally to `bias`. Please use a different name to suppress this warning.
A parameter name that contains `gamma` will be renamed internally to `weight`. Please use a different name to suppress this warning.
A parameter name that contains `beta` will be renamed internally to `bias`. Please use a different name to suppress this warning.
A parameter name that contains `gamma` will be renamed internally to `weight`. Please use a different name to suppress this warning.
A parameter name that contains `beta` will be renamed internally to `bias`. Please use a different name to suppress this warning.
A parameter name that contains `gamma` will be renamed internally to `weight`. Please use a different name to suppress this warning.
A parameter name that contains `beta` will be renamed internally to `bias`. Please use a different name to suppress this warning.
A parameter name that contains `gamma` will be renamed internally to `weight`. Please use a different name to suppress this warning.
A parameter name that contains `beta` will be renamed internally to `bias`. Please use a different name to suppress this warning.
A parameter name that contains `gamma` will be renamed internally to `weight`. Please use a different name to suppress this warning.
A parameter name that contains `beta` will be renamed internally to `bias`. Please use a different name to suppress this warning.
A parameter name that contains `gamma` will be renamed internally to `weight`. Please use a different name to suppress this warning.
A parameter name that contains `beta` will be renamed internally to `bias`. Please use a different name to suppress this warning.
A parameter name that contains `gamma` will be renamed internally to `weight`. Please use a different name to suppress this warning.
A parameter name that contains `beta` will be renamed internally to `bias`. Please use a different name to suppress this warning.
A parameter name that contains `gamma` will be renamed internally to `weight`. Please use a different name to suppress this warning.
A parameter name that contains `beta` will be renamed internally to `bias`. Please use a different name to suppress this warning.
A parameter name that contains `gamma` will be renamed internally to `weight`. Please use a different name to suppress this warning.
A parameter name that contains `beta` will be renamed internally to `bias`. Please use a different name to suppress this warning.
A parameter name that contains `gamma` will be renamed internally to `weight`. Please use a different name to suppress this warning.
A parameter name that contains `beta` will be renamed internally to `bias`. Please use a different name to suppress this warning.
A parameter name that contains `gamma` will be renamed internally to `weight`. Please use a different name to suppress this warning.
A parameter name that contains `beta` will be renamed internally to `bias`. Please use a different name to suppress this warning.
A parameter name that contains `gamma` will be renamed internally to `weight`. Please use a different name to suppress this warning.
A parameter name that contains `beta` will be renamed internally to `bias`. Please use a different name to suppress this warning.
A parameter name that contains `gamma` will be renamed internally to `weight`. Please use a different name to suppress this warning.
A parameter name that contains `beta` will be renamed internally to `bias`. Please use a different name to suppress this warning.
A parameter name that contains `gamma` will be renamed internally to `weight`. Please use a different name to suppress this warning.
A parameter name that contains `beta` will be renamed internally to `bias`. Please use a different name to suppress this warning.
A parameter name that contains `gamma` will be renamed internally to `weight`. Please use a different name to suppress this warning.
A parameter name that contains `beta` will be renamed internally to `bias`. Please use a different name to suppress this warning.
A parameter name that contains `gamma` will be renamed internally to `weight`. Please use a different name to suppress this warning.
A parameter name that contains `beta` will be renamed internally to `bias`. Please use a different name to suppress this warning.
A parameter name that contains `gamma` will be renamed internally to `weight`. Please use a different name to suppress this warning.
A parameter name that contains `beta` will be renamed internally to `bias`. Please use a different name to suppress this warning.
A parameter name that contains `gamma` will be renamed internally to `weight`. Please use a different name to suppress this warning.
A parameter name that contains `beta` will be renamed internally to `bias`. Please use a different name to suppress this warning.
A parameter name that contains `gamma` will be renamed internally to `weight`. Please use a different name to suppress this warning.
A parameter name that contains `beta` will be renamed internally to `bias`. Please use a different name to suppress this warning.
A parameter name that contains `gamma` will be renamed internally to `weight`. Please use a different name to suppress this warning.
A parameter name that contains `beta` will be renamed internally to `bias`. Please use a different name to suppress this warning.
A parameter name that contains `gamma` will be renamed internally to `weight`. Please use a different name to suppress this warning.
A parameter name that contains `beta` will be renamed internally to `bias`. Please use a different name to suppress this warning.
A parameter name that contains `gamma` will be renamed internally to `weight`. Please use a different name to suppress this warning.
A parameter name that contains `beta` will be renamed internally to `bias`. Please use a different name to suppress this warning.
A parameter name that contains `gamma` will be renamed internally to `weight`. Please use a different name to suppress this warning.
A parameter name that contains `beta` will be renamed internally to `bias`. Please use a different name to suppress this warning.
A parameter name that contains `gamma` will be renamed internally to `weight`. Please use a different name to suppress this warning.
A parameter name that contains `beta` will be renamed internally to `bias`. Please use a different name to suppress this warning.
A parameter name that contains `gamma` will be renamed internally to `weight`. Please use a different name to suppress this warning.
A parameter name that contains `beta` will be renamed internally to `bias`. Please use a different name to suppress this warning.
A parameter name that contains `gamma` will be renamed internally to `weight`. Please use a different name to suppress this warning.
A parameter name that contains `beta` will be renamed internally to `bias`. Please use a different name to suppress this warning.
A parameter name that contains `gamma` will be renamed internally to `weight`. Please use a different name to suppress this warning.
A parameter name that contains `beta` will be renamed internally to `bias`. Please use a different name to suppress this warning.
A parameter name that contains `gamma` will be renamed internally to `weight`. Please use a different name to suppress this warning.
A parameter name that contains `beta` will be renamed internally to `bias`. Please use a different name to suppress this warning.
A parameter name that contains `gamma` will be renamed internally to `weight`. Please use a different name to suppress this warning.
A parameter name that contains `beta` will be renamed internally to `bias`. Please use a different name to suppress this warning.
A parameter name that contains `gamma` will be renamed internally to `weight`. Please use a different name to suppress this warning.
A parameter name that contains `beta` will be renamed internally to `bias`. Please use a different name to suppress this warning.
A parameter name that contains `gamma` will be renamed internally to `weight`. Please use a different name to suppress this warning.
A parameter name that contains `beta` will be renamed internally to `bias`. Please use a different name to suppress this warning.
A parameter name that contains `gamma` will be renamed internally to `weight`. Please use a different name to suppress this warning.
A parameter name that contains `beta` will be renamed internally to `bias`. Please use a different name to suppress this warning.
A parameter name that contains `gamma` will be renamed internally to `weight`. Please use a different name to suppress this warning.
A parameter name that contains `beta` will be renamed internally to `bias`. Please use a different name to suppress this warning.
A parameter name that contains `gamma` will be renamed internally to `weight`. Please use a different name to suppress this warning.
A parameter name that contains `beta` will be renamed internally to `bias`. Please use a different name to suppress this warning.
A parameter name that contains `gamma` will be renamed internally to `weight`. Please use a different name to suppress this warning.
A parameter name that contains `beta` will be renamed internally to `bias`. Please use a different name to suppress this warning.
A parameter name that contains `gamma` will be renamed internally to `weight`. Please use a different name to suppress this warning.
A parameter name that contains `beta` will be renamed internally to `bias`. Please use a different name to suppress this warning.
A parameter name that contains `gamma` will be renamed internally to `weight`. Please use a different name to suppress this warning.
A parameter name that contains `beta` will be renamed internally to `bias`. Please use a different name to suppress this warning.
A parameter name that contains `gamma` will be renamed internally to `weight`. Please use a different name to suppress this warning.
A parameter name that contains `beta` will be renamed internally to `bias`. Please use a different name to suppress this warning.
A parameter name that contains `gamma` will be renamed internally to `weight`. Please use a different name to suppress this warning.
A parameter name that contains `beta` will be renamed internally to `bias`. Please use a different name to suppress this warning.
A parameter name that contains `gamma` will be renamed internally to `weight`. Please use a different name to suppress this warning.
A parameter name that contains `beta` will be renamed internally to `bias`. Please use a different name to suppress this warning.
A parameter name that contains `gamma` will be renamed internally to `weight`. Please use a different name to suppress this warning.
A parameter name that contains `beta` will be renamed internally to `bias`. Please use a different name to suppress this warning.
A parameter name that contains `gamma` will be renamed internally to `weight`. Please use a different name to suppress this warning.
/mnt/localssd/new_base_line/internship-causal-embedding/.venv/lib/python3.11/site-packages/transformers/tokenization_utils_base.py:1601: FutureWarning: `clean_up_tokenization_spaces` was not set. It will be set to `True` by default. This behavior will be depracted in transformers v4.45, and will be then set to `False` by default. For more details check this issue: https://github.com/huggingface/transformers/issues/31884
  warnings.warn(
A parameter name that contains `beta` will be renamed internally to `bias`. Please use a different name to suppress this warning.
A parameter name that contains `gamma` will be renamed internally to `weight`. Please use a different name to suppress this warning.
A parameter name that contains `beta` will be renamed internally to `bias`. Please use a different name to suppress this warning.
A parameter name that contains `gamma` will be renamed internally to `weight`. Please use a different name to suppress this warning.
A parameter name that contains `beta` will be renamed internally to `bias`. Please use a different name to suppress this warning.
A parameter name that contains `gamma` will be renamed internally to `weight`. Please use a different name to suppress this warning.
A parameter name that contains `beta` will be renamed internally to `bias`. Please use a different name to suppress this warning.
A parameter name that contains `gamma` will be renamed internally to `weight`. Please use a different name to suppress this warning.
A parameter name that contains `beta` will be renamed internally to `bias`. Please use a different name to suppress this warning.
A parameter name that contains `gamma` will be renamed internally to `weight`. Please use a different name to suppress this warning.
A parameter name that contains `beta` will be renamed internally to `bias`. Please use a different name to suppress this warning.
A parameter name that contains `gamma` will be renamed internally to `weight`. Please use a different name to suppress this warning.
A parameter name that contains `beta` will be renamed internally to `bias`. Please use a different name to suppress this warning.
A parameter name that contains `gamma` will be renamed internally to `weight`. Please use a different name to suppress this warning.
A parameter name that contains `beta` will be renamed internally to `bias`. Please use a different name to suppress this warning.
A parameter name that contains `gamma` will be renamed internally to `weight`. Please use a different name to suppress this warning.
A parameter name that contains `beta` will be renamed internally to `bias`. Please use a different name to suppress this warning.
A parameter name that contains `gamma` will be renamed internally to `weight`. Please use a different name to suppress this warning.
A parameter name that contains `beta` will be renamed internally to `bias`. Please use a different name to suppress this warning.
A parameter name that contains `gamma` will be renamed internally to `weight`. Please use a different name to suppress this warning.
A parameter name that contains `beta` will be renamed internally to `bias`. Please use a different name to suppress this warning.
A parameter name that contains `gamma` will be renamed internally to `weight`. Please use a different name to suppress this warning.
A parameter name that contains `beta` will be renamed internally to `bias`. Please use a different name to suppress this warning.
A parameter name that contains `gamma` will be renamed internally to `weight`. Please use a different name to suppress this warning.
A parameter name that contains `beta` will be renamed internally to `bias`. Please use a different name to suppress this warning.
A parameter name that contains `gamma` will be renamed internally to `weight`. Please use a different name to suppress this warning.
A parameter name that contains `beta` will be renamed internally to `bias`. Please use a different name to suppress this warning.
A parameter name that contains `gamma` will be renamed internally to `weight`. Please use a different name to suppress this warning.
A parameter name that contains `beta` will be renamed internally to `bias`. Please use a different name to suppress this warning.
A parameter name that contains `gamma` will be renamed internally to `weight`. Please use a different name to suppress this warning.
A parameter name that contains `beta` will be renamed internally to `bias`. Please use a different name to suppress this warning.
A parameter name that contains `gamma` will be renamed internally to `weight`. Please use a different name to suppress this warning.
A parameter name that contains `beta` will be renamed internally to `bias`. Please use a different name to suppress this warning.
A parameter name that contains `gamma` will be renamed internally to `weight`. Please use a different name to suppress this warning.
A parameter name that contains `beta` will be renamed internally to `bias`. Please use a different name to suppress this warning.
A parameter name that contains `gamma` will be renamed internally to `weight`. Please use a different name to suppress this warning.
A parameter name that contains `beta` will be renamed internally to `bias`. Please use a different name to suppress this warning.
A parameter name that contains `gamma` will be renamed internally to `weight`. Please use a different name to suppress this warning.
A parameter name that contains `beta` will be renamed internally to `bias`. Please use a different name to suppress this warning.
A parameter name that contains `gamma` will be renamed internally to `weight`. Please use a different name to suppress this warning.
A parameter name that contains `beta` will be renamed internally to `bias`. Please use a different name to suppress this warning.
A parameter name that contains `gamma` will be renamed internally to `weight`. Please use a different name to suppress this warning.
A parameter name that contains `beta` will be renamed internally to `bias`. Please use a different name to suppress this warning.
A parameter name that contains `gamma` will be renamed internally to `weight`. Please use a different name to suppress this warning.
A parameter name that contains `beta` will be renamed internally to `bias`. Please use a different name to suppress this warning.
A parameter name that contains `gamma` will be renamed internally to `weight`. Please use a different name to suppress this warning.
A parameter name that contains `beta` will be renamed internally to `bias`. Please use a different name to suppress this warning.
A parameter name that contains `gamma` will be renamed internally to `weight`. Please use a different name to suppress this warning.
A parameter name that contains `beta` will be renamed internally to `bias`. Please use a different name to suppress this warning.
A parameter name that contains `gamma` will be renamed internally to `weight`. Please use a different name to suppress this warning.
A parameter name that contains `beta` will be renamed internally to `bias`. Please use a different name to suppress this warning.
A parameter name that contains `gamma` will be renamed internally to `weight`. Please use a different name to suppress this warning.
A parameter name that contains `beta` will be renamed internally to `bias`. Please use a different name to suppress this warning.
A parameter name that contains `gamma` will be renamed internally to `weight`. Please use a different name to suppress this warning.
A parameter name that contains `beta` will be renamed internally to `bias`. Please use a different name to suppress this warning.
A parameter name that contains `gamma` will be renamed internally to `weight`. Please use a different name to suppress this warning.
A parameter name that contains `beta` will be renamed internally to `bias`. Please use a different name to suppress this warning.
A parameter name that contains `gamma` will be renamed internally to `weight`. Please use a different name to suppress this warning.
A parameter name that contains `beta` will be renamed internally to `bias`. Please use a different name to suppress this warning.
A parameter name that contains `gamma` will be renamed internally to `weight`. Please use a different name to suppress this warning.
A parameter name that contains `beta` will be renamed internally to `bias`. Please use a different name to suppress this warning.
A parameter name that contains `gamma` will be renamed internally to `weight`. Please use a different name to suppress this warning.
A parameter name that contains `beta` will be renamed internally to `bias`. Please use a different name to suppress this warning.
A parameter name that contains `gamma` will be renamed internally to `weight`. Please use a different name to suppress this warning.
A parameter name that contains `beta` will be renamed internally to `bias`. Please use a different name to suppress this warning.
A parameter name that contains `gamma` will be renamed internally to `weight`. Please use a different name to suppress this warning.
A parameter name that contains `beta` will be renamed internally to `bias`. Please use a different name to suppress this warning.
A parameter name that contains `gamma` will be renamed internally to `weight`. Please use a different name to suppress this warning.
A parameter name that contains `beta` will be renamed internally to `bias`. Please use a different name to suppress this warning.
A parameter name that contains `gamma` will be renamed internally to `weight`. Please use a different name to suppress this warning.
A parameter name that contains `beta` will be renamed internally to `bias`. Please use a different name to suppress this warning.
A parameter name that contains `gamma` will be renamed internally to `weight`. Please use a different name to suppress this warning.
A parameter name that contains `beta` will be renamed internally to `bias`. Please use a different name to suppress this warning.
A parameter name that contains `gamma` will be renamed internally to `weight`. Please use a different name to suppress this warning.
A parameter name that contains `beta` will be renamed internally to `bias`. Please use a different name to suppress this warning.
A parameter name that contains `gamma` will be renamed internally to `weight`. Please use a different name to suppress this warning.
A parameter name that contains `beta` will be renamed internally to `bias`. Please use a different name to suppress this warning.
A parameter name that contains `gamma` will be renamed internally to `weight`. Please use a different name to suppress this warning.
A parameter name that contains `beta` will be renamed internally to `bias`. Please use a different name to suppress this warning.
A parameter name that contains `gamma` will be renamed internally to `weight`. Please use a different name to suppress this warning.
A parameter name that contains `beta` will be renamed internally to `bias`. Please use a different name to suppress this warning.
A parameter name that contains `gamma` will be renamed internally to `weight`. Please use a different name to suppress this warning.
A parameter name that contains `beta` will be renamed internally to `bias`. Please use a different name to suppress this warning.
A parameter name that contains `gamma` will be renamed internally to `weight`. Please use a different name to suppress this warning.
A parameter name that contains `beta` will be renamed internally to `bias`. Please use a different name to suppress this warning.
A parameter name that contains `gamma` will be renamed internally to `weight`. Please use a different name to suppress this warning.
A parameter name that contains `beta` will be renamed internally to `bias`. Please use a different name to suppress this warning.
A parameter name that contains `gamma` will be renamed internally to `weight`. Please use a different name to suppress this warning.
A parameter name that contains `beta` will be renamed internally to `bias`. Please use a different name to suppress this warning.
A parameter name that contains `gamma` will be renamed internally to `weight`. Please use a different name to suppress this warning.
A parameter name that contains `beta` will be renamed internally to `bias`. Please use a different name to suppress this warning.
A parameter name that contains `gamma` will be renamed internally to `weight`. Please use a different name to suppress this warning.
A parameter name that contains `beta` will be renamed internally to `bias`. Please use a different name to suppress this warning.
A parameter name that contains `gamma` will be renamed internally to `weight`. Please use a different name to suppress this warning.
A parameter name that contains `beta` will be renamed internally to `bias`. Please use a different name to suppress this warning.
A parameter name that contains `gamma` will be renamed internally to `weight`. Please use a different name to suppress this warning.
A parameter name that contains `beta` will be renamed internally to `bias`. Please use a different name to suppress this warning.
A parameter name that contains `gamma` will be renamed internally to `weight`. Please use a different name to suppress this warning.
A parameter name that contains `beta` will be renamed internally to `bias`. Please use a different name to suppress this warning.
A parameter name that contains `gamma` will be renamed internally to `weight`. Please use a different name to suppress this warning.
A parameter name that contains `beta` will be renamed internally to `bias`. Please use a different name to suppress this warning.
A parameter name that contains `gamma` will be renamed internally to `weight`. Please use a different name to suppress this warning.
A parameter name that contains `beta` will be renamed internally to `bias`. Please use a different name to suppress this warning.
A parameter name that contains `gamma` will be renamed internally to `weight`. Please use a different name to suppress this warning.
A parameter name that contains `beta` will be renamed internally to `bias`. Please use a different name to suppress this warning.
A parameter name that contains `gamma` will be renamed internally to `weight`. Please use a different name to suppress this warning.
A parameter name that contains `beta` will be renamed internally to `bias`. Please use a different name to suppress this warning.
A parameter name that contains `gamma` will be renamed internally to `weight`. Please use a different name to suppress this warning.
A parameter name that contains `beta` will be renamed internally to `bias`. Please use a different name to suppress this warning.
A parameter name that contains `gamma` will be renamed internally to `weight`. Please use a different name to suppress this warning.
A parameter name that contains `beta` will be renamed internally to `bias`. Please use a different name to suppress this warning.
A parameter name that contains `gamma` will be renamed internally to `weight`. Please use a different name to suppress this warning.
A parameter name that contains `beta` will be renamed internally to `bias`. Please use a different name to suppress this warning.
A parameter name that contains `gamma` will be renamed internally to `weight`. Please use a different name to suppress this warning.
A parameter name that contains `beta` will be renamed internally to `bias`. Please use a different name to suppress this warning.
A parameter name that contains `gamma` will be renamed internally to `weight`. Please use a different name to suppress this warning.
A parameter name that contains `beta` will be renamed internally to `bias`. Please use a different name to suppress this warning.
A parameter name that contains `gamma` will be renamed internally to `weight`. Please use a different name to suppress this warning.
A parameter name that contains `beta` will be renamed internally to `bias`. Please use a different name to suppress this warning.
A parameter name that contains `gamma` will be renamed internally to `weight`. Please use a different name to suppress this warning.
A parameter name that contains `beta` will be renamed internally to `bias`. Please use a different name to suppress this warning.
A parameter name that contains `gamma` will be renamed internally to `weight`. Please use a different name to suppress this warning.
A parameter name that contains `beta` will be renamed internally to `bias`. Please use a different name to suppress this warning.
A parameter name that contains `gamma` will be renamed internally to `weight`. Please use a different name to suppress this warning.
A parameter name that contains `beta` will be renamed internally to `bias`. Please use a different name to suppress this warning.
A parameter name that contains `gamma` will be renamed internally to `weight`. Please use a different name to suppress this warning.
A parameter name that contains `beta` will be renamed internally to `bias`. Please use a different name to suppress this warning.
A parameter name that contains `gamma` will be renamed internally to `weight`. Please use a different name to suppress this warning.
A parameter name that contains `beta` will be renamed internally to `bias`. Please use a different name to suppress this warning.
A parameter name that contains `gamma` will be renamed internally to `weight`. Please use a different name to suppress this warning.
A parameter name that contains `beta` will be renamed internally to `bias`. Please use a different name to suppress this warning.
A parameter name that contains `gamma` will be renamed internally to `weight`. Please use a different name to suppress this warning.
A parameter name that contains `beta` will be renamed internally to `bias`. Please use a different name to suppress this warning.
A parameter name that contains `gamma` will be renamed internally to `weight`. Please use a different name to suppress this warning.
A parameter name that contains `beta` will be renamed internally to `bias`. Please use a different name to suppress this warning.
A parameter name that contains `gamma` will be renamed internally to `weight`. Please use a different name to suppress this warning.
A parameter name that contains `beta` will be renamed internally to `bias`. Please use a different name to suppress this warning.
A parameter name that contains `gamma` will be renamed internally to `weight`. Please use a different name to suppress this warning.
A parameter name that contains `beta` will be renamed internally to `bias`. Please use a different name to suppress this warning.
A parameter name that contains `gamma` will be renamed internally to `weight`. Please use a different name to suppress this warning.
A parameter name that contains `beta` will be renamed internally to `bias`. Please use a different name to suppress this warning.
A parameter name that contains `gamma` will be renamed internally to `weight`. Please use a different name to suppress this warning.
A parameter name that contains `beta` will be renamed internally to `bias`. Please use a different name to suppress this warning.
A parameter name that contains `gamma` will be renamed internally to `weight`. Please use a different name to suppress this warning.
A parameter name that contains `beta` will be renamed internally to `bias`. Please use a different name to suppress this warning.
A parameter name that contains `gamma` will be renamed internally to `weight`. Please use a different name to suppress this warning.
A parameter name that contains `beta` will be renamed internally to `bias`. Please use a different name to suppress this warning.
A parameter name that contains `gamma` will be renamed internally to `weight`. Please use a different name to suppress this warning.
A parameter name that contains `beta` will be renamed internally to `bias`. Please use a different name to suppress this warning.
A parameter name that contains `gamma` will be renamed internally to `weight`. Please use a different name to suppress this warning.
A parameter name that contains `beta` will be renamed internally to `bias`. Please use a different name to suppress this warning.
A parameter name that contains `gamma` will be renamed internally to `weight`. Please use a different name to suppress this warning.
A parameter name that contains `beta` will be renamed internally to `bias`. Please use a different name to suppress this warning.
A parameter name that contains `gamma` will be renamed internally to `weight`. Please use a different name to suppress this warning.
A parameter name that contains `beta` will be renamed internally to `bias`. Please use a different name to suppress this warning.
A parameter name that contains `gamma` will be renamed internally to `weight`. Please use a different name to suppress this warning.
A parameter name that contains `beta` will be renamed internally to `bias`. Please use a different name to suppress this warning.
A parameter name that contains `gamma` will be renamed internally to `weight`. Please use a different name to suppress this warning.
A parameter name that contains `beta` will be renamed internally to `bias`. Please use a different name to suppress this warning.
A parameter name that contains `gamma` will be renamed internally to `weight`. Please use a different name to suppress this warning.
A parameter name that contains `beta` will be renamed internally to `bias`. Please use a different name to suppress this warning.
A parameter name that contains `gamma` will be renamed internally to `weight`. Please use a different name to suppress this warning.
A parameter name that contains `beta` will be renamed internally to `bias`. Please use a different name to suppress this warning.
A parameter name that contains `gamma` will be renamed internally to `weight`. Please use a different name to suppress this warning.
A parameter name that contains `beta` will be renamed internally to `bias`. Please use a different name to suppress this warning.
A parameter name that contains `gamma` will be renamed internally to `weight`. Please use a different name to suppress this warning.
A parameter name that contains `beta` will be renamed internally to `bias`. Please use a different name to suppress this warning.
A parameter name that contains `gamma` will be renamed internally to `weight`. Please use a different name to suppress this warning.
A parameter name that contains `beta` will be renamed internally to `bias`. Please use a different name to suppress this warning.
A parameter name that contains `gamma` will be renamed internally to `weight`. Please use a different name to suppress this warning.
A parameter name that contains `beta` will be renamed internally to `bias`. Please use a different name to suppress this warning.
A parameter name that contains `gamma` will be renamed internally to `weight`. Please use a different name to suppress this warning.
A parameter name that contains `beta` will be renamed internally to `bias`. Please use a different name to suppress this warning.
A parameter name that contains `gamma` will be renamed internally to `weight`. Please use a different name to suppress this warning.
A parameter name that contains `beta` will be renamed internally to `bias`. Please use a different name to suppress this warning.
A parameter name that contains `gamma` will be renamed internally to `weight`. Please use a different name to suppress this warning.
A parameter name that contains `beta` will be renamed internally to `bias`. Please use a different name to suppress this warning.
A parameter name that contains `gamma` will be renamed internally to `weight`. Please use a different name to suppress this warning.
A parameter name that contains `beta` will be renamed internally to `bias`. Please use a different name to suppress this warning.
A parameter name that contains `gamma` will be renamed internally to `weight`. Please use a different name to suppress this warning.
A parameter name that contains `beta` will be renamed internally to `bias`. Please use a different name to suppress this warning.
A parameter name that contains `gamma` will be renamed internally to `weight`. Please use a different name to suppress this warning.
A parameter name that contains `beta` will be renamed internally to `bias`. Please use a different name to suppress this warning.
A parameter name that contains `gamma` will be renamed internally to `weight`. Please use a different name to suppress this warning.
A parameter name that contains `beta` will be renamed internally to `bias`. Please use a different name to suppress this warning.
A parameter name that contains `gamma` will be renamed internally to `weight`. Please use a different name to suppress this warning.
A parameter name that contains `beta` will be renamed internally to `bias`. Please use a different name to suppress this warning.
A parameter name that contains `gamma` will be renamed internally to `weight`. Please use a different name to suppress this warning.
A parameter name that contains `beta` will be renamed internally to `bias`. Please use a different name to suppress this warning.
A parameter name that contains `gamma` will be renamed internally to `weight`. Please use a different name to suppress this warning.
A parameter name that contains `beta` will be renamed internally to `bias`. Please use a different name to suppress this warning.
A parameter name that contains `gamma` will be renamed internally to `weight`. Please use a different name to suppress this warning.
A parameter name that contains `beta` will be renamed internally to `bias`. Please use a different name to suppress this warning.
A parameter name that contains `gamma` will be renamed internally to `weight`. Please use a different name to suppress this warning.
A parameter name that contains `beta` will be renamed internally to `bias`. Please use a different name to suppress this warning.
A parameter name that contains `gamma` will be renamed internally to `weight`. Please use a different name to suppress this warning.
A parameter name that contains `beta` will be renamed internally to `bias`. Please use a different name to suppress this warning.
A parameter name that contains `gamma` will be renamed internally to `weight`. Please use a different name to suppress this warning.
A parameter name that contains `beta` will be renamed internally to `bias`. Please use a different name to suppress this warning.
A parameter name that contains `gamma` will be renamed internally to `weight`. Please use a different name to suppress this warning.
A parameter name that contains `beta` will be renamed internally to `bias`. Please use a different name to suppress this warning.
A parameter name that contains `gamma` will be renamed internally to `weight`. Please use a different name to suppress this warning.
A parameter name that contains `beta` will be renamed internally to `bias`. Please use a different name to suppress this warning.
A parameter name that contains `gamma` will be renamed internally to `weight`. Please use a different name to suppress this warning.
A parameter name that contains `beta` will be renamed internally to `bias`. Please use a different name to suppress this warning.
A parameter name that contains `gamma` will be renamed internally to `weight`. Please use a different name to suppress this warning.
A parameter name that contains `beta` will be renamed internally to `bias`. Please use a different name to suppress this warning.
A parameter name that contains `gamma` will be renamed internally to `weight`. Please use a different name to suppress this warning.
A parameter name that contains `beta` will be renamed internally to `bias`. Please use a different name to suppress this warning.
A parameter name that contains `gamma` will be renamed internally to `weight`. Please use a different name to suppress this warning.
A parameter name that contains `beta` will be renamed internally to `bias`. Please use a different name to suppress this warning.
A parameter name that contains `gamma` will be renamed internally to `weight`. Please use a different name to suppress this warning.
A parameter name that contains `beta` will be renamed internally to `bias`. Please use a different name to suppress this warning.
A parameter name that contains `gamma` will be renamed internally to `weight`. Please use a different name to suppress this warning.
A parameter name that contains `beta` will be renamed internally to `bias`. Please use a different name to suppress this warning.
A parameter name that contains `gamma` will be renamed internally to `weight`. Please use a different name to suppress this warning.
A parameter name that contains `beta` will be renamed internally to `bias`. Please use a different name to suppress this warning.
A parameter name that contains `gamma` will be renamed internally to `weight`. Please use a different name to suppress this warning.
A parameter name that contains `beta` will be renamed internally to `bias`. Please use a different name to suppress this warning.
A parameter name that contains `gamma` will be renamed internally to `weight`. Please use a different name to suppress this warning.
A parameter name that contains `beta` will be renamed internally to `bias`. Please use a different name to suppress this warning.
A parameter name that contains `gamma` will be renamed internally to `weight`. Please use a different name to suppress this warning.
A parameter name that contains `beta` will be renamed internally to `bias`. Please use a different name to suppress this warning.
A parameter name that contains `gamma` will be renamed internally to `weight`. Please use a different name to suppress this warning.
A parameter name that contains `beta` will be renamed internally to `bias`. Please use a different name to suppress this warning.
A parameter name that contains `gamma` will be renamed internally to `weight`. Please use a different name to suppress this warning.
A parameter name that contains `beta` will be renamed internally to `bias`. Please use a different name to suppress this warning.
A parameter name that contains `gamma` will be renamed internally to `weight`. Please use a different name to suppress this warning.
A parameter name that contains `beta` will be renamed internally to `bias`. Please use a different name to suppress this warning.
A parameter name that contains `gamma` will be renamed internally to `weight`. Please use a different name to suppress this warning.
A parameter name that contains `beta` will be renamed internally to `bias`. Please use a different name to suppress this warning.
A parameter name that contains `gamma` will be renamed internally to `weight`. Please use a different name to suppress this warning.
A parameter name that contains `beta` will be renamed internally to `bias`. Please use a different name to suppress this warning.
A parameter name that contains `gamma` will be renamed internally to `weight`. Please use a different name to suppress this warning.
A parameter name that contains `beta` will be renamed internally to `bias`. Please use a different name to suppress this warning.
A parameter name that contains `gamma` will be renamed internally to `weight`. Please use a different name to suppress this warning.
A parameter name that contains `beta` will be renamed internally to `bias`. Please use a different name to suppress this warning.
A parameter name that contains `gamma` will be renamed internally to `weight`. Please use a different name to suppress this warning.
A parameter name that contains `beta` will be renamed internally to `bias`. Please use a different name to suppress this warning.
A parameter name that contains `gamma` will be renamed internally to `weight`. Please use a different name to suppress this warning.
A parameter name that contains `beta` will be renamed internally to `bias`. Please use a different name to suppress this warning.
A parameter name that contains `gamma` will be renamed internally to `weight`. Please use a different name to suppress this warning.
A parameter name that contains `beta` will be renamed internally to `bias`. Please use a different name to suppress this warning.
A parameter name that contains `gamma` will be renamed internally to `weight`. Please use a different name to suppress this warning.
A parameter name that contains `beta` will be renamed internally to `bias`. Please use a different name to suppress this warning.
A parameter name that contains `gamma` will be renamed internally to `weight`. Please use a different name to suppress this warning.
A parameter name that contains `beta` will be renamed internally to `bias`. Please use a different name to suppress this warning.
A parameter name that contains `gamma` will be renamed internally to `weight`. Please use a different name to suppress this warning.
A parameter name that contains `beta` will be renamed internally to `bias`. Please use a different name to suppress this warning.
A parameter name that contains `gamma` will be renamed internally to `weight`. Please use a different name to suppress this warning.
A parameter name that contains `beta` will be renamed internally to `bias`. Please use a different name to suppress this warning.
A parameter name that contains `gamma` will be renamed internally to `weight`. Please use a different name to suppress this warning.
A parameter name that contains `beta` will be renamed internally to `bias`. Please use a different name to suppress this warning.
A parameter name that contains `gamma` will be renamed internally to `weight`. Please use a different name to suppress this warning.
A parameter name that contains `beta` will be renamed internally to `bias`. Please use a different name to suppress this warning.
A parameter name that contains `gamma` will be renamed internally to `weight`. Please use a different name to suppress this warning.
A parameter name that contains `beta` will be renamed internally to `bias`. Please use a different name to suppress this warning.
A parameter name that contains `gamma` will be renamed internally to `weight`. Please use a different name to suppress this warning.
A parameter name that contains `beta` will be renamed internally to `bias`. Please use a different name to suppress this warning.
A parameter name that contains `gamma` will be renamed internally to `weight`. Please use a different name to suppress this warning.
/mnt/localssd/new_base_line/internship-causal-embedding/.venv/lib/python3.11/site-packages/transformers/tokenization_utils_base.py:1601: FutureWarning: `clean_up_tokenization_spaces` was not set. It will be set to `True` by default. This behavior will be depracted in transformers v4.45, and will be then set to `False` by default. For more details check this issue: https://github.com/huggingface/transformers/issues/31884
  warnings.warn(
A parameter name that contains `beta` will be renamed internally to `bias`. Please use a different name to suppress this warning.
A parameter name that contains `gamma` will be renamed internally to `weight`. Please use a different name to suppress this warning.
A parameter name that contains `beta` will be renamed internally to `bias`. Please use a different name to suppress this warning.
A parameter name that contains `gamma` will be renamed internally to `weight`. Please use a different name to suppress this warning.
A parameter name that contains `beta` will be renamed internally to `bias`. Please use a different name to suppress this warning.
A parameter name that contains `gamma` will be renamed internally to `weight`. Please use a different name to suppress this warning.
A parameter name that contains `beta` will be renamed internally to `bias`. Please use a different name to suppress this warning.
A parameter name that contains `gamma` will be renamed internally to `weight`. Please use a different name to suppress this warning.
A parameter name that contains `beta` will be renamed internally to `bias`. Please use a different name to suppress this warning.
A parameter name that contains `gamma` will be renamed internally to `weight`. Please use a different name to suppress this warning.
A parameter name that contains `beta` will be renamed internally to `bias`. Please use a different name to suppress this warning.
A parameter name that contains `gamma` will be renamed internally to `weight`. Please use a different name to suppress this warning.
A parameter name that contains `beta` will be renamed internally to `bias`. Please use a different name to suppress this warning.
A parameter name that contains `gamma` will be renamed internally to `weight`. Please use a different name to suppress this warning.
A parameter name that contains `beta` will be renamed internally to `bias`. Please use a different name to suppress this warning.
A parameter name that contains `gamma` will be renamed internally to `weight`. Please use a different name to suppress this warning.
A parameter name that contains `beta` will be renamed internally to `bias`. Please use a different name to suppress this warning.
A parameter name that contains `gamma` will be renamed internally to `weight`. Please use a different name to suppress this warning.
A parameter name that contains `beta` will be renamed internally to `bias`. Please use a different name to suppress this warning.
A parameter name that contains `gamma` will be renamed internally to `weight`. Please use a different name to suppress this warning.
A parameter name that contains `beta` will be renamed internally to `bias`. Please use a different name to suppress this warning.
A parameter name that contains `gamma` will be renamed internally to `weight`. Please use a different name to suppress this warning.
A parameter name that contains `beta` will be renamed internally to `bias`. Please use a different name to suppress this warning.
A parameter name that contains `gamma` will be renamed internally to `weight`. Please use a different name to suppress this warning.
A parameter name that contains `beta` will be renamed internally to `bias`. Please use a different name to suppress this warning.
A parameter name that contains `gamma` will be renamed internally to `weight`. Please use a different name to suppress this warning.
A parameter name that contains `beta` will be renamed internally to `bias`. Please use a different name to suppress this warning.
A parameter name that contains `gamma` will be renamed internally to `weight`. Please use a different name to suppress this warning.
A parameter name that contains `beta` will be renamed internally to `bias`. Please use a different name to suppress this warning.
A parameter name that contains `gamma` will be renamed internally to `weight`. Please use a different name to suppress this warning.
A parameter name that contains `beta` will be renamed internally to `bias`. Please use a different name to suppress this warning.
A parameter name that contains `gamma` will be renamed internally to `weight`. Please use a different name to suppress this warning.
A parameter name that contains `beta` will be renamed internally to `bias`. Please use a different name to suppress this warning.
A parameter name that contains `gamma` will be renamed internally to `weight`. Please use a different name to suppress this warning.
A parameter name that contains `beta` will be renamed internally to `bias`. Please use a different name to suppress this warning.
A parameter name that contains `gamma` will be renamed internally to `weight`. Please use a different name to suppress this warning.
A parameter name that contains `beta` will be renamed internally to `bias`. Please use a different name to suppress this warning.
A parameter name that contains `gamma` will be renamed internally to `weight`. Please use a different name to suppress this warning.
A parameter name that contains `beta` will be renamed internally to `bias`. Please use a different name to suppress this warning.
A parameter name that contains `gamma` will be renamed internally to `weight`. Please use a different name to suppress this warning.
A parameter name that contains `beta` will be renamed internally to `bias`. Please use a different name to suppress this warning.
A parameter name that contains `gamma` will be renamed internally to `weight`. Please use a different name to suppress this warning.
A parameter name that contains `beta` will be renamed internally to `bias`. Please use a different name to suppress this warning.
A parameter name that contains `gamma` will be renamed internally to `weight`. Please use a different name to suppress this warning.
A parameter name that contains `beta` will be renamed internally to `bias`. Please use a different name to suppress this warning.
A parameter name that contains `gamma` will be renamed internally to `weight`. Please use a different name to suppress this warning.
A parameter name that contains `beta` will be renamed internally to `bias`. Please use a different name to suppress this warning.
A parameter name that contains `gamma` will be renamed internally to `weight`. Please use a different name to suppress this warning.
A parameter name that contains `beta` will be renamed internally to `bias`. Please use a different name to suppress this warning.
A parameter name that contains `gamma` will be renamed internally to `weight`. Please use a different name to suppress this warning.
A parameter name that contains `beta` will be renamed internally to `bias`. Please use a different name to suppress this warning.
A parameter name that contains `gamma` will be renamed internally to `weight`. Please use a different name to suppress this warning.
[rerank] 7368 pairs  retriever=cde  device=cuda
[stage1] retrieval MRR=0.1263  R@1=0.073  R@10=0.222
[stage2] scoring 368400 pairs with CE multiwoz_v24_rerank …
[stage2] scoring 368400 pairs with CE multiwoz_v24_rerank_v2 …
[stage2] ensembled 2 CEs

 pool  blend      MRR     R@1     R@5    R@10
----------------------------------------------
   20   0.30   0.1381   0.087   0.177   0.232  <<
   20   0.50   0.1426   0.093   0.182   0.235  <<
   20   0.70   0.1387   0.089   0.177   0.231
   50   0.30   0.1398   0.088   0.179   0.235
   50   0.50   0.1449   0.094   0.186   0.240  <<
   50   0.70   0.1362   0.088   0.169   0.221

[best] pool50_blend0.5  MRR=0.1449
[baseline BiEncoder MRR]  0.2511
[lift over baseline]      -42.3%  (target +10% = 0.2762  not yet)
[fused AUC vs 4 random negs]  0.9682
[fused AUC vs 4 hard negs]    0.7379
[saved] /mnt/localssd/new_base_line/internship-causal-embedding/my_work/kl/results/multiwoz_v24/rerank_eval.json
[13:14:00] ===== DONE multiwoz_v24 =====
