[12:32:56] ===== START qrecc on GPU 3 =====
[12:32:56] [qrecc] Step 0: staging data
[12:32:56] [qrecc] Step 1: mining K=8 hard negatives
/mnt/localssd/new_base_line/internship-causal-embedding/.venv/lib/python3.11/site-packages/transformers/tokenization_utils_base.py:1601: FutureWarning: `clean_up_tokenization_spaces` was not set. It will be set to `True` by default. This behavior will be depracted in transformers v4.45, and will be then set to `False` by default. For more details check this issue: https://github.com/huggingface/transformers/issues/31884
  warnings.warn(
[miner] sentence-transformers/all-MiniLM-L6-v2  K=8

[train] loading /mnt/localssd/new_base_line/internship-causal-embedding/my_work/kl/results/qrecc/train_pairs.jsonl
  13500 pairs
  encoding 13500 positives …
  encoded in 2.1s  dim=384
  k-NN (8 per anchor) on cuda  chunk=1024 …
  k-NN done in 0.1s
  saved /mnt/localssd/new_base_line/internship-causal-embedding/my_work/kl/results/qrecc/hard_negatives_k8.npy

[test] loading /mnt/localssd/new_base_line/internship-causal-embedding/my_work/kl/results/qrecc/test_pairs.jsonl
  5204 pairs
  encoding 5204 positives …
  encoded in 0.7s  dim=384
  k-NN (8 per anchor) on cuda  chunk=1024 …
  k-NN done in 0.0s
  saved /mnt/localssd/new_base_line/internship-causal-embedding/my_work/kl/results/qrecc/test_hard_negatives_k8.npy

[done]
[12:33:05] [qrecc] Step 2: training CDEv2 retriever
/mnt/localssd/new_base_line/internship-causal-embedding/.venv/lib/python3.11/site-packages/transformers/tokenization_utils_base.py:1601: FutureWarning: `clean_up_tokenization_spaces` was not set. It will be set to `True` by default. This behavior will be depracted in transformers v4.45, and will be then set to `False` by default. For more details check this issue: https://github.com/huggingface/transformers/issues/31884
  warnings.warn(
A parameter name that contains `beta` will be renamed internally to `bias`. Please use a different name to suppress this warning.
A parameter name that contains `gamma` will be renamed internally to `weight`. Please use a different name to suppress this warning.
A parameter name that contains `beta` will be renamed internally to `bias`. Please use a different name to suppress this warning.
A parameter name that contains `gamma` will be renamed internally to `weight`. Please use a different name to suppress this warning.
A parameter name that contains `beta` will be renamed internally to `bias`. Please use a different name to suppress this warning.
A parameter name that contains `gamma` will be renamed internally to `weight`. Please use a different name to suppress this warning.
A parameter name that contains `beta` will be renamed internally to `bias`. Please use a different name to suppress this warning.
A parameter name that contains `gamma` will be renamed internally to `weight`. Please use a different name to suppress this warning.
A parameter name that contains `beta` will be renamed internally to `bias`. Please use a different name to suppress this warning.
A parameter name that contains `gamma` will be renamed internally to `weight`. Please use a different name to suppress this warning.
A parameter name that contains `beta` will be renamed internally to `bias`. Please use a different name to suppress this warning.
A parameter name that contains `gamma` will be renamed internally to `weight`. Please use a different name to suppress this warning.
A parameter name that contains `beta` will be renamed internally to `bias`. Please use a different name to suppress this warning.
A parameter name that contains `gamma` will be renamed internally to `weight`. Please use a different name to suppress this warning.
A parameter name that contains `beta` will be renamed internally to `bias`. Please use a different name to suppress this warning.
A parameter name that contains `gamma` will be renamed internally to `weight`. Please use a different name to suppress this warning.
A parameter name that contains `beta` will be renamed internally to `bias`. Please use a different name to suppress this warning.
A parameter name that contains `gamma` will be renamed internally to `weight`. Please use a different name to suppress this warning.
A parameter name that contains `beta` will be renamed internally to `bias`. Please use a different name to suppress this warning.
A parameter name that contains `gamma` will be renamed internally to `weight`. Please use a different name to suppress this warning.
A parameter name that contains `beta` will be renamed internally to `bias`. Please use a different name to suppress this warning.
A parameter name that contains `gamma` will be renamed internally to `weight`. Please use a different name to suppress this warning.
A parameter name that contains `beta` will be renamed internally to `bias`. Please use a different name to suppress this warning.
A parameter name that contains `gamma` will be renamed internally to `weight`. Please use a different name to suppress this warning.
A parameter name that contains `beta` will be renamed internally to `bias`. Please use a different name to suppress this warning.
A parameter name that contains `gamma` will be renamed internally to `weight`. Please use a different name to suppress this warning.
A parameter name that contains `beta` will be renamed internally to `bias`. Please use a different name to suppress this warning.
A parameter name that contains `gamma` will be renamed internally to `weight`. Please use a different name to suppress this warning.
A parameter name that contains `beta` will be renamed internally to `bias`. Please use a different name to suppress this warning.
A parameter name that contains `gamma` will be renamed internally to `weight`. Please use a different name to suppress this warning.
A parameter name that contains `beta` will be renamed internally to `bias`. Please use a different name to suppress this warning.
A parameter name that contains `gamma` will be renamed internally to `weight`. Please use a different name to suppress this warning.
A parameter name that contains `beta` will be renamed internally to `bias`. Please use a different name to suppress this warning.
A parameter name that contains `gamma` will be renamed internally to `weight`. Please use a different name to suppress this warning.
A parameter name that contains `beta` will be renamed internally to `bias`. Please use a different name to suppress this warning.
A parameter name that contains `gamma` will be renamed internally to `weight`. Please use a different name to suppress this warning.
A parameter name that contains `beta` will be renamed internally to `bias`. Please use a different name to suppress this warning.
A parameter name that contains `gamma` will be renamed internally to `weight`. Please use a different name to suppress this warning.
A parameter name that contains `beta` will be renamed internally to `bias`. Please use a different name to suppress this warning.
A parameter name that contains `gamma` will be renamed internally to `weight`. Please use a different name to suppress this warning.
A parameter name that contains `beta` will be renamed internally to `bias`. Please use a different name to suppress this warning.
A parameter name that contains `gamma` will be renamed internally to `weight`. Please use a different name to suppress this warning.
A parameter name that contains `beta` will be renamed internally to `bias`. Please use a different name to suppress this warning.
A parameter name that contains `gamma` will be renamed internally to `weight`. Please use a different name to suppress this warning.
A parameter name that contains `beta` will be renamed internally to `bias`. Please use a different name to suppress this warning.
A parameter name that contains `gamma` will be renamed internally to `weight`. Please use a different name to suppress this warning.
A parameter name that contains `beta` will be renamed internally to `bias`. Please use a different name to suppress this warning.
A parameter name that contains `gamma` will be renamed internally to `weight`. Please use a different name to suppress this warning.
A parameter name that contains `beta` will be renamed internally to `bias`. Please use a different name to suppress this warning.
A parameter name that contains `gamma` will be renamed internally to `weight`. Please use a different name to suppress this warning.
A parameter name that contains `beta` will be renamed internally to `bias`. Please use a different name to suppress this warning.
A parameter name that contains `gamma` will be renamed internally to `weight`. Please use a different name to suppress this warning.
A parameter name that contains `beta` will be renamed internally to `bias`. Please use a different name to suppress this warning.
A parameter name that contains `gamma` will be renamed internally to `weight`. Please use a different name to suppress this warning.
A parameter name that contains `beta` will be renamed internally to `bias`. Please use a different name to suppress this warning.
A parameter name that contains `gamma` will be renamed internally to `weight`. Please use a different name to suppress this warning.
A parameter name that contains `beta` will be renamed internally to `bias`. Please use a different name to suppress this warning.
A parameter name that contains `gamma` will be renamed internally to `weight`. Please use a different name to suppress this warning.
A parameter name that contains `beta` will be renamed internally to `bias`. Please use a different name to suppress this warning.
A parameter name that contains `gamma` will be renamed internally to `weight`. Please use a different name to suppress this warning.
A parameter name that contains `beta` will be renamed internally to `bias`. Please use a different name to suppress this warning.
A parameter name that contains `gamma` will be renamed internally to `weight`. Please use a different name to suppress this warning.
A parameter name that contains `beta` will be renamed internally to `bias`. Please use a different name to suppress this warning.
A parameter name that contains `gamma` will be renamed internally to `weight`. Please use a different name to suppress this warning.
A parameter name that contains `beta` will be renamed internally to `bias`. Please use a different name to suppress this warning.
A parameter name that contains `gamma` will be renamed internally to `weight`. Please use a different name to suppress this warning.
A parameter name that contains `beta` will be renamed internally to `bias`. Please use a different name to suppress this warning.
A parameter name that contains `gamma` will be renamed internally to `weight`. Please use a different name to suppress this warning.
A parameter name that contains `beta` will be renamed internally to `bias`. Please use a different name to suppress this warning.
A parameter name that contains `gamma` will be renamed internally to `weight`. Please use a different name to suppress this warning.
A parameter name that contains `beta` will be renamed internally to `bias`. Please use a different name to suppress this warning.
A parameter name that contains `gamma` will be renamed internally to `weight`. Please use a different name to suppress this warning.
A parameter name that contains `beta` will be renamed internally to `bias`. Please use a different name to suppress this warning.
A parameter name that contains `gamma` will be renamed internally to `weight`. Please use a different name to suppress this warning.
A parameter name that contains `beta` will be renamed internally to `bias`. Please use a different name to suppress this warning.
A parameter name that contains `gamma` will be renamed internally to `weight`. Please use a different name to suppress this warning.
A parameter name that contains `beta` will be renamed internally to `bias`. Please use a different name to suppress this warning.
A parameter name that contains `gamma` will be renamed internally to `weight`. Please use a different name to suppress this warning.
A parameter name that contains `beta` will be renamed internally to `bias`. Please use a different name to suppress this warning.
A parameter name that contains `gamma` will be renamed internally to `weight`. Please use a different name to suppress this warning.
A parameter name that contains `beta` will be renamed internally to `bias`. Please use a different name to suppress this warning.
A parameter name that contains `gamma` will be renamed internally to `weight`. Please use a different name to suppress this warning.
A parameter name that contains `beta` will be renamed internally to `bias`. Please use a different name to suppress this warning.
A parameter name that contains `gamma` will be renamed internally to `weight`. Please use a different name to suppress this warning.
A parameter name that contains `beta` will be renamed internally to `bias`. Please use a different name to suppress this warning.
A parameter name that contains `gamma` will be renamed internally to `weight`. Please use a different name to suppress this warning.
A parameter name that contains `beta` will be renamed internally to `bias`. Please use a different name to suppress this warning.
A parameter name that contains `gamma` will be renamed internally to `weight`. Please use a different name to suppress this warning.
A parameter name that contains `beta` will be renamed internally to `bias`. Please use a different name to suppress this warning.
A parameter name that contains `gamma` will be renamed internally to `weight`. Please use a different name to suppress this warning.
A parameter name that contains `beta` will be renamed internally to `bias`. Please use a different name to suppress this warning.
A parameter name that contains `gamma` will be renamed internally to `weight`. Please use a different name to suppress this warning.
A parameter name that contains `beta` will be renamed internally to `bias`. Please use a different name to suppress this warning.
A parameter name that contains `gamma` will be renamed internally to `weight`. Please use a different name to suppress this warning.
A parameter name that contains `beta` will be renamed internally to `bias`. Please use a different name to suppress this warning.
A parameter name that contains `gamma` will be renamed internally to `weight`. Please use a different name to suppress this warning.
A parameter name that contains `beta` will be renamed internally to `bias`. Please use a different name to suppress this warning.
A parameter name that contains `gamma` will be renamed internally to `weight`. Please use a different name to suppress this warning.
A parameter name that contains `beta` will be renamed internally to `bias`. Please use a different name to suppress this warning.
A parameter name that contains `gamma` will be renamed internally to `weight`. Please use a different name to suppress this warning.
A parameter name that contains `beta` will be renamed internally to `bias`. Please use a different name to suppress this warning.
A parameter name that contains `gamma` will be renamed internally to `weight`. Please use a different name to suppress this warning.
A parameter name that contains `beta` will be renamed internally to `bias`. Please use a different name to suppress this warning.
A parameter name that contains `gamma` will be renamed internally to `weight`. Please use a different name to suppress this warning.
[device] cuda
[out]    /mnt/localssd/new_base_line/internship-causal-embedding/my_work/kl/results/qrecc
[data] 13500 train pairs  K=8
[data] 1500 val pairs
[warm-start] from finetune_eval/results/qrecc/checkpoint_best.pt
  [warm-start] loaded 199 anchor tensors -> cause_enc, 199 positive tensors -> effect_enc (missing=0, unexpected=0)
[model] shared_encoder=False  kl_scale=dim  init_cos_weight=1.0  pooling=cls  mu_identity=True  log_sigma_init=3.0
[model] CDEv2  backbone=google-bert/bert-base-uncased  proj_dim=768  params=226,059,268

================================================================================
CDEv2 training  total=3000  phA=3000  phB_end=3000
batch=64  K=8  bf16=True  backbone_lr=2e-05  head_lr=0.0001
================================================================================
  step=   50/3000 [A]  loss=2.0402  info=2.0402  τ=0.0497  λcos=1.001  s+=0.491  s-=0.217  γ=0.0005
  step=  100/3000 [A]  loss=2.2422  info=2.2422  τ=0.0488  λcos=1.002  s+=0.395  s-=0.154  γ=0.0022
  step=  150/3000 [A]  loss=2.1991  info=2.1991  τ=0.0480  λcos=1.004  s+=0.352  s-=0.084  γ=0.0052
  step=  200/3000 [A]  loss=1.9751  info=1.9751  τ=0.0469  λcos=1.006  s+=0.341  s-=0.046  γ=0.0071
  [val step=200]  MRR=0.2814  R@1=0.201  R@5=0.359  R@10=0.449  med=16  * new best
  step=  250/3000 [A]  loss=1.9219  info=1.9219  τ=0.0453  λcos=1.010  s+=0.309  s-=0.033  γ=0.0078
  step=  300/3000 [A]  loss=2.0040  info=2.0040  τ=0.0439  λcos=1.013  s+=0.270  s-=-0.015  γ=0.0087
  step=  350/3000 [A]  loss=1.7874  info=1.7874  τ=0.0431  λcos=1.014  s+=0.301  s-=0.005  γ=0.0094
  step=  400/3000 [A]  loss=1.8626  info=1.8626  τ=0.0423  λcos=1.016  s+=0.305  s-=0.026  γ=0.0093
  [val step=400]  MRR=0.2900  R@1=0.204  R@5=0.376  R@10=0.450  med=16  * new best
  step=  450/3000 [A]  loss=1.3691  info=1.3691  τ=0.0406  λcos=1.020  s+=0.339  s-=-0.032  γ=0.0094
  step=  500/3000 [A]  loss=2.0120  info=2.0120  τ=0.0390  λcos=1.024  s+=0.282  s-=-0.005  γ=0.0097
  step=  550/3000 [A]  loss=1.3838  info=1.3838  τ=0.0378  λcos=1.027  s+=0.287  s-=-0.044  γ=0.0107
  step=  600/3000 [A]  loss=1.5551  info=1.5551  τ=0.0371  λcos=1.029  s+=0.315  s-=-0.015  γ=0.0107
  [val step=600]  MRR=0.2827  R@1=0.195  R@5=0.367  R@10=0.449  med=15  (patience 1/6)
  step=  650/3000 [A]  loss=1.3103  info=1.3103  τ=0.0361  λcos=1.032  s+=0.329  s-=-0.033  γ=0.0107
  step=  700/3000 [A]  loss=1.2279  info=1.2279  τ=0.0346  λcos=1.035  s+=0.309  s-=-0.033  γ=0.0112
  step=  750/3000 [A]  loss=1.0442  info=1.0442  τ=0.0336  λcos=1.038  s+=0.309  s-=-0.063  γ=0.0112
  step=  800/3000 [A]  loss=1.3787  info=1.3787  τ=0.0326  λcos=1.041  s+=0.288  s-=-0.076  γ=0.0120
  [val step=800]  MRR=0.2760  R@1=0.194  R@5=0.359  R@10=0.439  med=17  (patience 2/6)
  step=  850/3000 [A]  loss=0.7155  info=0.7155  τ=0.0319  λcos=1.043  s+=0.305  s-=-0.060  γ=0.0121
  step=  900/3000 [A]  loss=0.9516  info=0.9516  τ=0.0308  λcos=1.047  s+=0.320  s-=-0.074  γ=0.0123
  step=  950/3000 [A]  loss=0.7730  info=0.7730  τ=0.0299  λcos=1.049  s+=0.316  s-=-0.073  γ=0.0125
  step= 1000/3000 [A]  loss=0.9902  info=0.9902  τ=0.0294  λcos=1.051  s+=0.270  s-=-0.070  γ=0.0130
  [val step=1000]  MRR=0.2729  R@1=0.197  R@5=0.339  R@10=0.421  med=19  (patience 3/6)
  step= 1050/3000 [A]  loss=1.2126  info=1.2126  τ=0.0289  λcos=1.053  s+=0.263  s-=-0.079  γ=0.0132
  step= 1100/3000 [A]  loss=0.7671  info=0.7671  τ=0.0281  λcos=1.056  s+=0.298  s-=-0.087  γ=0.0131
  step= 1150/3000 [A]  loss=0.8318  info=0.8318  τ=0.0275  λcos=1.058  s+=0.295  s-=-0.095  γ=0.0136
  step= 1200/3000 [A]  loss=0.6435  info=0.6435  τ=0.0271  λcos=1.060  s+=0.287  s-=-0.089  γ=0.0139
  [val step=1200]  MRR=0.2714  R@1=0.191  R@5=0.352  R@10=0.433  med=18  (patience 4/6)
  step= 1250/3000 [A]  loss=0.9384  info=0.9384  τ=0.0268  λcos=1.061  s+=0.284  s-=-0.064  γ=0.0139
  step= 1300/3000 [A]  loss=0.4506  info=0.4506  τ=0.0263  λcos=1.063  s+=0.321  s-=-0.093  γ=0.0139
  step= 1350/3000 [A]  loss=0.7431  info=0.7431  τ=0.0259  λcos=1.065  s+=0.292  s-=-0.089  γ=0.0142
  step= 1400/3000 [A]  loss=0.7513  info=0.7513  τ=0.0257  λcos=1.066  s+=0.286  s-=-0.093  γ=0.0145
  [val step=1400]  MRR=0.2621  R@1=0.184  R@5=0.340  R@10=0.422  med=22  (patience 5/6)
  step= 1450/3000 [A]  loss=0.7374  info=0.7374  τ=0.0254  λcos=1.067  s+=0.291  s-=-0.076  γ=0.0144
  step= 1500/3000 [A]  loss=0.3417  info=0.3417  τ=0.0252  λcos=1.068  s+=0.334  s-=-0.085  γ=0.0144
  step= 1550/3000 [A]  loss=0.5141  info=0.5141  τ=0.0248  λcos=1.070  s+=0.308  s-=-0.074  γ=0.0146
  step= 1600/3000 [A]  loss=0.6070  info=0.6070  τ=0.0245  λcos=1.071  s+=0.301  s-=-0.134  γ=0.0144
  [val step=1600]  MRR=0.2594  R@1=0.182  R@5=0.327  R@10=0.411  med=21  (patience 6/6)

[early stop] no MRR improvement for 6 checks.

================================================================================
[done]  best val MRR=0.2900
  best:   /mnt/localssd/new_base_line/internship-causal-embedding/my_work/kl/results/qrecc/cde_v2_run5c_best.pt
  latest: /mnt/localssd/new_base_line/internship-causal-embedding/my_work/kl/results/qrecc/cde_v2_run5c_latest.pt
[12:44:31] [qrecc] Step 3a: training CE v1 (MiniLM negs)
/mnt/localssd/new_base_line/internship-causal-embedding/.venv/lib/python3.11/site-packages/transformers/tokenization_utils_base.py:1601: FutureWarning: `clean_up_tokenization_spaces` was not set. It will be set to `True` by default. This behavior will be depracted in transformers v4.45, and will be then set to `False` by default. For more details check this issue: https://github.com/huggingface/transformers/issues/31884
  warnings.warn(
A parameter name that contains `beta` will be renamed internally to `bias`. Please use a different name to suppress this warning.
A parameter name that contains `gamma` will be renamed internally to `weight`. Please use a different name to suppress this warning.
A parameter name that contains `beta` will be renamed internally to `bias`. Please use a different name to suppress this warning.
A parameter name that contains `gamma` will be renamed internally to `weight`. Please use a different name to suppress this warning.
A parameter name that contains `beta` will be renamed internally to `bias`. Please use a different name to suppress this warning.
A parameter name that contains `gamma` will be renamed internally to `weight`. Please use a different name to suppress this warning.
A parameter name that contains `beta` will be renamed internally to `bias`. Please use a different name to suppress this warning.
A parameter name that contains `gamma` will be renamed internally to `weight`. Please use a different name to suppress this warning.
A parameter name that contains `beta` will be renamed internally to `bias`. Please use a different name to suppress this warning.
A parameter name that contains `gamma` will be renamed internally to `weight`. Please use a different name to suppress this warning.
A parameter name that contains `beta` will be renamed internally to `bias`. Please use a different name to suppress this warning.
A parameter name that contains `gamma` will be renamed internally to `weight`. Please use a different name to suppress this warning.
A parameter name that contains `beta` will be renamed internally to `bias`. Please use a different name to suppress this warning.
A parameter name that contains `gamma` will be renamed internally to `weight`. Please use a different name to suppress this warning.
A parameter name that contains `beta` will be renamed internally to `bias`. Please use a different name to suppress this warning.
A parameter name that contains `gamma` will be renamed internally to `weight`. Please use a different name to suppress this warning.
A parameter name that contains `beta` will be renamed internally to `bias`. Please use a different name to suppress this warning.
A parameter name that contains `gamma` will be renamed internally to `weight`. Please use a different name to suppress this warning.
A parameter name that contains `beta` will be renamed internally to `bias`. Please use a different name to suppress this warning.
A parameter name that contains `gamma` will be renamed internally to `weight`. Please use a different name to suppress this warning.
A parameter name that contains `beta` will be renamed internally to `bias`. Please use a different name to suppress this warning.
A parameter name that contains `gamma` will be renamed internally to `weight`. Please use a different name to suppress this warning.
A parameter name that contains `beta` will be renamed internally to `bias`. Please use a different name to suppress this warning.
A parameter name that contains `gamma` will be renamed internally to `weight`. Please use a different name to suppress this warning.
A parameter name that contains `beta` will be renamed internally to `bias`. Please use a different name to suppress this warning.
A parameter name that contains `gamma` will be renamed internally to `weight`. Please use a different name to suppress this warning.
A parameter name that contains `beta` will be renamed internally to `bias`. Please use a different name to suppress this warning.
A parameter name that contains `gamma` will be renamed internally to `weight`. Please use a different name to suppress this warning.
A parameter name that contains `beta` will be renamed internally to `bias`. Please use a different name to suppress this warning.
A parameter name that contains `gamma` will be renamed internally to `weight`. Please use a different name to suppress this warning.
A parameter name that contains `beta` will be renamed internally to `bias`. Please use a different name to suppress this warning.
A parameter name that contains `gamma` will be renamed internally to `weight`. Please use a different name to suppress this warning.
A parameter name that contains `beta` will be renamed internally to `bias`. Please use a different name to suppress this warning.
A parameter name that contains `gamma` will be renamed internally to `weight`. Please use a different name to suppress this warning.
A parameter name that contains `beta` will be renamed internally to `bias`. Please use a different name to suppress this warning.
A parameter name that contains `gamma` will be renamed internally to `weight`. Please use a different name to suppress this warning.
A parameter name that contains `beta` will be renamed internally to `bias`. Please use a different name to suppress this warning.
A parameter name that contains `gamma` will be renamed internally to `weight`. Please use a different name to suppress this warning.
A parameter name that contains `beta` will be renamed internally to `bias`. Please use a different name to suppress this warning.
A parameter name that contains `gamma` will be renamed internally to `weight`. Please use a different name to suppress this warning.
A parameter name that contains `beta` will be renamed internally to `bias`. Please use a different name to suppress this warning.
A parameter name that contains `gamma` will be renamed internally to `weight`. Please use a different name to suppress this warning.
A parameter name that contains `beta` will be renamed internally to `bias`. Please use a different name to suppress this warning.
A parameter name that contains `gamma` will be renamed internally to `weight`. Please use a different name to suppress this warning.
A parameter name that contains `beta` will be renamed internally to `bias`. Please use a different name to suppress this warning.
A parameter name that contains `gamma` will be renamed internally to `weight`. Please use a different name to suppress this warning.
A parameter name that contains `beta` will be renamed internally to `bias`. Please use a different name to suppress this warning.
A parameter name that contains `gamma` will be renamed internally to `weight`. Please use a different name to suppress this warning.
A parameter name that contains `beta` will be renamed internally to `bias`. Please use a different name to suppress this warning.
A parameter name that contains `gamma` will be renamed internally to `weight`. Please use a different name to suppress this warning.
A parameter name that contains `beta` will be renamed internally to `bias`. Please use a different name to suppress this warning.
A parameter name that contains `gamma` will be renamed internally to `weight`. Please use a different name to suppress this warning.
[data] train from finetune_eval/results/qrecc/train_pairs.jsonl
        15000 train pairs
        hard negatives (15000, 4)
[data] no mined val split for qrecc; holding out 5% of train as val
        train=14250  val=750
        flattened: train rows=71250  val rows=3750
[model] backbone=google-bert/bert-base-uncased  params=109,483,009
[train] dataset=qrecc total_steps=2228 warmup=133 batch_size=128 epochs=4 max_length=256  early_stop=(thresh 0.001, patience 2)
  step=   200/2228  loss=0.4182  lr=1.94e-05  epoch=1
  step=   400/2228  loss=0.5097  lr=1.75e-05  epoch=1
[epoch 1/4]  train_loss=0.4698  val_AUC=0.9169  val_P@1=0.7373  (203s)
  * new best val_AUC=0.9169, saved checkpoint_best.pt
  step=   600/2228  loss=0.4810  lr=1.55e-05  epoch=2
  step=   800/2228  loss=0.3585  lr=1.36e-05  epoch=2
  step=  1000/2228  loss=0.4299  lr=1.17e-05  epoch=2
[epoch 2/4]  train_loss=0.4140  val_AUC=0.9168  val_P@1=0.7347  (428s)
  no improvement (best=0.9169, bad_epochs=1/2)
  step=  1200/2228  loss=0.4228  lr=9.81e-06  epoch=3
  step=  1400/2228  loss=0.3406  lr=7.90e-06  epoch=3
  step=  1600/2228  loss=0.3769  lr=6.00e-06  epoch=3
[epoch 3/4]  train_loss=0.3734  val_AUC=0.9117  val_P@1=0.7253  (652s)
  no improvement (best=0.9169, bad_epochs=2/2)
[early stop] no val-AUC improvement for 2 epochs.

[done]  best val_AUC=0.9169  stopped_early=True
  best:   my_work/kl/cross_encoder/results/qrecc_rerank/checkpoint_best.pt
  latest: my_work/kl/cross_encoder/results/qrecc_rerank/checkpoint_latest.pt
[12:55:30] [qrecc] Step 3b: mining in-domain negatives from CDEv2
/mnt/localssd/new_base_line/internship-causal-embedding/.venv/lib/python3.11/site-packages/transformers/tokenization_utils_base.py:1601: FutureWarning: `clean_up_tokenization_spaces` was not set. It will be set to `True` by default. This behavior will be depracted in transformers v4.45, and will be then set to `False` by default. For more details check this issue: https://github.com/huggingface/transformers/issues/31884
  warnings.warn(
A parameter name that contains `beta` will be renamed internally to `bias`. Please use a different name to suppress this warning.
A parameter name that contains `gamma` will be renamed internally to `weight`. Please use a different name to suppress this warning.
A parameter name that contains `beta` will be renamed internally to `bias`. Please use a different name to suppress this warning.
A parameter name that contains `gamma` will be renamed internally to `weight`. Please use a different name to suppress this warning.
A parameter name that contains `beta` will be renamed internally to `bias`. Please use a different name to suppress this warning.
A parameter name that contains `gamma` will be renamed internally to `weight`. Please use a different name to suppress this warning.
A parameter name that contains `beta` will be renamed internally to `bias`. Please use a different name to suppress this warning.
A parameter name that contains `gamma` will be renamed internally to `weight`. Please use a different name to suppress this warning.
A parameter name that contains `beta` will be renamed internally to `bias`. Please use a different name to suppress this warning.
A parameter name that contains `gamma` will be renamed internally to `weight`. Please use a different name to suppress this warning.
A parameter name that contains `beta` will be renamed internally to `bias`. Please use a different name to suppress this warning.
A parameter name that contains `gamma` will be renamed internally to `weight`. Please use a different name to suppress this warning.
A parameter name that contains `beta` will be renamed internally to `bias`. Please use a different name to suppress this warning.
A parameter name that contains `gamma` will be renamed internally to `weight`. Please use a different name to suppress this warning.
A parameter name that contains `beta` will be renamed internally to `bias`. Please use a different name to suppress this warning.
A parameter name that contains `gamma` will be renamed internally to `weight`. Please use a different name to suppress this warning.
A parameter name that contains `beta` will be renamed internally to `bias`. Please use a different name to suppress this warning.
A parameter name that contains `gamma` will be renamed internally to `weight`. Please use a different name to suppress this warning.
A parameter name that contains `beta` will be renamed internally to `bias`. Please use a different name to suppress this warning.
A parameter name that contains `gamma` will be renamed internally to `weight`. Please use a different name to suppress this warning.
A parameter name that contains `beta` will be renamed internally to `bias`. Please use a different name to suppress this warning.
A parameter name that contains `gamma` will be renamed internally to `weight`. Please use a different name to suppress this warning.
A parameter name that contains `beta` will be renamed internally to `bias`. Please use a different name to suppress this warning.
A parameter name that contains `gamma` will be renamed internally to `weight`. Please use a different name to suppress this warning.
A parameter name that contains `beta` will be renamed internally to `bias`. Please use a different name to suppress this warning.
A parameter name that contains `gamma` will be renamed internally to `weight`. Please use a different name to suppress this warning.
A parameter name that contains `beta` will be renamed internally to `bias`. Please use a different name to suppress this warning.
A parameter name that contains `gamma` will be renamed internally to `weight`. Please use a different name to suppress this warning.
A parameter name that contains `beta` will be renamed internally to `bias`. Please use a different name to suppress this warning.
A parameter name that contains `gamma` will be renamed internally to `weight`. Please use a different name to suppress this warning.
A parameter name that contains `beta` will be renamed internally to `bias`. Please use a different name to suppress this warning.
A parameter name that contains `gamma` will be renamed internally to `weight`. Please use a different name to suppress this warning.
A parameter name that contains `beta` will be renamed internally to `bias`. Please use a different name to suppress this warning.
A parameter name that contains `gamma` will be renamed internally to `weight`. Please use a different name to suppress this warning.
A parameter name that contains `beta` will be renamed internally to `bias`. Please use a different name to suppress this warning.
A parameter name that contains `gamma` will be renamed internally to `weight`. Please use a different name to suppress this warning.
A parameter name that contains `beta` will be renamed internally to `bias`. Please use a different name to suppress this warning.
A parameter name that contains `gamma` will be renamed internally to `weight`. Please use a different name to suppress this warning.
A parameter name that contains `beta` will be renamed internally to `bias`. Please use a different name to suppress this warning.
A parameter name that contains `gamma` will be renamed internally to `weight`. Please use a different name to suppress this warning.
A parameter name that contains `beta` will be renamed internally to `bias`. Please use a different name to suppress this warning.
A parameter name that contains `gamma` will be renamed internally to `weight`. Please use a different name to suppress this warning.
A parameter name that contains `beta` will be renamed internally to `bias`. Please use a different name to suppress this warning.
A parameter name that contains `gamma` will be renamed internally to `weight`. Please use a different name to suppress this warning.
A parameter name that contains `beta` will be renamed internally to `bias`. Please use a different name to suppress this warning.
A parameter name that contains `gamma` will be renamed internally to `weight`. Please use a different name to suppress this warning.
A parameter name that contains `beta` will be renamed internally to `bias`. Please use a different name to suppress this warning.
A parameter name that contains `gamma` will be renamed internally to `weight`. Please use a different name to suppress this warning.
A parameter name that contains `beta` will be renamed internally to `bias`. Please use a different name to suppress this warning.
A parameter name that contains `gamma` will be renamed internally to `weight`. Please use a different name to suppress this warning.
A parameter name that contains `beta` will be renamed internally to `bias`. Please use a different name to suppress this warning.
A parameter name that contains `gamma` will be renamed internally to `weight`. Please use a different name to suppress this warning.
A parameter name that contains `beta` will be renamed internally to `bias`. Please use a different name to suppress this warning.
A parameter name that contains `gamma` will be renamed internally to `weight`. Please use a different name to suppress this warning.
A parameter name that contains `beta` will be renamed internally to `bias`. Please use a different name to suppress this warning.
A parameter name that contains `gamma` will be renamed internally to `weight`. Please use a different name to suppress this warning.
A parameter name that contains `beta` will be renamed internally to `bias`. Please use a different name to suppress this warning.
A parameter name that contains `gamma` will be renamed internally to `weight`. Please use a different name to suppress this warning.
A parameter name that contains `beta` will be renamed internally to `bias`. Please use a different name to suppress this warning.
A parameter name that contains `gamma` will be renamed internally to `weight`. Please use a different name to suppress this warning.
A parameter name that contains `beta` will be renamed internally to `bias`. Please use a different name to suppress this warning.
A parameter name that contains `gamma` will be renamed internally to `weight`. Please use a different name to suppress this warning.
A parameter name that contains `beta` will be renamed internally to `bias`. Please use a different name to suppress this warning.
A parameter name that contains `gamma` will be renamed internally to `weight`. Please use a different name to suppress this warning.
A parameter name that contains `beta` will be renamed internally to `bias`. Please use a different name to suppress this warning.
A parameter name that contains `gamma` will be renamed internally to `weight`. Please use a different name to suppress this warning.
A parameter name that contains `beta` will be renamed internally to `bias`. Please use a different name to suppress this warning.
A parameter name that contains `gamma` will be renamed internally to `weight`. Please use a different name to suppress this warning.
A parameter name that contains `beta` will be renamed internally to `bias`. Please use a different name to suppress this warning.
A parameter name that contains `gamma` will be renamed internally to `weight`. Please use a different name to suppress this warning.
A parameter name that contains `beta` will be renamed internally to `bias`. Please use a different name to suppress this warning.
A parameter name that contains `gamma` will be renamed internally to `weight`. Please use a different name to suppress this warning.
A parameter name that contains `beta` will be renamed internally to `bias`. Please use a different name to suppress this warning.
A parameter name that contains `gamma` will be renamed internally to `weight`. Please use a different name to suppress this warning.
A parameter name that contains `beta` will be renamed internally to `bias`. Please use a different name to suppress this warning.
A parameter name that contains `gamma` will be renamed internally to `weight`. Please use a different name to suppress this warning.
A parameter name that contains `beta` will be renamed internally to `bias`. Please use a different name to suppress this warning.
A parameter name that contains `gamma` will be renamed internally to `weight`. Please use a different name to suppress this warning.
A parameter name that contains `beta` will be renamed internally to `bias`. Please use a different name to suppress this warning.
A parameter name that contains `gamma` will be renamed internally to `weight`. Please use a different name to suppress this warning.
A parameter name that contains `beta` will be renamed internally to `bias`. Please use a different name to suppress this warning.
A parameter name that contains `gamma` will be renamed internally to `weight`. Please use a different name to suppress this warning.
A parameter name that contains `beta` will be renamed internally to `bias`. Please use a different name to suppress this warning.
A parameter name that contains `gamma` will be renamed internally to `weight`. Please use a different name to suppress this warning.
A parameter name that contains `beta` will be renamed internally to `bias`. Please use a different name to suppress this warning.
A parameter name that contains `gamma` will be renamed internally to `weight`. Please use a different name to suppress this warning.
A parameter name that contains `beta` will be renamed internally to `bias`. Please use a different name to suppress this warning.
A parameter name that contains `gamma` will be renamed internally to `weight`. Please use a different name to suppress this warning.
A parameter name that contains `beta` will be renamed internally to `bias`. Please use a different name to suppress this warning.
A parameter name that contains `gamma` will be renamed internally to `weight`. Please use a different name to suppress this warning.
A parameter name that contains `beta` will be renamed internally to `bias`. Please use a different name to suppress this warning.
A parameter name that contains `gamma` will be renamed internally to `weight`. Please use a different name to suppress this warning.
A parameter name that contains `beta` will be renamed internally to `bias`. Please use a different name to suppress this warning.
A parameter name that contains `gamma` will be renamed internally to `weight`. Please use a different name to suppress this warning.
A parameter name that contains `beta` will be renamed internally to `bias`. Please use a different name to suppress this warning.
A parameter name that contains `gamma` will be renamed internally to `weight`. Please use a different name to suppress this warning.
A parameter name that contains `beta` will be renamed internally to `bias`. Please use a different name to suppress this warning.
A parameter name that contains `gamma` will be renamed internally to `weight`. Please use a different name to suppress this warning.
A parameter name that contains `beta` will be renamed internally to `bias`. Please use a different name to suppress this warning.
A parameter name that contains `gamma` will be renamed internally to `weight`. Please use a different name to suppress this warning.
A parameter name that contains `beta` will be renamed internally to `bias`. Please use a different name to suppress this warning.
A parameter name that contains `gamma` will be renamed internally to `weight`. Please use a different name to suppress this warning.
A parameter name that contains `beta` will be renamed internally to `bias`. Please use a different name to suppress this warning.
A parameter name that contains `gamma` will be renamed internally to `weight`. Please use a different name to suppress this warning.
[load] /mnt/localssd/new_base_line/internship-causal-embedding/my_work/kl/results/qrecc/cde_v2_run5c_best.pt
  backbone=google-bert/bert-base-uncased  proj_dim=768  device=cuda

[train] encoding 13500 anchors …
  anchors encoded in 77.3s
[train] encoding 13500 positives …
  positives encoded in 7.8s
[train] retrieving top-4 hard negatives (chunk=512) …
  retrieval done in 0.2s
  saved /mnt/localssd/new_base_line/internship-causal-embedding/my_work/kl/cross_encoder/data_indomain/qrecc/hard_negatives.npy  shape=(13500, 4)

[val] encoding 1500 anchors …
  anchors encoded in 8.8s
[val] encoding 1500 positives …
  positives encoded in 0.9s
[val] retrieving top-4 hard negatives (chunk=512) …
  retrieval done in 0.0s
  saved /mnt/localssd/new_base_line/internship-causal-embedding/my_work/kl/cross_encoder/data_indomain/qrecc/val_hard_negatives.npy  shape=(1500, 4)

[done] in-domain negatives written to /mnt/localssd/new_base_line/internship-causal-embedding/my_work/kl/cross_encoder/data_indomain/qrecc
[12:57:14] [qrecc] Step 3c: training CE v2 (in-domain negs)
/mnt/localssd/new_base_line/internship-causal-embedding/.venv/lib/python3.11/site-packages/transformers/tokenization_utils_base.py:1601: FutureWarning: `clean_up_tokenization_spaces` was not set. It will be set to `True` by default. This behavior will be depracted in transformers v4.45, and will be then set to `False` by default. For more details check this issue: https://github.com/huggingface/transformers/issues/31884
  warnings.warn(
A parameter name that contains `beta` will be renamed internally to `bias`. Please use a different name to suppress this warning.
A parameter name that contains `gamma` will be renamed internally to `weight`. Please use a different name to suppress this warning.
A parameter name that contains `beta` will be renamed internally to `bias`. Please use a different name to suppress this warning.
A parameter name that contains `gamma` will be renamed internally to `weight`. Please use a different name to suppress this warning.
A parameter name that contains `beta` will be renamed internally to `bias`. Please use a different name to suppress this warning.
A parameter name that contains `gamma` will be renamed internally to `weight`. Please use a different name to suppress this warning.
A parameter name that contains `beta` will be renamed internally to `bias`. Please use a different name to suppress this warning.
A parameter name that contains `gamma` will be renamed internally to `weight`. Please use a different name to suppress this warning.
A parameter name that contains `beta` will be renamed internally to `bias`. Please use a different name to suppress this warning.
A parameter name that contains `gamma` will be renamed internally to `weight`. Please use a different name to suppress this warning.
A parameter name that contains `beta` will be renamed internally to `bias`. Please use a different name to suppress this warning.
A parameter name that contains `gamma` will be renamed internally to `weight`. Please use a different name to suppress this warning.
A parameter name that contains `beta` will be renamed internally to `bias`. Please use a different name to suppress this warning.
A parameter name that contains `gamma` will be renamed internally to `weight`. Please use a different name to suppress this warning.
A parameter name that contains `beta` will be renamed internally to `bias`. Please use a different name to suppress this warning.
A parameter name that contains `gamma` will be renamed internally to `weight`. Please use a different name to suppress this warning.
A parameter name that contains `beta` will be renamed internally to `bias`. Please use a different name to suppress this warning.
A parameter name that contains `gamma` will be renamed internally to `weight`. Please use a different name to suppress this warning.
A parameter name that contains `beta` will be renamed internally to `bias`. Please use a different name to suppress this warning.
A parameter name that contains `gamma` will be renamed internally to `weight`. Please use a different name to suppress this warning.
A parameter name that contains `beta` will be renamed internally to `bias`. Please use a different name to suppress this warning.
A parameter name that contains `gamma` will be renamed internally to `weight`. Please use a different name to suppress this warning.
A parameter name that contains `beta` will be renamed internally to `bias`. Please use a different name to suppress this warning.
A parameter name that contains `gamma` will be renamed internally to `weight`. Please use a different name to suppress this warning.
A parameter name that contains `beta` will be renamed internally to `bias`. Please use a different name to suppress this warning.
A parameter name that contains `gamma` will be renamed internally to `weight`. Please use a different name to suppress this warning.
A parameter name that contains `beta` will be renamed internally to `bias`. Please use a different name to suppress this warning.
A parameter name that contains `gamma` will be renamed internally to `weight`. Please use a different name to suppress this warning.
A parameter name that contains `beta` will be renamed internally to `bias`. Please use a different name to suppress this warning.
A parameter name that contains `gamma` will be renamed internally to `weight`. Please use a different name to suppress this warning.
A parameter name that contains `beta` will be renamed internally to `bias`. Please use a different name to suppress this warning.
A parameter name that contains `gamma` will be renamed internally to `weight`. Please use a different name to suppress this warning.
A parameter name that contains `beta` will be renamed internally to `bias`. Please use a different name to suppress this warning.
A parameter name that contains `gamma` will be renamed internally to `weight`. Please use a different name to suppress this warning.
A parameter name that contains `beta` will be renamed internally to `bias`. Please use a different name to suppress this warning.
A parameter name that contains `gamma` will be renamed internally to `weight`. Please use a different name to suppress this warning.
A parameter name that contains `beta` will be renamed internally to `bias`. Please use a different name to suppress this warning.
A parameter name that contains `gamma` will be renamed internally to `weight`. Please use a different name to suppress this warning.
A parameter name that contains `beta` will be renamed internally to `bias`. Please use a different name to suppress this warning.
A parameter name that contains `gamma` will be renamed internally to `weight`. Please use a different name to suppress this warning.
A parameter name that contains `beta` will be renamed internally to `bias`. Please use a different name to suppress this warning.
A parameter name that contains `gamma` will be renamed internally to `weight`. Please use a different name to suppress this warning.
A parameter name that contains `beta` will be renamed internally to `bias`. Please use a different name to suppress this warning.
A parameter name that contains `gamma` will be renamed internally to `weight`. Please use a different name to suppress this warning.
A parameter name that contains `beta` will be renamed internally to `bias`. Please use a different name to suppress this warning.
A parameter name that contains `gamma` will be renamed internally to `weight`. Please use a different name to suppress this warning.
A parameter name that contains `beta` will be renamed internally to `bias`. Please use a different name to suppress this warning.
A parameter name that contains `gamma` will be renamed internally to `weight`. Please use a different name to suppress this warning.
A parameter name that contains `beta` will be renamed internally to `bias`. Please use a different name to suppress this warning.
A parameter name that contains `gamma` will be renamed internally to `weight`. Please use a different name to suppress this warning.
A parameter name that contains `beta` will be renamed internally to `bias`. Please use a different name to suppress this warning.
A parameter name that contains `gamma` will be renamed internally to `weight`. Please use a different name to suppress this warning.
[data] train from my_work/kl/cross_encoder/data_indomain/qrecc/train_pairs.jsonl
        13500 train pairs
        hard negatives (13500, 4)
[data] val from   my_work/kl/cross_encoder/data_indomain/qrecc/val_pairs.jsonl    1500 pairs
        flattened: train rows=67500  val rows=7500
[model] backbone=google-bert/bert-base-uncased  params=109,483,009
[train] dataset=qrecc total_steps=3168 warmup=190 batch_size=128 epochs=6 max_length=256  early_stop=(thresh 0.001, patience 2)
  step=   200/3168  loss=0.4120  lr=1.99e-05  epoch=1
  step=   400/3168  loss=0.3580  lr=1.86e-05  epoch=1
[epoch 1/6]  train_loss=0.4486  val_AUC=0.6927  val_P@1=0.4393  (188s)
  * new best val_AUC=0.6927, saved checkpoint_best.pt
  step=   600/3168  loss=0.3379  lr=1.72e-05  epoch=2
  step=   800/3168  loss=0.3546  lr=1.59e-05  epoch=2
  step=  1000/3168  loss=0.3653  lr=1.46e-05  epoch=2
[epoch 2/6]  train_loss=0.3538  val_AUC=0.7467  val_P@1=0.5033  (401s)
  * new best val_AUC=0.7467, saved checkpoint_best.pt
  step=  1200/3168  loss=0.3227  lr=1.32e-05  epoch=3
  step=  1400/3168  loss=0.3226  lr=1.19e-05  epoch=3
[epoch 3/6]  train_loss=0.2939  val_AUC=0.7154  val_P@1=0.4707  (614s)
  no improvement (best=0.7467, bad_epochs=1/2)
  step=  1600/3168  loss=0.1675  lr=1.05e-05  epoch=4
  step=  1800/3168  loss=0.2798  lr=9.19e-06  epoch=4
  step=  2000/3168  loss=0.1816  lr=7.84e-06  epoch=4
[epoch 4/6]  train_loss=0.2449  val_AUC=0.7418  val_P@1=0.4887  (827s)
  no improvement (best=0.7467, bad_epochs=2/2)
[early stop] no val-AUC improvement for 2 epochs.

[done]  best val_AUC=0.7467  stopped_early=True
  best:   my_work/kl/cross_encoder/results/qrecc_rerank_v2/checkpoint_best.pt
  latest: my_work/kl/cross_encoder/results/qrecc_rerank_v2/checkpoint_latest.pt
[13:11:09] [qrecc] Step 4a: rerank eval on VAL (CE v1 + v2 ensemble)
/mnt/localssd/new_base_line/internship-causal-embedding/.venv/lib/python3.11/site-packages/transformers/tokenization_utils_base.py:1601: FutureWarning: `clean_up_tokenization_spaces` was not set. It will be set to `True` by default. This behavior will be depracted in transformers v4.45, and will be then set to `False` by default. For more details check this issue: https://github.com/huggingface/transformers/issues/31884
  warnings.warn(
A parameter name that contains `beta` will be renamed internally to `bias`. Please use a different name to suppress this warning.
A parameter name that contains `gamma` will be renamed internally to `weight`. Please use a different name to suppress this warning.
A parameter name that contains `beta` will be renamed internally to `bias`. Please use a different name to suppress this warning.
A parameter name that contains `gamma` will be renamed internally to `weight`. Please use a different name to suppress this warning.
A parameter name that contains `beta` will be renamed internally to `bias`. Please use a different name to suppress this warning.
A parameter name that contains `gamma` will be renamed internally to `weight`. Please use a different name to suppress this warning.
A parameter name that contains `beta` will be renamed internally to `bias`. Please use a different name to suppress this warning.
A parameter name that contains `gamma` will be renamed internally to `weight`. Please use a different name to suppress this warning.
A parameter name that contains `beta` will be renamed internally to `bias`. Please use a different name to suppress this warning.
A parameter name that contains `gamma` will be renamed internally to `weight`. Please use a different name to suppress this warning.
A parameter name that contains `beta` will be renamed internally to `bias`. Please use a different name to suppress this warning.
A parameter name that contains `gamma` will be renamed internally to `weight`. Please use a different name to suppress this warning.
A parameter name that contains `beta` will be renamed internally to `bias`. Please use a different name to suppress this warning.
A parameter name that contains `gamma` will be renamed internally to `weight`. Please use a different name to suppress this warning.
A parameter name that contains `beta` will be renamed internally to `bias`. Please use a different name to suppress this warning.
A parameter name that contains `gamma` will be renamed internally to `weight`. Please use a different name to suppress this warning.
A parameter name that contains `beta` will be renamed internally to `bias`. Please use a different name to suppress this warning.
A parameter name that contains `gamma` will be renamed internally to `weight`. Please use a different name to suppress this warning.
A parameter name that contains `beta` will be renamed internally to `bias`. Please use a different name to suppress this warning.
A parameter name that contains `gamma` will be renamed internally to `weight`. Please use a different name to suppress this warning.
A parameter name that contains `beta` will be renamed internally to `bias`. Please use a different name to suppress this warning.
A parameter name that contains `gamma` will be renamed internally to `weight`. Please use a different name to suppress this warning.
A parameter name that contains `beta` will be renamed internally to `bias`. Please use a different name to suppress this warning.
A parameter name that contains `gamma` will be renamed internally to `weight`. Please use a different name to suppress this warning.
A parameter name that contains `beta` will be renamed internally to `bias`. Please use a different name to suppress this warning.
A parameter name that contains `gamma` will be renamed internally to `weight`. Please use a different name to suppress this warning.
A parameter name that contains `beta` will be renamed internally to `bias`. Please use a different name to suppress this warning.
A parameter name that contains `gamma` will be renamed internally to `weight`. Please use a different name to suppress this warning.
A parameter name that contains `beta` will be renamed internally to `bias`. Please use a different name to suppress this warning.
A parameter name that contains `gamma` will be renamed internally to `weight`. Please use a different name to suppress this warning.
A parameter name that contains `beta` will be renamed internally to `bias`. Please use a different name to suppress this warning.
A parameter name that contains `gamma` will be renamed internally to `weight`. Please use a different name to suppress this warning.
A parameter name that contains `beta` will be renamed internally to `bias`. Please use a different name to suppress this warning.
A parameter name that contains `gamma` will be renamed internally to `weight`. Please use a different name to suppress this warning.
A parameter name that contains `beta` will be renamed internally to `bias`. Please use a different name to suppress this warning.
A parameter name that contains `gamma` will be renamed internally to `weight`. Please use a different name to suppress this warning.
A parameter name that contains `beta` will be renamed internally to `bias`. Please use a different name to suppress this warning.
A parameter name that contains `gamma` will be renamed internally to `weight`. Please use a different name to suppress this warning.
A parameter name that contains `beta` will be renamed internally to `bias`. Please use a different name to suppress this warning.
A parameter name that contains `gamma` will be renamed internally to `weight`. Please use a different name to suppress this warning.
A parameter name that contains `beta` will be renamed internally to `bias`. Please use a different name to suppress this warning.
A parameter name that contains `gamma` will be renamed internally to `weight`. Please use a different name to suppress this warning.
A parameter name that contains `beta` will be renamed internally to `bias`. Please use a different name to suppress this warning.
A parameter name that contains `gamma` will be renamed internally to `weight`. Please use a different name to suppress this warning.
A parameter name that contains `beta` will be renamed internally to `bias`. Please use a different name to suppress this warning.
A parameter name that contains `gamma` will be renamed internally to `weight`. Please use a different name to suppress this warning.
A parameter name that contains `beta` will be renamed internally to `bias`. Please use a different name to suppress this warning.
A parameter name that contains `gamma` will be renamed internally to `weight`. Please use a different name to suppress this warning.
A parameter name that contains `beta` will be renamed internally to `bias`. Please use a different name to suppress this warning.
A parameter name that contains `gamma` will be renamed internally to `weight`. Please use a different name to suppress this warning.
A parameter name that contains `beta` will be renamed internally to `bias`. Please use a different name to suppress this warning.
A parameter name that contains `gamma` will be renamed internally to `weight`. Please use a different name to suppress this warning.
A parameter name that contains `beta` will be renamed internally to `bias`. Please use a different name to suppress this warning.
A parameter name that contains `gamma` will be renamed internally to `weight`. Please use a different name to suppress this warning.
A parameter name that contains `beta` will be renamed internally to `bias`. Please use a different name to suppress this warning.
A parameter name that contains `gamma` will be renamed internally to `weight`. Please use a different name to suppress this warning.
A parameter name that contains `beta` will be renamed internally to `bias`. Please use a different name to suppress this warning.
A parameter name that contains `gamma` will be renamed internally to `weight`. Please use a different name to suppress this warning.
A parameter name that contains `beta` will be renamed internally to `bias`. Please use a different name to suppress this warning.
A parameter name that contains `gamma` will be renamed internally to `weight`. Please use a different name to suppress this warning.
A parameter name that contains `beta` will be renamed internally to `bias`. Please use a different name to suppress this warning.
A parameter name that contains `gamma` will be renamed internally to `weight`. Please use a different name to suppress this warning.
A parameter name that contains `beta` will be renamed internally to `bias`. Please use a different name to suppress this warning.
A parameter name that contains `gamma` will be renamed internally to `weight`. Please use a different name to suppress this warning.
A parameter name that contains `beta` will be renamed internally to `bias`. Please use a different name to suppress this warning.
A parameter name that contains `gamma` will be renamed internally to `weight`. Please use a different name to suppress this warning.
A parameter name that contains `beta` will be renamed internally to `bias`. Please use a different name to suppress this warning.
A parameter name that contains `gamma` will be renamed internally to `weight`. Please use a different name to suppress this warning.
A parameter name that contains `beta` will be renamed internally to `bias`. Please use a different name to suppress this warning.
A parameter name that contains `gamma` will be renamed internally to `weight`. Please use a different name to suppress this warning.
A parameter name that contains `beta` will be renamed internally to `bias`. Please use a different name to suppress this warning.
A parameter name that contains `gamma` will be renamed internally to `weight`. Please use a different name to suppress this warning.
A parameter name that contains `beta` will be renamed internally to `bias`. Please use a different name to suppress this warning.
A parameter name that contains `gamma` will be renamed internally to `weight`. Please use a different name to suppress this warning.
A parameter name that contains `beta` will be renamed internally to `bias`. Please use a different name to suppress this warning.
A parameter name that contains `gamma` will be renamed internally to `weight`. Please use a different name to suppress this warning.
A parameter name that contains `beta` will be renamed internally to `bias`. Please use a different name to suppress this warning.
A parameter name that contains `gamma` will be renamed internally to `weight`. Please use a different name to suppress this warning.
A parameter name that contains `beta` will be renamed internally to `bias`. Please use a different name to suppress this warning.
A parameter name that contains `gamma` will be renamed internally to `weight`. Please use a different name to suppress this warning.
A parameter name that contains `beta` will be renamed internally to `bias`. Please use a different name to suppress this warning.
A parameter name that contains `gamma` will be renamed internally to `weight`. Please use a different name to suppress this warning.
A parameter name that contains `beta` will be renamed internally to `bias`. Please use a different name to suppress this warning.
A parameter name that contains `gamma` will be renamed internally to `weight`. Please use a different name to suppress this warning.
A parameter name that contains `beta` will be renamed internally to `bias`. Please use a different name to suppress this warning.
A parameter name that contains `gamma` will be renamed internally to `weight`. Please use a different name to suppress this warning.
A parameter name that contains `beta` will be renamed internally to `bias`. Please use a different name to suppress this warning.
A parameter name that contains `gamma` will be renamed internally to `weight`. Please use a different name to suppress this warning.
A parameter name that contains `beta` will be renamed internally to `bias`. Please use a different name to suppress this warning.
A parameter name that contains `gamma` will be renamed internally to `weight`. Please use a different name to suppress this warning.
A parameter name that contains `beta` will be renamed internally to `bias`. Please use a different name to suppress this warning.
A parameter name that contains `gamma` will be renamed internally to `weight`. Please use a different name to suppress this warning.
A parameter name that contains `beta` will be renamed internally to `bias`. Please use a different name to suppress this warning.
A parameter name that contains `gamma` will be renamed internally to `weight`. Please use a different name to suppress this warning.
A parameter name that contains `beta` will be renamed internally to `bias`. Please use a different name to suppress this warning.
A parameter name that contains `gamma` will be renamed internally to `weight`. Please use a different name to suppress this warning.
A parameter name that contains `beta` will be renamed internally to `bias`. Please use a different name to suppress this warning.
A parameter name that contains `gamma` will be renamed internally to `weight`. Please use a different name to suppress this warning.
A parameter name that contains `beta` will be renamed internally to `bias`. Please use a different name to suppress this warning.
A parameter name that contains `gamma` will be renamed internally to `weight`. Please use a different name to suppress this warning.
A parameter name that contains `beta` will be renamed internally to `bias`. Please use a different name to suppress this warning.
A parameter name that contains `gamma` will be renamed internally to `weight`. Please use a different name to suppress this warning.
A parameter name that contains `beta` will be renamed internally to `bias`. Please use a different name to suppress this warning.
A parameter name that contains `gamma` will be renamed internally to `weight`. Please use a different name to suppress this warning.
/mnt/localssd/new_base_line/internship-causal-embedding/.venv/lib/python3.11/site-packages/transformers/tokenization_utils_base.py:1601: FutureWarning: `clean_up_tokenization_spaces` was not set. It will be set to `True` by default. This behavior will be depracted in transformers v4.45, and will be then set to `False` by default. For more details check this issue: https://github.com/huggingface/transformers/issues/31884
  warnings.warn(
A parameter name that contains `beta` will be renamed internally to `bias`. Please use a different name to suppress this warning.
A parameter name that contains `gamma` will be renamed internally to `weight`. Please use a different name to suppress this warning.
A parameter name that contains `beta` will be renamed internally to `bias`. Please use a different name to suppress this warning.
A parameter name that contains `gamma` will be renamed internally to `weight`. Please use a different name to suppress this warning.
A parameter name that contains `beta` will be renamed internally to `bias`. Please use a different name to suppress this warning.
A parameter name that contains `gamma` will be renamed internally to `weight`. Please use a different name to suppress this warning.
A parameter name that contains `beta` will be renamed internally to `bias`. Please use a different name to suppress this warning.
A parameter name that contains `gamma` will be renamed internally to `weight`. Please use a different name to suppress this warning.
A parameter name that contains `beta` will be renamed internally to `bias`. Please use a different name to suppress this warning.
A parameter name that contains `gamma` will be renamed internally to `weight`. Please use a different name to suppress this warning.
A parameter name that contains `beta` will be renamed internally to `bias`. Please use a different name to suppress this warning.
A parameter name that contains `gamma` will be renamed internally to `weight`. Please use a different name to suppress this warning.
A parameter name that contains `beta` will be renamed internally to `bias`. Please use a different name to suppress this warning.
A parameter name that contains `gamma` will be renamed internally to `weight`. Please use a different name to suppress this warning.
A parameter name that contains `beta` will be renamed internally to `bias`. Please use a different name to suppress this warning.
A parameter name that contains `gamma` will be renamed internally to `weight`. Please use a different name to suppress this warning.
A parameter name that contains `beta` will be renamed internally to `bias`. Please use a different name to suppress this warning.
A parameter name that contains `gamma` will be renamed internally to `weight`. Please use a different name to suppress this warning.
A parameter name that contains `beta` will be renamed internally to `bias`. Please use a different name to suppress this warning.
A parameter name that contains `gamma` will be renamed internally to `weight`. Please use a different name to suppress this warning.
A parameter name that contains `beta` will be renamed internally to `bias`. Please use a different name to suppress this warning.
A parameter name that contains `gamma` will be renamed internally to `weight`. Please use a different name to suppress this warning.
A parameter name that contains `beta` will be renamed internally to `bias`. Please use a different name to suppress this warning.
A parameter name that contains `gamma` will be renamed internally to `weight`. Please use a different name to suppress this warning.
A parameter name that contains `beta` will be renamed internally to `bias`. Please use a different name to suppress this warning.
A parameter name that contains `gamma` will be renamed internally to `weight`. Please use a different name to suppress this warning.
A parameter name that contains `beta` will be renamed internally to `bias`. Please use a different name to suppress this warning.
A parameter name that contains `gamma` will be renamed internally to `weight`. Please use a different name to suppress this warning.
A parameter name that contains `beta` will be renamed internally to `bias`. Please use a different name to suppress this warning.
A parameter name that contains `gamma` will be renamed internally to `weight`. Please use a different name to suppress this warning.
A parameter name that contains `beta` will be renamed internally to `bias`. Please use a different name to suppress this warning.
A parameter name that contains `gamma` will be renamed internally to `weight`. Please use a different name to suppress this warning.
A parameter name that contains `beta` will be renamed internally to `bias`. Please use a different name to suppress this warning.
A parameter name that contains `gamma` will be renamed internally to `weight`. Please use a different name to suppress this warning.
A parameter name that contains `beta` will be renamed internally to `bias`. Please use a different name to suppress this warning.
A parameter name that contains `gamma` will be renamed internally to `weight`. Please use a different name to suppress this warning.
A parameter name that contains `beta` will be renamed internally to `bias`. Please use a different name to suppress this warning.
A parameter name that contains `gamma` will be renamed internally to `weight`. Please use a different name to suppress this warning.
A parameter name that contains `beta` will be renamed internally to `bias`. Please use a different name to suppress this warning.
A parameter name that contains `gamma` will be renamed internally to `weight`. Please use a different name to suppress this warning.
A parameter name that contains `beta` will be renamed internally to `bias`. Please use a different name to suppress this warning.
A parameter name that contains `gamma` will be renamed internally to `weight`. Please use a different name to suppress this warning.
A parameter name that contains `beta` will be renamed internally to `bias`. Please use a different name to suppress this warning.
A parameter name that contains `gamma` will be renamed internally to `weight`. Please use a different name to suppress this warning.
A parameter name that contains `beta` will be renamed internally to `bias`. Please use a different name to suppress this warning.
A parameter name that contains `gamma` will be renamed internally to `weight`. Please use a different name to suppress this warning.
A parameter name that contains `beta` will be renamed internally to `bias`. Please use a different name to suppress this warning.
A parameter name that contains `gamma` will be renamed internally to `weight`. Please use a different name to suppress this warning.
A parameter name that contains `beta` will be renamed internally to `bias`. Please use a different name to suppress this warning.
A parameter name that contains `gamma` will be renamed internally to `weight`. Please use a different name to suppress this warning.
A parameter name that contains `beta` will be renamed internally to `bias`. Please use a different name to suppress this warning.
A parameter name that contains `gamma` will be renamed internally to `weight`. Please use a different name to suppress this warning.
A parameter name that contains `beta` will be renamed internally to `bias`. Please use a different name to suppress this warning.
A parameter name that contains `gamma` will be renamed internally to `weight`. Please use a different name to suppress this warning.
A parameter name that contains `beta` will be renamed internally to `bias`. Please use a different name to suppress this warning.
A parameter name that contains `gamma` will be renamed internally to `weight`. Please use a different name to suppress this warning.
A parameter name that contains `beta` will be renamed internally to `bias`. Please use a different name to suppress this warning.
A parameter name that contains `gamma` will be renamed internally to `weight`. Please use a different name to suppress this warning.
A parameter name that contains `beta` will be renamed internally to `bias`. Please use a different name to suppress this warning.
A parameter name that contains `gamma` will be renamed internally to `weight`. Please use a different name to suppress this warning.
A parameter name that contains `beta` will be renamed internally to `bias`. Please use a different name to suppress this warning.
A parameter name that contains `gamma` will be renamed internally to `weight`. Please use a different name to suppress this warning.
A parameter name that contains `beta` will be renamed internally to `bias`. Please use a different name to suppress this warning.
A parameter name that contains `gamma` will be renamed internally to `weight`. Please use a different name to suppress this warning.
A parameter name that contains `beta` will be renamed internally to `bias`. Please use a different name to suppress this warning.
A parameter name that contains `gamma` will be renamed internally to `weight`. Please use a different name to suppress this warning.
A parameter name that contains `beta` will be renamed internally to `bias`. Please use a different name to suppress this warning.
A parameter name that contains `gamma` will be renamed internally to `weight`. Please use a different name to suppress this warning.
A parameter name that contains `beta` will be renamed internally to `bias`. Please use a different name to suppress this warning.
A parameter name that contains `gamma` will be renamed internally to `weight`. Please use a different name to suppress this warning.
A parameter name that contains `beta` will be renamed internally to `bias`. Please use a different name to suppress this warning.
A parameter name that contains `gamma` will be renamed internally to `weight`. Please use a different name to suppress this warning.
A parameter name that contains `beta` will be renamed internally to `bias`. Please use a different name to suppress this warning.
A parameter name that contains `gamma` will be renamed internally to `weight`. Please use a different name to suppress this warning.
A parameter name that contains `beta` will be renamed internally to `bias`. Please use a different name to suppress this warning.
A parameter name that contains `gamma` will be renamed internally to `weight`. Please use a different name to suppress this warning.
A parameter name that contains `beta` will be renamed internally to `bias`. Please use a different name to suppress this warning.
A parameter name that contains `gamma` will be renamed internally to `weight`. Please use a different name to suppress this warning.
A parameter name that contains `beta` will be renamed internally to `bias`. Please use a different name to suppress this warning.
A parameter name that contains `gamma` will be renamed internally to `weight`. Please use a different name to suppress this warning.
A parameter name that contains `beta` will be renamed internally to `bias`. Please use a different name to suppress this warning.
A parameter name that contains `gamma` will be renamed internally to `weight`. Please use a different name to suppress this warning.
A parameter name that contains `beta` will be renamed internally to `bias`. Please use a different name to suppress this warning.
A parameter name that contains `gamma` will be renamed internally to `weight`. Please use a different name to suppress this warning.
A parameter name that contains `beta` will be renamed internally to `bias`. Please use a different name to suppress this warning.
A parameter name that contains `gamma` will be renamed internally to `weight`. Please use a different name to suppress this warning.
A parameter name that contains `beta` will be renamed internally to `bias`. Please use a different name to suppress this warning.
A parameter name that contains `gamma` will be renamed internally to `weight`. Please use a different name to suppress this warning.
A parameter name that contains `beta` will be renamed internally to `bias`. Please use a different name to suppress this warning.
A parameter name that contains `gamma` will be renamed internally to `weight`. Please use a different name to suppress this warning.
A parameter name that contains `beta` will be renamed internally to `bias`. Please use a different name to suppress this warning.
A parameter name that contains `gamma` will be renamed internally to `weight`. Please use a different name to suppress this warning.
A parameter name that contains `beta` will be renamed internally to `bias`. Please use a different name to suppress this warning.
A parameter name that contains `gamma` will be renamed internally to `weight`. Please use a different name to suppress this warning.
A parameter name that contains `beta` will be renamed internally to `bias`. Please use a different name to suppress this warning.
A parameter name that contains `gamma` will be renamed internally to `weight`. Please use a different name to suppress this warning.
A parameter name that contains `beta` will be renamed internally to `bias`. Please use a different name to suppress this warning.
A parameter name that contains `gamma` will be renamed internally to `weight`. Please use a different name to suppress this warning.
A parameter name that contains `beta` will be renamed internally to `bias`. Please use a different name to suppress this warning.
A parameter name that contains `gamma` will be renamed internally to `weight`. Please use a different name to suppress this warning.
A parameter name that contains `beta` will be renamed internally to `bias`. Please use a different name to suppress this warning.
A parameter name that contains `gamma` will be renamed internally to `weight`. Please use a different name to suppress this warning.
A parameter name that contains `beta` will be renamed internally to `bias`. Please use a different name to suppress this warning.
A parameter name that contains `gamma` will be renamed internally to `weight`. Please use a different name to suppress this warning.
A parameter name that contains `beta` will be renamed internally to `bias`. Please use a different name to suppress this warning.
A parameter name that contains `gamma` will be renamed internally to `weight`. Please use a different name to suppress this warning.
A parameter name that contains `beta` will be renamed internally to `bias`. Please use a different name to suppress this warning.
A parameter name that contains `gamma` will be renamed internally to `weight`. Please use a different name to suppress this warning.
A parameter name that contains `beta` will be renamed internally to `bias`. Please use a different name to suppress this warning.
A parameter name that contains `gamma` will be renamed internally to `weight`. Please use a different name to suppress this warning.
A parameter name that contains `beta` will be renamed internally to `bias`. Please use a different name to suppress this warning.
A parameter name that contains `gamma` will be renamed internally to `weight`. Please use a different name to suppress this warning.
A parameter name that contains `beta` will be renamed internally to `bias`. Please use a different name to suppress this warning.
A parameter name that contains `gamma` will be renamed internally to `weight`. Please use a different name to suppress this warning.
A parameter name that contains `beta` will be renamed internally to `bias`. Please use a different name to suppress this warning.
A parameter name that contains `gamma` will be renamed internally to `weight`. Please use a different name to suppress this warning.
A parameter name that contains `beta` will be renamed internally to `bias`. Please use a different name to suppress this warning.
A parameter name that contains `gamma` will be renamed internally to `weight`. Please use a different name to suppress this warning.
A parameter name that contains `beta` will be renamed internally to `bias`. Please use a different name to suppress this warning.
A parameter name that contains `gamma` will be renamed internally to `weight`. Please use a different name to suppress this warning.
A parameter name that contains `beta` will be renamed internally to `bias`. Please use a different name to suppress this warning.
A parameter name that contains `gamma` will be renamed internally to `weight`. Please use a different name to suppress this warning.
A parameter name that contains `beta` will be renamed internally to `bias`. Please use a different name to suppress this warning.
A parameter name that contains `gamma` will be renamed internally to `weight`. Please use a different name to suppress this warning.
A parameter name that contains `beta` will be renamed internally to `bias`. Please use a different name to suppress this warning.
A parameter name that contains `gamma` will be renamed internally to `weight`. Please use a different name to suppress this warning.
A parameter name that contains `beta` will be renamed internally to `bias`. Please use a different name to suppress this warning.
A parameter name that contains `gamma` will be renamed internally to `weight`. Please use a different name to suppress this warning.
A parameter name that contains `beta` will be renamed internally to `bias`. Please use a different name to suppress this warning.
A parameter name that contains `gamma` will be renamed internally to `weight`. Please use a different name to suppress this warning.
A parameter name that contains `beta` will be renamed internally to `bias`. Please use a different name to suppress this warning.
A parameter name that contains `gamma` will be renamed internally to `weight`. Please use a different name to suppress this warning.
A parameter name that contains `beta` will be renamed internally to `bias`. Please use a different name to suppress this warning.
A parameter name that contains `gamma` will be renamed internally to `weight`. Please use a different name to suppress this warning.
A parameter name that contains `beta` will be renamed internally to `bias`. Please use a different name to suppress this warning.
A parameter name that contains `gamma` will be renamed internally to `weight`. Please use a different name to suppress this warning.
A parameter name that contains `beta` will be renamed internally to `bias`. Please use a different name to suppress this warning.
A parameter name that contains `gamma` will be renamed internally to `weight`. Please use a different name to suppress this warning.
A parameter name that contains `beta` will be renamed internally to `bias`. Please use a different name to suppress this warning.
A parameter name that contains `gamma` will be renamed internally to `weight`. Please use a different name to suppress this warning.
A parameter name that contains `beta` will be renamed internally to `bias`. Please use a different name to suppress this warning.
A parameter name that contains `gamma` will be renamed internally to `weight`. Please use a different name to suppress this warning.
A parameter name that contains `beta` will be renamed internally to `bias`. Please use a different name to suppress this warning.
A parameter name that contains `gamma` will be renamed internally to `weight`. Please use a different name to suppress this warning.
A parameter name that contains `beta` will be renamed internally to `bias`. Please use a different name to suppress this warning.
A parameter name that contains `gamma` will be renamed internally to `weight`. Please use a different name to suppress this warning.
A parameter name that contains `beta` will be renamed internally to `bias`. Please use a different name to suppress this warning.
A parameter name that contains `gamma` will be renamed internally to `weight`. Please use a different name to suppress this warning.
A parameter name that contains `beta` will be renamed internally to `bias`. Please use a different name to suppress this warning.
A parameter name that contains `gamma` will be renamed internally to `weight`. Please use a different name to suppress this warning.
A parameter name that contains `beta` will be renamed internally to `bias`. Please use a different name to suppress this warning.
A parameter name that contains `gamma` will be renamed internally to `weight`. Please use a different name to suppress this warning.
A parameter name that contains `beta` will be renamed internally to `bias`. Please use a different name to suppress this warning.
A parameter name that contains `gamma` will be renamed internally to `weight`. Please use a different name to suppress this warning.
A parameter name that contains `beta` will be renamed internally to `bias`. Please use a different name to suppress this warning.
A parameter name that contains `gamma` will be renamed internally to `weight`. Please use a different name to suppress this warning.
A parameter name that contains `beta` will be renamed internally to `bias`. Please use a different name to suppress this warning.
A parameter name that contains `gamma` will be renamed internally to `weight`. Please use a different name to suppress this warning.
A parameter name that contains `beta` will be renamed internally to `bias`. Please use a different name to suppress this warning.
A parameter name that contains `gamma` will be renamed internally to `weight`. Please use a different name to suppress this warning.
A parameter name that contains `beta` will be renamed internally to `bias`. Please use a different name to suppress this warning.
A parameter name that contains `gamma` will be renamed internally to `weight`. Please use a different name to suppress this warning.
A parameter name that contains `beta` will be renamed internally to `bias`. Please use a different name to suppress this warning.
A parameter name that contains `gamma` will be renamed internally to `weight`. Please use a different name to suppress this warning.
A parameter name that contains `beta` will be renamed internally to `bias`. Please use a different name to suppress this warning.
A parameter name that contains `gamma` will be renamed internally to `weight`. Please use a different name to suppress this warning.
A parameter name that contains `beta` will be renamed internally to `bias`. Please use a different name to suppress this warning.
A parameter name that contains `gamma` will be renamed internally to `weight`. Please use a different name to suppress this warning.
A parameter name that contains `beta` will be renamed internally to `bias`. Please use a different name to suppress this warning.
A parameter name that contains `gamma` will be renamed internally to `weight`. Please use a different name to suppress this warning.
A parameter name that contains `beta` will be renamed internally to `bias`. Please use a different name to suppress this warning.
A parameter name that contains `gamma` will be renamed internally to `weight`. Please use a different name to suppress this warning.
A parameter name that contains `beta` will be renamed internally to `bias`. Please use a different name to suppress this warning.
A parameter name that contains `gamma` will be renamed internally to `weight`. Please use a different name to suppress this warning.
A parameter name that contains `beta` will be renamed internally to `bias`. Please use a different name to suppress this warning.
A parameter name that contains `gamma` will be renamed internally to `weight`. Please use a different name to suppress this warning.
A parameter name that contains `beta` will be renamed internally to `bias`. Please use a different name to suppress this warning.
A parameter name that contains `gamma` will be renamed internally to `weight`. Please use a different name to suppress this warning.
A parameter name that contains `beta` will be renamed internally to `bias`. Please use a different name to suppress this warning.
A parameter name that contains `gamma` will be renamed internally to `weight`. Please use a different name to suppress this warning.
A parameter name that contains `beta` will be renamed internally to `bias`. Please use a different name to suppress this warning.
A parameter name that contains `gamma` will be renamed internally to `weight`. Please use a different name to suppress this warning.
A parameter name that contains `beta` will be renamed internally to `bias`. Please use a different name to suppress this warning.
A parameter name that contains `gamma` will be renamed internally to `weight`. Please use a different name to suppress this warning.
A parameter name that contains `beta` will be renamed internally to `bias`. Please use a different name to suppress this warning.
A parameter name that contains `gamma` will be renamed internally to `weight`. Please use a different name to suppress this warning.
A parameter name that contains `beta` will be renamed internally to `bias`. Please use a different name to suppress this warning.
A parameter name that contains `gamma` will be renamed internally to `weight`. Please use a different name to suppress this warning.
A parameter name that contains `beta` will be renamed internally to `bias`. Please use a different name to suppress this warning.
A parameter name that contains `gamma` will be renamed internally to `weight`. Please use a different name to suppress this warning.
A parameter name that contains `beta` will be renamed internally to `bias`. Please use a different name to suppress this warning.
A parameter name that contains `gamma` will be renamed internally to `weight`. Please use a different name to suppress this warning.
A parameter name that contains `beta` will be renamed internally to `bias`. Please use a different name to suppress this warning.
A parameter name that contains `gamma` will be renamed internally to `weight`. Please use a different name to suppress this warning.
A parameter name that contains `beta` will be renamed internally to `bias`. Please use a different name to suppress this warning.
A parameter name that contains `gamma` will be renamed internally to `weight`. Please use a different name to suppress this warning.
A parameter name that contains `beta` will be renamed internally to `bias`. Please use a different name to suppress this warning.
A parameter name that contains `gamma` will be renamed internally to `weight`. Please use a different name to suppress this warning.
A parameter name that contains `beta` will be renamed internally to `bias`. Please use a different name to suppress this warning.
A parameter name that contains `gamma` will be renamed internally to `weight`. Please use a different name to suppress this warning.
A parameter name that contains `beta` will be renamed internally to `bias`. Please use a different name to suppress this warning.
A parameter name that contains `gamma` will be renamed internally to `weight`. Please use a different name to suppress this warning.
A parameter name that contains `beta` will be renamed internally to `bias`. Please use a different name to suppress this warning.
A parameter name that contains `gamma` will be renamed internally to `weight`. Please use a different name to suppress this warning.
A parameter name that contains `beta` will be renamed internally to `bias`. Please use a different name to suppress this warning.
A parameter name that contains `gamma` will be renamed internally to `weight`. Please use a different name to suppress this warning.
A parameter name that contains `beta` will be renamed internally to `bias`. Please use a different name to suppress this warning.
A parameter name that contains `gamma` will be renamed internally to `weight`. Please use a different name to suppress this warning.
[rerank] 1500 pairs  retriever=cde  device=cuda
[stage1] retrieval MRR=0.2900  R@1=0.204  R@10=0.450
[stage2] scoring 75000 pairs with CE qrecc_rerank …
[stage2] scoring 75000 pairs with CE qrecc_rerank_v2 …
[stage2] ensembled 2 CEs

 pool  blend      MRR     R@1     R@5    R@10
----------------------------------------------
   20   0.30   0.3120   0.229   0.399   0.467  <<
   20   0.50   0.3285   0.253   0.405   0.473  <<
   20   0.70   0.3176   0.246   0.383   0.458
   50   0.30   0.3138   0.231   0.400   0.471
   50   0.50   0.3330   0.255   0.405   0.487  <<
   50   0.70   0.3111   0.245   0.362   0.442

[best] pool50_blend0.5  MRR=0.3330
[baseline BiEncoder MRR]  0.2748
[lift over baseline]      +21.2%  (target +10% = 0.3023  ACHIEVED)
[fused AUC vs 4 random negs]  0.9518
[saved] /mnt/localssd/new_base_line/internship-causal-embedding/my_work/kl/results/qrecc/rerank_eval.json
[13:14:22] [qrecc] Step 4b: rerank eval on TEST (CE v1 + v2 ensemble)
/mnt/localssd/new_base_line/internship-causal-embedding/.venv/lib/python3.11/site-packages/transformers/tokenization_utils_base.py:1601: FutureWarning: `clean_up_tokenization_spaces` was not set. It will be set to `True` by default. This behavior will be depracted in transformers v4.45, and will be then set to `False` by default. For more details check this issue: https://github.com/huggingface/transformers/issues/31884
  warnings.warn(
A parameter name that contains `beta` will be renamed internally to `bias`. Please use a different name to suppress this warning.
A parameter name that contains `gamma` will be renamed internally to `weight`. Please use a different name to suppress this warning.
A parameter name that contains `beta` will be renamed internally to `bias`. Please use a different name to suppress this warning.
A parameter name that contains `gamma` will be renamed internally to `weight`. Please use a different name to suppress this warning.
A parameter name that contains `beta` will be renamed internally to `bias`. Please use a different name to suppress this warning.
A parameter name that contains `gamma` will be renamed internally to `weight`. Please use a different name to suppress this warning.
A parameter name that contains `beta` will be renamed internally to `bias`. Please use a different name to suppress this warning.
A parameter name that contains `gamma` will be renamed internally to `weight`. Please use a different name to suppress this warning.
A parameter name that contains `beta` will be renamed internally to `bias`. Please use a different name to suppress this warning.
A parameter name that contains `gamma` will be renamed internally to `weight`. Please use a different name to suppress this warning.
A parameter name that contains `beta` will be renamed internally to `bias`. Please use a different name to suppress this warning.
A parameter name that contains `gamma` will be renamed internally to `weight`. Please use a different name to suppress this warning.
A parameter name that contains `beta` will be renamed internally to `bias`. Please use a different name to suppress this warning.
A parameter name that contains `gamma` will be renamed internally to `weight`. Please use a different name to suppress this warning.
A parameter name that contains `beta` will be renamed internally to `bias`. Please use a different name to suppress this warning.
A parameter name that contains `gamma` will be renamed internally to `weight`. Please use a different name to suppress this warning.
A parameter name that contains `beta` will be renamed internally to `bias`. Please use a different name to suppress this warning.
A parameter name that contains `gamma` will be renamed internally to `weight`. Please use a different name to suppress this warning.
A parameter name that contains `beta` will be renamed internally to `bias`. Please use a different name to suppress this warning.
A parameter name that contains `gamma` will be renamed internally to `weight`. Please use a different name to suppress this warning.
A parameter name that contains `beta` will be renamed internally to `bias`. Please use a different name to suppress this warning.
A parameter name that contains `gamma` will be renamed internally to `weight`. Please use a different name to suppress this warning.
A parameter name that contains `beta` will be renamed internally to `bias`. Please use a different name to suppress this warning.
A parameter name that contains `gamma` will be renamed internally to `weight`. Please use a different name to suppress this warning.
A parameter name that contains `beta` will be renamed internally to `bias`. Please use a different name to suppress this warning.
A parameter name that contains `gamma` will be renamed internally to `weight`. Please use a different name to suppress this warning.
A parameter name that contains `beta` will be renamed internally to `bias`. Please use a different name to suppress this warning.
A parameter name that contains `gamma` will be renamed internally to `weight`. Please use a different name to suppress this warning.
A parameter name that contains `beta` will be renamed internally to `bias`. Please use a different name to suppress this warning.
A parameter name that contains `gamma` will be renamed internally to `weight`. Please use a different name to suppress this warning.
A parameter name that contains `beta` will be renamed internally to `bias`. Please use a different name to suppress this warning.
A parameter name that contains `gamma` will be renamed internally to `weight`. Please use a different name to suppress this warning.
A parameter name that contains `beta` will be renamed internally to `bias`. Please use a different name to suppress this warning.
A parameter name that contains `gamma` will be renamed internally to `weight`. Please use a different name to suppress this warning.
A parameter name that contains `beta` will be renamed internally to `bias`. Please use a different name to suppress this warning.
A parameter name that contains `gamma` will be renamed internally to `weight`. Please use a different name to suppress this warning.
A parameter name that contains `beta` will be renamed internally to `bias`. Please use a different name to suppress this warning.
A parameter name that contains `gamma` will be renamed internally to `weight`. Please use a different name to suppress this warning.
A parameter name that contains `beta` will be renamed internally to `bias`. Please use a different name to suppress this warning.
A parameter name that contains `gamma` will be renamed internally to `weight`. Please use a different name to suppress this warning.
A parameter name that contains `beta` will be renamed internally to `bias`. Please use a different name to suppress this warning.
A parameter name that contains `gamma` will be renamed internally to `weight`. Please use a different name to suppress this warning.
A parameter name that contains `beta` will be renamed internally to `bias`. Please use a different name to suppress this warning.
A parameter name that contains `gamma` will be renamed internally to `weight`. Please use a different name to suppress this warning.
A parameter name that contains `beta` will be renamed internally to `bias`. Please use a different name to suppress this warning.
A parameter name that contains `gamma` will be renamed internally to `weight`. Please use a different name to suppress this warning.
A parameter name that contains `beta` will be renamed internally to `bias`. Please use a different name to suppress this warning.
A parameter name that contains `gamma` will be renamed internally to `weight`. Please use a different name to suppress this warning.
A parameter name that contains `beta` will be renamed internally to `bias`. Please use a different name to suppress this warning.
A parameter name that contains `gamma` will be renamed internally to `weight`. Please use a different name to suppress this warning.
A parameter name that contains `beta` will be renamed internally to `bias`. Please use a different name to suppress this warning.
A parameter name that contains `gamma` will be renamed internally to `weight`. Please use a different name to suppress this warning.
A parameter name that contains `beta` will be renamed internally to `bias`. Please use a different name to suppress this warning.
A parameter name that contains `gamma` will be renamed internally to `weight`. Please use a different name to suppress this warning.
A parameter name that contains `beta` will be renamed internally to `bias`. Please use a different name to suppress this warning.
A parameter name that contains `gamma` will be renamed internally to `weight`. Please use a different name to suppress this warning.
A parameter name that contains `beta` will be renamed internally to `bias`. Please use a different name to suppress this warning.
A parameter name that contains `gamma` will be renamed internally to `weight`. Please use a different name to suppress this warning.
A parameter name that contains `beta` will be renamed internally to `bias`. Please use a different name to suppress this warning.
A parameter name that contains `gamma` will be renamed internally to `weight`. Please use a different name to suppress this warning.
A parameter name that contains `beta` will be renamed internally to `bias`. Please use a different name to suppress this warning.
A parameter name that contains `gamma` will be renamed internally to `weight`. Please use a different name to suppress this warning.
A parameter name that contains `beta` will be renamed internally to `bias`. Please use a different name to suppress this warning.
A parameter name that contains `gamma` will be renamed internally to `weight`. Please use a different name to suppress this warning.
A parameter name that contains `beta` will be renamed internally to `bias`. Please use a different name to suppress this warning.
A parameter name that contains `gamma` will be renamed internally to `weight`. Please use a different name to suppress this warning.
A parameter name that contains `beta` will be renamed internally to `bias`. Please use a different name to suppress this warning.
A parameter name that contains `gamma` will be renamed internally to `weight`. Please use a different name to suppress this warning.
A parameter name that contains `beta` will be renamed internally to `bias`. Please use a different name to suppress this warning.
A parameter name that contains `gamma` will be renamed internally to `weight`. Please use a different name to suppress this warning.
A parameter name that contains `beta` will be renamed internally to `bias`. Please use a different name to suppress this warning.
A parameter name that contains `gamma` will be renamed internally to `weight`. Please use a different name to suppress this warning.
A parameter name that contains `beta` will be renamed internally to `bias`. Please use a different name to suppress this warning.
A parameter name that contains `gamma` will be renamed internally to `weight`. Please use a different name to suppress this warning.
A parameter name that contains `beta` will be renamed internally to `bias`. Please use a different name to suppress this warning.
A parameter name that contains `gamma` will be renamed internally to `weight`. Please use a different name to suppress this warning.
A parameter name that contains `beta` will be renamed internally to `bias`. Please use a different name to suppress this warning.
A parameter name that contains `gamma` will be renamed internally to `weight`. Please use a different name to suppress this warning.
A parameter name that contains `beta` will be renamed internally to `bias`. Please use a different name to suppress this warning.
A parameter name that contains `gamma` will be renamed internally to `weight`. Please use a different name to suppress this warning.
A parameter name that contains `beta` will be renamed internally to `bias`. Please use a different name to suppress this warning.
A parameter name that contains `gamma` will be renamed internally to `weight`. Please use a different name to suppress this warning.
A parameter name that contains `beta` will be renamed internally to `bias`. Please use a different name to suppress this warning.
A parameter name that contains `gamma` will be renamed internally to `weight`. Please use a different name to suppress this warning.
A parameter name that contains `beta` will be renamed internally to `bias`. Please use a different name to suppress this warning.
A parameter name that contains `gamma` will be renamed internally to `weight`. Please use a different name to suppress this warning.
A parameter name that contains `beta` will be renamed internally to `bias`. Please use a different name to suppress this warning.
A parameter name that contains `gamma` will be renamed internally to `weight`. Please use a different name to suppress this warning.
A parameter name that contains `beta` will be renamed internally to `bias`. Please use a different name to suppress this warning.
A parameter name that contains `gamma` will be renamed internally to `weight`. Please use a different name to suppress this warning.
A parameter name that contains `beta` will be renamed internally to `bias`. Please use a different name to suppress this warning.
A parameter name that contains `gamma` will be renamed internally to `weight`. Please use a different name to suppress this warning.
A parameter name that contains `beta` will be renamed internally to `bias`. Please use a different name to suppress this warning.
A parameter name that contains `gamma` will be renamed internally to `weight`. Please use a different name to suppress this warning.
A parameter name that contains `beta` will be renamed internally to `bias`. Please use a different name to suppress this warning.
A parameter name that contains `gamma` will be renamed internally to `weight`. Please use a different name to suppress this warning.
A parameter name that contains `beta` will be renamed internally to `bias`. Please use a different name to suppress this warning.
A parameter name that contains `gamma` will be renamed internally to `weight`. Please use a different name to suppress this warning.
A parameter name that contains `beta` will be renamed internally to `bias`. Please use a different name to suppress this warning.
A parameter name that contains `gamma` will be renamed internally to `weight`. Please use a different name to suppress this warning.
A parameter name that contains `beta` will be renamed internally to `bias`. Please use a different name to suppress this warning.
A parameter name that contains `gamma` will be renamed internally to `weight`. Please use a different name to suppress this warning.
A parameter name that contains `beta` will be renamed internally to `bias`. Please use a different name to suppress this warning.
A parameter name that contains `gamma` will be renamed internally to `weight`. Please use a different name to suppress this warning.
/mnt/localssd/new_base_line/internship-causal-embedding/.venv/lib/python3.11/site-packages/transformers/tokenization_utils_base.py:1601: FutureWarning: `clean_up_tokenization_spaces` was not set. It will be set to `True` by default. This behavior will be depracted in transformers v4.45, and will be then set to `False` by default. For more details check this issue: https://github.com/huggingface/transformers/issues/31884
  warnings.warn(
A parameter name that contains `beta` will be renamed internally to `bias`. Please use a different name to suppress this warning.
A parameter name that contains `gamma` will be renamed internally to `weight`. Please use a different name to suppress this warning.
A parameter name that contains `beta` will be renamed internally to `bias`. Please use a different name to suppress this warning.
A parameter name that contains `gamma` will be renamed internally to `weight`. Please use a different name to suppress this warning.
A parameter name that contains `beta` will be renamed internally to `bias`. Please use a different name to suppress this warning.
A parameter name that contains `gamma` will be renamed internally to `weight`. Please use a different name to suppress this warning.
A parameter name that contains `beta` will be renamed internally to `bias`. Please use a different name to suppress this warning.
A parameter name that contains `gamma` will be renamed internally to `weight`. Please use a different name to suppress this warning.
A parameter name that contains `beta` will be renamed internally to `bias`. Please use a different name to suppress this warning.
A parameter name that contains `gamma` will be renamed internally to `weight`. Please use a different name to suppress this warning.
A parameter name that contains `beta` will be renamed internally to `bias`. Please use a different name to suppress this warning.
A parameter name that contains `gamma` will be renamed internally to `weight`. Please use a different name to suppress this warning.
A parameter name that contains `beta` will be renamed internally to `bias`. Please use a different name to suppress this warning.
A parameter name that contains `gamma` will be renamed internally to `weight`. Please use a different name to suppress this warning.
A parameter name that contains `beta` will be renamed internally to `bias`. Please use a different name to suppress this warning.
A parameter name that contains `gamma` will be renamed internally to `weight`. Please use a different name to suppress this warning.
A parameter name that contains `beta` will be renamed internally to `bias`. Please use a different name to suppress this warning.
A parameter name that contains `gamma` will be renamed internally to `weight`. Please use a different name to suppress this warning.
A parameter name that contains `beta` will be renamed internally to `bias`. Please use a different name to suppress this warning.
A parameter name that contains `gamma` will be renamed internally to `weight`. Please use a different name to suppress this warning.
A parameter name that contains `beta` will be renamed internally to `bias`. Please use a different name to suppress this warning.
A parameter name that contains `gamma` will be renamed internally to `weight`. Please use a different name to suppress this warning.
A parameter name that contains `beta` will be renamed internally to `bias`. Please use a different name to suppress this warning.
A parameter name that contains `gamma` will be renamed internally to `weight`. Please use a different name to suppress this warning.
A parameter name that contains `beta` will be renamed internally to `bias`. Please use a different name to suppress this warning.
A parameter name that contains `gamma` will be renamed internally to `weight`. Please use a different name to suppress this warning.
A parameter name that contains `beta` will be renamed internally to `bias`. Please use a different name to suppress this warning.
A parameter name that contains `gamma` will be renamed internally to `weight`. Please use a different name to suppress this warning.
A parameter name that contains `beta` will be renamed internally to `bias`. Please use a different name to suppress this warning.
A parameter name that contains `gamma` will be renamed internally to `weight`. Please use a different name to suppress this warning.
A parameter name that contains `beta` will be renamed internally to `bias`. Please use a different name to suppress this warning.
A parameter name that contains `gamma` will be renamed internally to `weight`. Please use a different name to suppress this warning.
A parameter name that contains `beta` will be renamed internally to `bias`. Please use a different name to suppress this warning.
A parameter name that contains `gamma` will be renamed internally to `weight`. Please use a different name to suppress this warning.
A parameter name that contains `beta` will be renamed internally to `bias`. Please use a different name to suppress this warning.
A parameter name that contains `gamma` will be renamed internally to `weight`. Please use a different name to suppress this warning.
A parameter name that contains `beta` will be renamed internally to `bias`. Please use a different name to suppress this warning.
A parameter name that contains `gamma` will be renamed internally to `weight`. Please use a different name to suppress this warning.
A parameter name that contains `beta` will be renamed internally to `bias`. Please use a different name to suppress this warning.
A parameter name that contains `gamma` will be renamed internally to `weight`. Please use a different name to suppress this warning.
A parameter name that contains `beta` will be renamed internally to `bias`. Please use a different name to suppress this warning.
A parameter name that contains `gamma` will be renamed internally to `weight`. Please use a different name to suppress this warning.
A parameter name that contains `beta` will be renamed internally to `bias`. Please use a different name to suppress this warning.
A parameter name that contains `gamma` will be renamed internally to `weight`. Please use a different name to suppress this warning.
A parameter name that contains `beta` will be renamed internally to `bias`. Please use a different name to suppress this warning.
A parameter name that contains `gamma` will be renamed internally to `weight`. Please use a different name to suppress this warning.
A parameter name that contains `beta` will be renamed internally to `bias`. Please use a different name to suppress this warning.
A parameter name that contains `gamma` will be renamed internally to `weight`. Please use a different name to suppress this warning.
A parameter name that contains `beta` will be renamed internally to `bias`. Please use a different name to suppress this warning.
A parameter name that contains `gamma` will be renamed internally to `weight`. Please use a different name to suppress this warning.
A parameter name that contains `beta` will be renamed internally to `bias`. Please use a different name to suppress this warning.
A parameter name that contains `gamma` will be renamed internally to `weight`. Please use a different name to suppress this warning.
A parameter name that contains `beta` will be renamed internally to `bias`. Please use a different name to suppress this warning.
A parameter name that contains `gamma` will be renamed internally to `weight`. Please use a different name to suppress this warning.
A parameter name that contains `beta` will be renamed internally to `bias`. Please use a different name to suppress this warning.
A parameter name that contains `gamma` will be renamed internally to `weight`. Please use a different name to suppress this warning.
A parameter name that contains `beta` will be renamed internally to `bias`. Please use a different name to suppress this warning.
A parameter name that contains `gamma` will be renamed internally to `weight`. Please use a different name to suppress this warning.
A parameter name that contains `beta` will be renamed internally to `bias`. Please use a different name to suppress this warning.
A parameter name that contains `gamma` will be renamed internally to `weight`. Please use a different name to suppress this warning.
A parameter name that contains `beta` will be renamed internally to `bias`. Please use a different name to suppress this warning.
A parameter name that contains `gamma` will be renamed internally to `weight`. Please use a different name to suppress this warning.
A parameter name that contains `beta` will be renamed internally to `bias`. Please use a different name to suppress this warning.
A parameter name that contains `gamma` will be renamed internally to `weight`. Please use a different name to suppress this warning.
A parameter name that contains `beta` will be renamed internally to `bias`. Please use a different name to suppress this warning.
A parameter name that contains `gamma` will be renamed internally to `weight`. Please use a different name to suppress this warning.
A parameter name that contains `beta` will be renamed internally to `bias`. Please use a different name to suppress this warning.
A parameter name that contains `gamma` will be renamed internally to `weight`. Please use a different name to suppress this warning.
A parameter name that contains `beta` will be renamed internally to `bias`. Please use a different name to suppress this warning.
A parameter name that contains `gamma` will be renamed internally to `weight`. Please use a different name to suppress this warning.
A parameter name that contains `beta` will be renamed internally to `bias`. Please use a different name to suppress this warning.
A parameter name that contains `gamma` will be renamed internally to `weight`. Please use a different name to suppress this warning.
A parameter name that contains `beta` will be renamed internally to `bias`. Please use a different name to suppress this warning.
A parameter name that contains `gamma` will be renamed internally to `weight`. Please use a different name to suppress this warning.
A parameter name that contains `beta` will be renamed internally to `bias`. Please use a different name to suppress this warning.
A parameter name that contains `gamma` will be renamed internally to `weight`. Please use a different name to suppress this warning.
A parameter name that contains `beta` will be renamed internally to `bias`. Please use a different name to suppress this warning.
A parameter name that contains `gamma` will be renamed internally to `weight`. Please use a different name to suppress this warning.
A parameter name that contains `beta` will be renamed internally to `bias`. Please use a different name to suppress this warning.
A parameter name that contains `gamma` will be renamed internally to `weight`. Please use a different name to suppress this warning.
A parameter name that contains `beta` will be renamed internally to `bias`. Please use a different name to suppress this warning.
A parameter name that contains `gamma` will be renamed internally to `weight`. Please use a different name to suppress this warning.
A parameter name that contains `beta` will be renamed internally to `bias`. Please use a different name to suppress this warning.
A parameter name that contains `gamma` will be renamed internally to `weight`. Please use a different name to suppress this warning.
A parameter name that contains `beta` will be renamed internally to `bias`. Please use a different name to suppress this warning.
A parameter name that contains `gamma` will be renamed internally to `weight`. Please use a different name to suppress this warning.
A parameter name that contains `beta` will be renamed internally to `bias`. Please use a different name to suppress this warning.
A parameter name that contains `gamma` will be renamed internally to `weight`. Please use a different name to suppress this warning.
A parameter name that contains `beta` will be renamed internally to `bias`. Please use a different name to suppress this warning.
A parameter name that contains `gamma` will be renamed internally to `weight`. Please use a different name to suppress this warning.
A parameter name that contains `beta` will be renamed internally to `bias`. Please use a different name to suppress this warning.
A parameter name that contains `gamma` will be renamed internally to `weight`. Please use a different name to suppress this warning.
A parameter name that contains `beta` will be renamed internally to `bias`. Please use a different name to suppress this warning.
A parameter name that contains `gamma` will be renamed internally to `weight`. Please use a different name to suppress this warning.
A parameter name that contains `beta` will be renamed internally to `bias`. Please use a different name to suppress this warning.
A parameter name that contains `gamma` will be renamed internally to `weight`. Please use a different name to suppress this warning.
A parameter name that contains `beta` will be renamed internally to `bias`. Please use a different name to suppress this warning.
A parameter name that contains `gamma` will be renamed internally to `weight`. Please use a different name to suppress this warning.
A parameter name that contains `beta` will be renamed internally to `bias`. Please use a different name to suppress this warning.
A parameter name that contains `gamma` will be renamed internally to `weight`. Please use a different name to suppress this warning.
A parameter name that contains `beta` will be renamed internally to `bias`. Please use a different name to suppress this warning.
A parameter name that contains `gamma` will be renamed internally to `weight`. Please use a different name to suppress this warning.
A parameter name that contains `beta` will be renamed internally to `bias`. Please use a different name to suppress this warning.
A parameter name that contains `gamma` will be renamed internally to `weight`. Please use a different name to suppress this warning.
A parameter name that contains `beta` will be renamed internally to `bias`. Please use a different name to suppress this warning.
A parameter name that contains `gamma` will be renamed internally to `weight`. Please use a different name to suppress this warning.
A parameter name that contains `beta` will be renamed internally to `bias`. Please use a different name to suppress this warning.
A parameter name that contains `gamma` will be renamed internally to `weight`. Please use a different name to suppress this warning.
A parameter name that contains `beta` will be renamed internally to `bias`. Please use a different name to suppress this warning.
A parameter name that contains `gamma` will be renamed internally to `weight`. Please use a different name to suppress this warning.
A parameter name that contains `beta` will be renamed internally to `bias`. Please use a different name to suppress this warning.
A parameter name that contains `gamma` will be renamed internally to `weight`. Please use a different name to suppress this warning.
A parameter name that contains `beta` will be renamed internally to `bias`. Please use a different name to suppress this warning.
A parameter name that contains `gamma` will be renamed internally to `weight`. Please use a different name to suppress this warning.
A parameter name that contains `beta` will be renamed internally to `bias`. Please use a different name to suppress this warning.
A parameter name that contains `gamma` will be renamed internally to `weight`. Please use a different name to suppress this warning.
A parameter name that contains `beta` will be renamed internally to `bias`. Please use a different name to suppress this warning.
A parameter name that contains `gamma` will be renamed internally to `weight`. Please use a different name to suppress this warning.
A parameter name that contains `beta` will be renamed internally to `bias`. Please use a different name to suppress this warning.
A parameter name that contains `gamma` will be renamed internally to `weight`. Please use a different name to suppress this warning.
A parameter name that contains `beta` will be renamed internally to `bias`. Please use a different name to suppress this warning.
A parameter name that contains `gamma` will be renamed internally to `weight`. Please use a different name to suppress this warning.
A parameter name that contains `beta` will be renamed internally to `bias`. Please use a different name to suppress this warning.
A parameter name that contains `gamma` will be renamed internally to `weight`. Please use a different name to suppress this warning.
A parameter name that contains `beta` will be renamed internally to `bias`. Please use a different name to suppress this warning.
A parameter name that contains `gamma` will be renamed internally to `weight`. Please use a different name to suppress this warning.
A parameter name that contains `beta` will be renamed internally to `bias`. Please use a different name to suppress this warning.
A parameter name that contains `gamma` will be renamed internally to `weight`. Please use a different name to suppress this warning.
A parameter name that contains `beta` will be renamed internally to `bias`. Please use a different name to suppress this warning.
A parameter name that contains `gamma` will be renamed internally to `weight`. Please use a different name to suppress this warning.
A parameter name that contains `beta` will be renamed internally to `bias`. Please use a different name to suppress this warning.
A parameter name that contains `gamma` will be renamed internally to `weight`. Please use a different name to suppress this warning.
A parameter name that contains `beta` will be renamed internally to `bias`. Please use a different name to suppress this warning.
A parameter name that contains `gamma` will be renamed internally to `weight`. Please use a different name to suppress this warning.
A parameter name that contains `beta` will be renamed internally to `bias`. Please use a different name to suppress this warning.
A parameter name that contains `gamma` will be renamed internally to `weight`. Please use a different name to suppress this warning.
A parameter name that contains `beta` will be renamed internally to `bias`. Please use a different name to suppress this warning.
A parameter name that contains `gamma` will be renamed internally to `weight`. Please use a different name to suppress this warning.
A parameter name that contains `beta` will be renamed internally to `bias`. Please use a different name to suppress this warning.
A parameter name that contains `gamma` will be renamed internally to `weight`. Please use a different name to suppress this warning.
A parameter name that contains `beta` will be renamed internally to `bias`. Please use a different name to suppress this warning.
A parameter name that contains `gamma` will be renamed internally to `weight`. Please use a different name to suppress this warning.
A parameter name that contains `beta` will be renamed internally to `bias`. Please use a different name to suppress this warning.
A parameter name that contains `gamma` will be renamed internally to `weight`. Please use a different name to suppress this warning.
A parameter name that contains `beta` will be renamed internally to `bias`. Please use a different name to suppress this warning.
A parameter name that contains `gamma` will be renamed internally to `weight`. Please use a different name to suppress this warning.
A parameter name that contains `beta` will be renamed internally to `bias`. Please use a different name to suppress this warning.
A parameter name that contains `gamma` will be renamed internally to `weight`. Please use a different name to suppress this warning.
A parameter name that contains `beta` will be renamed internally to `bias`. Please use a different name to suppress this warning.
A parameter name that contains `gamma` will be renamed internally to `weight`. Please use a different name to suppress this warning.
A parameter name that contains `beta` will be renamed internally to `bias`. Please use a different name to suppress this warning.
A parameter name that contains `gamma` will be renamed internally to `weight`. Please use a different name to suppress this warning.
A parameter name that contains `beta` will be renamed internally to `bias`. Please use a different name to suppress this warning.
A parameter name that contains `gamma` will be renamed internally to `weight`. Please use a different name to suppress this warning.
A parameter name that contains `beta` will be renamed internally to `bias`. Please use a different name to suppress this warning.
A parameter name that contains `gamma` will be renamed internally to `weight`. Please use a different name to suppress this warning.
A parameter name that contains `beta` will be renamed internally to `bias`. Please use a different name to suppress this warning.
A parameter name that contains `gamma` will be renamed internally to `weight`. Please use a different name to suppress this warning.
A parameter name that contains `beta` will be renamed internally to `bias`. Please use a different name to suppress this warning.
A parameter name that contains `gamma` will be renamed internally to `weight`. Please use a different name to suppress this warning.
A parameter name that contains `beta` will be renamed internally to `bias`. Please use a different name to suppress this warning.
A parameter name that contains `gamma` will be renamed internally to `weight`. Please use a different name to suppress this warning.
A parameter name that contains `beta` will be renamed internally to `bias`. Please use a different name to suppress this warning.
A parameter name that contains `gamma` will be renamed internally to `weight`. Please use a different name to suppress this warning.
A parameter name that contains `beta` will be renamed internally to `bias`. Please use a different name to suppress this warning.
A parameter name that contains `gamma` will be renamed internally to `weight`. Please use a different name to suppress this warning.
A parameter name that contains `beta` will be renamed internally to `bias`. Please use a different name to suppress this warning.
A parameter name that contains `gamma` will be renamed internally to `weight`. Please use a different name to suppress this warning.
A parameter name that contains `beta` will be renamed internally to `bias`. Please use a different name to suppress this warning.
A parameter name that contains `gamma` will be renamed internally to `weight`. Please use a different name to suppress this warning.
A parameter name that contains `beta` will be renamed internally to `bias`. Please use a different name to suppress this warning.
A parameter name that contains `gamma` will be renamed internally to `weight`. Please use a different name to suppress this warning.
A parameter name that contains `beta` will be renamed internally to `bias`. Please use a different name to suppress this warning.
A parameter name that contains `gamma` will be renamed internally to `weight`. Please use a different name to suppress this warning.
A parameter name that contains `beta` will be renamed internally to `bias`. Please use a different name to suppress this warning.
A parameter name that contains `gamma` will be renamed internally to `weight`. Please use a different name to suppress this warning.
A parameter name that contains `beta` will be renamed internally to `bias`. Please use a different name to suppress this warning.
A parameter name that contains `gamma` will be renamed internally to `weight`. Please use a different name to suppress this warning.
A parameter name that contains `beta` will be renamed internally to `bias`. Please use a different name to suppress this warning.
A parameter name that contains `gamma` will be renamed internally to `weight`. Please use a different name to suppress this warning.
A parameter name that contains `beta` will be renamed internally to `bias`. Please use a different name to suppress this warning.
A parameter name that contains `gamma` will be renamed internally to `weight`. Please use a different name to suppress this warning.
A parameter name that contains `beta` will be renamed internally to `bias`. Please use a different name to suppress this warning.
A parameter name that contains `gamma` will be renamed internally to `weight`. Please use a different name to suppress this warning.
A parameter name that contains `beta` will be renamed internally to `bias`. Please use a different name to suppress this warning.
A parameter name that contains `gamma` will be renamed internally to `weight`. Please use a different name to suppress this warning.
A parameter name that contains `beta` will be renamed internally to `bias`. Please use a different name to suppress this warning.
A parameter name that contains `gamma` will be renamed internally to `weight`. Please use a different name to suppress this warning.
A parameter name that contains `beta` will be renamed internally to `bias`. Please use a different name to suppress this warning.
A parameter name that contains `gamma` will be renamed internally to `weight`. Please use a different name to suppress this warning.
A parameter name that contains `beta` will be renamed internally to `bias`. Please use a different name to suppress this warning.
A parameter name that contains `gamma` will be renamed internally to `weight`. Please use a different name to suppress this warning.
A parameter name that contains `beta` will be renamed internally to `bias`. Please use a different name to suppress this warning.
A parameter name that contains `gamma` will be renamed internally to `weight`. Please use a different name to suppress this warning.
A parameter name that contains `beta` will be renamed internally to `bias`. Please use a different name to suppress this warning.
A parameter name that contains `gamma` will be renamed internally to `weight`. Please use a different name to suppress this warning.
A parameter name that contains `beta` will be renamed internally to `bias`. Please use a different name to suppress this warning.
A parameter name that contains `gamma` will be renamed internally to `weight`. Please use a different name to suppress this warning.
A parameter name that contains `beta` will be renamed internally to `bias`. Please use a different name to suppress this warning.
A parameter name that contains `gamma` will be renamed internally to `weight`. Please use a different name to suppress this warning.
A parameter name that contains `beta` will be renamed internally to `bias`. Please use a different name to suppress this warning.
A parameter name that contains `gamma` will be renamed internally to `weight`. Please use a different name to suppress this warning.
A parameter name that contains `beta` will be renamed internally to `bias`. Please use a different name to suppress this warning.
A parameter name that contains `gamma` will be renamed internally to `weight`. Please use a different name to suppress this warning.
A parameter name that contains `beta` will be renamed internally to `bias`. Please use a different name to suppress this warning.
A parameter name that contains `gamma` will be renamed internally to `weight`. Please use a different name to suppress this warning.
A parameter name that contains `beta` will be renamed internally to `bias`. Please use a different name to suppress this warning.
A parameter name that contains `gamma` will be renamed internally to `weight`. Please use a different name to suppress this warning.
A parameter name that contains `beta` will be renamed internally to `bias`. Please use a different name to suppress this warning.
A parameter name that contains `gamma` will be renamed internally to `weight`. Please use a different name to suppress this warning.
A parameter name that contains `beta` will be renamed internally to `bias`. Please use a different name to suppress this warning.
A parameter name that contains `gamma` will be renamed internally to `weight`. Please use a different name to suppress this warning.
A parameter name that contains `beta` will be renamed internally to `bias`. Please use a different name to suppress this warning.
A parameter name that contains `gamma` will be renamed internally to `weight`. Please use a different name to suppress this warning.
A parameter name that contains `beta` will be renamed internally to `bias`. Please use a different name to suppress this warning.
A parameter name that contains `gamma` will be renamed internally to `weight`. Please use a different name to suppress this warning.
A parameter name that contains `beta` will be renamed internally to `bias`. Please use a different name to suppress this warning.
A parameter name that contains `gamma` will be renamed internally to `weight`. Please use a different name to suppress this warning.
A parameter name that contains `beta` will be renamed internally to `bias`. Please use a different name to suppress this warning.
A parameter name that contains `gamma` will be renamed internally to `weight`. Please use a different name to suppress this warning.
A parameter name that contains `beta` will be renamed internally to `bias`. Please use a different name to suppress this warning.
A parameter name that contains `gamma` will be renamed internally to `weight`. Please use a different name to suppress this warning.
A parameter name that contains `beta` will be renamed internally to `bias`. Please use a different name to suppress this warning.
A parameter name that contains `gamma` will be renamed internally to `weight`. Please use a different name to suppress this warning.
A parameter name that contains `beta` will be renamed internally to `bias`. Please use a different name to suppress this warning.
A parameter name that contains `gamma` will be renamed internally to `weight`. Please use a different name to suppress this warning.
A parameter name that contains `beta` will be renamed internally to `bias`. Please use a different name to suppress this warning.
A parameter name that contains `gamma` will be renamed internally to `weight`. Please use a different name to suppress this warning.
A parameter name that contains `beta` will be renamed internally to `bias`. Please use a different name to suppress this warning.
A parameter name that contains `gamma` will be renamed internally to `weight`. Please use a different name to suppress this warning.
A parameter name that contains `beta` will be renamed internally to `bias`. Please use a different name to suppress this warning.
A parameter name that contains `gamma` will be renamed internally to `weight`. Please use a different name to suppress this warning.
A parameter name that contains `beta` will be renamed internally to `bias`. Please use a different name to suppress this warning.
A parameter name that contains `gamma` will be renamed internally to `weight`. Please use a different name to suppress this warning.
A parameter name that contains `beta` will be renamed internally to `bias`. Please use a different name to suppress this warning.
A parameter name that contains `gamma` will be renamed internally to `weight`. Please use a different name to suppress this warning.
A parameter name that contains `beta` will be renamed internally to `bias`. Please use a different name to suppress this warning.
A parameter name that contains `gamma` will be renamed internally to `weight`. Please use a different name to suppress this warning.
A parameter name that contains `beta` will be renamed internally to `bias`. Please use a different name to suppress this warning.
A parameter name that contains `gamma` will be renamed internally to `weight`. Please use a different name to suppress this warning.
A parameter name that contains `beta` will be renamed internally to `bias`. Please use a different name to suppress this warning.
A parameter name that contains `gamma` will be renamed internally to `weight`. Please use a different name to suppress this warning.
A parameter name that contains `beta` will be renamed internally to `bias`. Please use a different name to suppress this warning.
A parameter name that contains `gamma` will be renamed internally to `weight`. Please use a different name to suppress this warning.
A parameter name that contains `beta` will be renamed internally to `bias`. Please use a different name to suppress this warning.
A parameter name that contains `gamma` will be renamed internally to `weight`. Please use a different name to suppress this warning.
A parameter name that contains `beta` will be renamed internally to `bias`. Please use a different name to suppress this warning.
A parameter name that contains `gamma` will be renamed internally to `weight`. Please use a different name to suppress this warning.
A parameter name that contains `beta` will be renamed internally to `bias`. Please use a different name to suppress this warning.
A parameter name that contains `gamma` will be renamed internally to `weight`. Please use a different name to suppress this warning.
A parameter name that contains `beta` will be renamed internally to `bias`. Please use a different name to suppress this warning.
A parameter name that contains `gamma` will be renamed internally to `weight`. Please use a different name to suppress this warning.
A parameter name that contains `beta` will be renamed internally to `bias`. Please use a different name to suppress this warning.
A parameter name that contains `gamma` will be renamed internally to `weight`. Please use a different name to suppress this warning.
A parameter name that contains `beta` will be renamed internally to `bias`. Please use a different name to suppress this warning.
A parameter name that contains `gamma` will be renamed internally to `weight`. Please use a different name to suppress this warning.
A parameter name that contains `beta` will be renamed internally to `bias`. Please use a different name to suppress this warning.
A parameter name that contains `gamma` will be renamed internally to `weight`. Please use a different name to suppress this warning.
A parameter name that contains `beta` will be renamed internally to `bias`. Please use a different name to suppress this warning.
A parameter name that contains `gamma` will be renamed internally to `weight`. Please use a different name to suppress this warning.
/mnt/localssd/new_base_line/internship-causal-embedding/.venv/lib/python3.11/site-packages/transformers/tokenization_utils_base.py:1601: FutureWarning: `clean_up_tokenization_spaces` was not set. It will be set to `True` by default. This behavior will be depracted in transformers v4.45, and will be then set to `False` by default. For more details check this issue: https://github.com/huggingface/transformers/issues/31884
  warnings.warn(
A parameter name that contains `beta` will be renamed internally to `bias`. Please use a different name to suppress this warning.
A parameter name that contains `gamma` will be renamed internally to `weight`. Please use a different name to suppress this warning.
A parameter name that contains `beta` will be renamed internally to `bias`. Please use a different name to suppress this warning.
A parameter name that contains `gamma` will be renamed internally to `weight`. Please use a different name to suppress this warning.
A parameter name that contains `beta` will be renamed internally to `bias`. Please use a different name to suppress this warning.
A parameter name that contains `gamma` will be renamed internally to `weight`. Please use a different name to suppress this warning.
A parameter name that contains `beta` will be renamed internally to `bias`. Please use a different name to suppress this warning.
A parameter name that contains `gamma` will be renamed internally to `weight`. Please use a different name to suppress this warning.
A parameter name that contains `beta` will be renamed internally to `bias`. Please use a different name to suppress this warning.
A parameter name that contains `gamma` will be renamed internally to `weight`. Please use a different name to suppress this warning.
A parameter name that contains `beta` will be renamed internally to `bias`. Please use a different name to suppress this warning.
A parameter name that contains `gamma` will be renamed internally to `weight`. Please use a different name to suppress this warning.
A parameter name that contains `beta` will be renamed internally to `bias`. Please use a different name to suppress this warning.
A parameter name that contains `gamma` will be renamed internally to `weight`. Please use a different name to suppress this warning.
A parameter name that contains `beta` will be renamed internally to `bias`. Please use a different name to suppress this warning.
A parameter name that contains `gamma` will be renamed internally to `weight`. Please use a different name to suppress this warning.
A parameter name that contains `beta` will be renamed internally to `bias`. Please use a different name to suppress this warning.
A parameter name that contains `gamma` will be renamed internally to `weight`. Please use a different name to suppress this warning.
A parameter name that contains `beta` will be renamed internally to `bias`. Please use a different name to suppress this warning.
A parameter name that contains `gamma` will be renamed internally to `weight`. Please use a different name to suppress this warning.
A parameter name that contains `beta` will be renamed internally to `bias`. Please use a different name to suppress this warning.
A parameter name that contains `gamma` will be renamed internally to `weight`. Please use a different name to suppress this warning.
A parameter name that contains `beta` will be renamed internally to `bias`. Please use a different name to suppress this warning.
A parameter name that contains `gamma` will be renamed internally to `weight`. Please use a different name to suppress this warning.
A parameter name that contains `beta` will be renamed internally to `bias`. Please use a different name to suppress this warning.
A parameter name that contains `gamma` will be renamed internally to `weight`. Please use a different name to suppress this warning.
A parameter name that contains `beta` will be renamed internally to `bias`. Please use a different name to suppress this warning.
A parameter name that contains `gamma` will be renamed internally to `weight`. Please use a different name to suppress this warning.
A parameter name that contains `beta` will be renamed internally to `bias`. Please use a different name to suppress this warning.
A parameter name that contains `gamma` will be renamed internally to `weight`. Please use a different name to suppress this warning.
A parameter name that contains `beta` will be renamed internally to `bias`. Please use a different name to suppress this warning.
A parameter name that contains `gamma` will be renamed internally to `weight`. Please use a different name to suppress this warning.
A parameter name that contains `beta` will be renamed internally to `bias`. Please use a different name to suppress this warning.
A parameter name that contains `gamma` will be renamed internally to `weight`. Please use a different name to suppress this warning.
A parameter name that contains `beta` will be renamed internally to `bias`. Please use a different name to suppress this warning.
A parameter name that contains `gamma` will be renamed internally to `weight`. Please use a different name to suppress this warning.
A parameter name that contains `beta` will be renamed internally to `bias`. Please use a different name to suppress this warning.
A parameter name that contains `gamma` will be renamed internally to `weight`. Please use a different name to suppress this warning.
A parameter name that contains `beta` will be renamed internally to `bias`. Please use a different name to suppress this warning.
A parameter name that contains `gamma` will be renamed internally to `weight`. Please use a different name to suppress this warning.
A parameter name that contains `beta` will be renamed internally to `bias`. Please use a different name to suppress this warning.
A parameter name that contains `gamma` will be renamed internally to `weight`. Please use a different name to suppress this warning.
A parameter name that contains `beta` will be renamed internally to `bias`. Please use a different name to suppress this warning.
A parameter name that contains `gamma` will be renamed internally to `weight`. Please use a different name to suppress this warning.
A parameter name that contains `beta` will be renamed internally to `bias`. Please use a different name to suppress this warning.
A parameter name that contains `gamma` will be renamed internally to `weight`. Please use a different name to suppress this warning.
A parameter name that contains `beta` will be renamed internally to `bias`. Please use a different name to suppress this warning.
A parameter name that contains `gamma` will be renamed internally to `weight`. Please use a different name to suppress this warning.
A parameter name that contains `beta` will be renamed internally to `bias`. Please use a different name to suppress this warning.
A parameter name that contains `gamma` will be renamed internally to `weight`. Please use a different name to suppress this warning.
A parameter name that contains `beta` will be renamed internally to `bias`. Please use a different name to suppress this warning.
A parameter name that contains `gamma` will be renamed internally to `weight`. Please use a different name to suppress this warning.
[rerank] 5204 pairs  retriever=cde  device=cuda
[stage1] retrieval MRR=0.1308  R@1=0.064  R@10=0.262
[stage2] scoring 260200 pairs with CE qrecc_rerank …
[stage2] scoring 260200 pairs with CE qrecc_rerank_v2 …
[stage2] ensembled 2 CEs

 pool  blend      MRR     R@1     R@5    R@10
----------------------------------------------
   20   0.30   0.1490   0.082   0.218   0.280  <<
   20   0.50   0.1625   0.098   0.229   0.280  <<
   20   0.70   0.1678   0.108   0.224   0.278  <<
   50   0.30   0.1517   0.083   0.222   0.287
   50   0.50   0.1658   0.099   0.234   0.291
   50   0.70   0.1689   0.109   0.223   0.271  <<

[best] pool50_blend0.7  MRR=0.1689
[baseline BiEncoder MRR]  0.2748
[lift over baseline]      -38.5%  (target +10% = 0.3023  not yet)
[fused AUC vs 4 random negs]  0.8871
[fused AUC vs 4 hard negs]    0.7127
[saved] /mnt/localssd/new_base_line/internship-causal-embedding/my_work/kl/results/qrecc/rerank_eval.json
[13:21:54] ===== DONE qrecc =====
