encoder,dataset,model,tier_pair,n,acc
biencoder,aep_causal_cls34,deberta-v3-large,T1-T2,2,1.000000
biencoder,aep_causal_cls34,deberta-v3-large,T1-T3,10,0.700000
biencoder,aep_causal_cls34,deberta-v3-large,T1-T4,8,0.375000
biencoder,aep_causal_cls34,deberta-v3-large,T1-T5,20,0.100000
biencoder,aep_causal_cls34,deberta-v3-large,T1-T6,64,0.375000
biencoder,aep_causal_cls34,deberta-v3-large,T1-T7,6,0.666667
biencoder,aep_causal_cls34,deberta-v3-large,T1-T8,36,0.666667
biencoder,aep_causal_cls34,deberta-v3-large,T1-T9,12,0.750000
biencoder,aep_causal_cls34,deberta-v3-large,T1-T10,4,0.250000
biencoder,aep_causal_cls34,deberta-v3-large,T1-T11,24,0.583333
biencoder,aep_causal_cls34,deberta-v3-large,T1-T12,8,0.625000
biencoder,aep_causal_cls34,deberta-v3-large,T1-T13,8,0.375000
biencoder,aep_causal_cls34,deberta-v3-large,T1-T14,2,0.500000
biencoder,aep_causal_cls34,deberta-v3-large,T1-T15,28,0.642857
biencoder,aep_causal_cls34,deberta-v3-large,T2-T3,5,0.200000
biencoder,aep_causal_cls34,deberta-v3-large,T2-T4,4,0.250000
biencoder,aep_causal_cls34,deberta-v3-large,T2-T5,10,0.000000
biencoder,aep_causal_cls34,deberta-v3-large,T2-T6,32,0.125000
biencoder,aep_causal_cls34,deberta-v3-large,T2-T7,3,0.000000
biencoder,aep_causal_cls34,deberta-v3-large,T2-T8,18,0.277778
biencoder,aep_causal_cls34,deberta-v3-large,T2-T9,6,0.166667
biencoder,aep_causal_cls34,deberta-v3-large,T2-T10,2,0.500000
biencoder,aep_causal_cls34,deberta-v3-large,T2-T11,12,0.500000
biencoder,aep_causal_cls34,deberta-v3-large,T2-T12,4,0.500000
biencoder,aep_causal_cls34,deberta-v3-large,T2-T13,4,0.750000
biencoder,aep_causal_cls34,deberta-v3-large,T2-T14,1,1.000000
biencoder,aep_causal_cls34,deberta-v3-large,T2-T15,14,0.500000
biencoder,aep_causal_cls34,deberta-v3-large,T3-T4,20,0.250000
biencoder,aep_causal_cls34,deberta-v3-large,T3-T5,50,0.080000
biencoder,aep_causal_cls34,deberta-v3-large,T3-T6,160,0.225000
biencoder,aep_causal_cls34,deberta-v3-large,T3-T7,15,0.466667
biencoder,aep_causal_cls34,deberta-v3-large,T3-T8,90,0.444444
biencoder,aep_causal_cls34,deberta-v3-large,T3-T9,30,0.466667
biencoder,aep_causal_cls34,deberta-v3-large,T3-T10,10,0.300000
biencoder,aep_causal_cls34,deberta-v3-large,T3-T11,60,0.366667
biencoder,aep_causal_cls34,deberta-v3-large,T3-T12,20,0.750000
biencoder,aep_causal_cls34,deberta-v3-large,T3-T13,20,0.550000
biencoder,aep_causal_cls34,deberta-v3-large,T3-T14,5,0.600000
biencoder,aep_causal_cls34,deberta-v3-large,T3-T15,70,0.485714
biencoder,aep_causal_cls34,deberta-v3-large,T4-T5,40,0.275000
biencoder,aep_causal_cls34,deberta-v3-large,T4-T6,128,0.500000
biencoder,aep_causal_cls34,deberta-v3-large,T4-T7,12,0.583333
biencoder,aep_causal_cls34,deberta-v3-large,T4-T8,72,0.652778
biencoder,aep_causal_cls34,deberta-v3-large,T4-T9,24,0.750000
biencoder,aep_causal_cls34,deberta-v3-large,T4-T10,8,0.750000
biencoder,aep_causal_cls34,deberta-v3-large,T4-T11,48,0.625000
biencoder,aep_causal_cls34,deberta-v3-large,T4-T12,16,0.875000
biencoder,aep_causal_cls34,deberta-v3-large,T4-T13,16,0.687500
biencoder,aep_causal_cls34,deberta-v3-large,T4-T14,4,1.000000
biencoder,aep_causal_cls34,deberta-v3-large,T4-T15,56,0.696429
biencoder,aep_causal_cls34,deberta-v3-large,T5-T6,320,0.696875
biencoder,aep_causal_cls34,deberta-v3-large,T5-T7,30,0.766667
biencoder,aep_causal_cls34,deberta-v3-large,T5-T8,180,0.827778
biencoder,aep_causal_cls34,deberta-v3-large,T5-T9,60,0.883333
biencoder,aep_causal_cls34,deberta-v3-large,T5-T10,20,0.550000
biencoder,aep_causal_cls34,deberta-v3-large,T5-T11,120,0.841667
biencoder,aep_causal_cls34,deberta-v3-large,T5-T12,40,1.000000
biencoder,aep_causal_cls34,deberta-v3-large,T5-T13,40,0.850000
biencoder,aep_causal_cls34,deberta-v3-large,T5-T14,10,1.000000
biencoder,aep_causal_cls34,deberta-v3-large,T5-T15,140,0.814286
biencoder,aep_causal_cls34,deberta-v3-large,T6-T7,96,0.625000
biencoder,aep_causal_cls34,deberta-v3-large,T6-T8,576,0.703125
biencoder,aep_causal_cls34,deberta-v3-large,T6-T9,192,0.791667
biencoder,aep_causal_cls34,deberta-v3-large,T6-T10,64,0.562500
biencoder,aep_causal_cls34,deberta-v3-large,T6-T11,384,0.739583
biencoder,aep_causal_cls34,deberta-v3-large,T6-T12,128,0.867188
biencoder,aep_causal_cls34,deberta-v3-large,T6-T13,128,0.718750
biencoder,aep_causal_cls34,deberta-v3-large,T6-T14,32,0.906250
biencoder,aep_causal_cls34,deberta-v3-large,T6-T15,448,0.729911
biencoder,aep_causal_cls34,deberta-v3-large,T7-T8,54,0.462963
biencoder,aep_causal_cls34,deberta-v3-large,T7-T9,18,0.611111
biencoder,aep_causal_cls34,deberta-v3-large,T7-T10,6,0.500000
biencoder,aep_causal_cls34,deberta-v3-large,T7-T11,36,0.555556
biencoder,aep_causal_cls34,deberta-v3-large,T7-T12,12,0.666667
biencoder,aep_causal_cls34,deberta-v3-large,T7-T13,12,0.416667
biencoder,aep_causal_cls34,deberta-v3-large,T7-T14,3,1.000000
biencoder,aep_causal_cls34,deberta-v3-large,T7-T15,42,0.547619
biencoder,aep_causal_cls34,deberta-v3-large,T8-T9,108,0.509259
biencoder,aep_causal_cls34,deberta-v3-large,T8-T10,36,0.416667
biencoder,aep_causal_cls34,deberta-v3-large,T8-T11,216,0.597222
biencoder,aep_causal_cls34,deberta-v3-large,T8-T12,72,0.694444
biencoder,aep_causal_cls34,deberta-v3-large,T8-T13,72,0.500000
biencoder,aep_causal_cls34,deberta-v3-large,T8-T14,18,0.777778
biencoder,aep_causal_cls34,deberta-v3-large,T8-T15,252,0.496032
biencoder,aep_causal_cls34,deberta-v3-large,T9-T10,12,0.166667
biencoder,aep_causal_cls34,deberta-v3-large,T9-T11,72,0.472222
biencoder,aep_causal_cls34,deberta-v3-large,T9-T12,24,0.541667
biencoder,aep_causal_cls34,deberta-v3-large,T9-T13,24,0.416667
biencoder,aep_causal_cls34,deberta-v3-large,T9-T14,6,0.333333
biencoder,aep_causal_cls34,deberta-v3-large,T9-T15,84,0.416667
biencoder,aep_causal_cls34,deberta-v3-large,T10-T11,24,0.666667
biencoder,aep_causal_cls34,deberta-v3-large,T10-T12,8,0.500000
biencoder,aep_causal_cls34,deberta-v3-large,T10-T13,8,0.500000
biencoder,aep_causal_cls34,deberta-v3-large,T10-T14,2,1.000000
biencoder,aep_causal_cls34,deberta-v3-large,T10-T15,28,0.642857
biencoder,aep_causal_cls34,deberta-v3-large,T11-T12,48,0.625000
biencoder,aep_causal_cls34,deberta-v3-large,T11-T13,48,0.541667
biencoder,aep_causal_cls34,deberta-v3-large,T11-T14,12,0.750000
biencoder,aep_causal_cls34,deberta-v3-large,T11-T15,168,0.464286
biencoder,aep_causal_cls34,deberta-v3-large,T12-T13,16,0.500000
biencoder,aep_causal_cls34,deberta-v3-large,T12-T14,4,0.000000
biencoder,aep_causal_cls34,deberta-v3-large,T12-T15,56,0.339286
biencoder,aep_causal_cls34,deberta-v3-large,T13-T14,4,0.750000
biencoder,aep_causal_cls34,deberta-v3-large,T13-T15,56,0.482143
biencoder,aep_causal_cls34,deberta-v3-large,T14-T15,14,0.571429
biencoder,aep_causal_cls34,all-mpnet-base-v2,T1-T2,2,1.000000
biencoder,aep_causal_cls34,all-mpnet-base-v2,T1-T3,10,1.000000
biencoder,aep_causal_cls34,all-mpnet-base-v2,T1-T4,8,1.000000
biencoder,aep_causal_cls34,all-mpnet-base-v2,T1-T5,20,1.000000
biencoder,aep_causal_cls34,all-mpnet-base-v2,T1-T6,64,1.000000
biencoder,aep_causal_cls34,all-mpnet-base-v2,T1-T7,6,1.000000
biencoder,aep_causal_cls34,all-mpnet-base-v2,T1-T8,36,1.000000
biencoder,aep_causal_cls34,all-mpnet-base-v2,T1-T9,12,1.000000
biencoder,aep_causal_cls34,all-mpnet-base-v2,T1-T10,4,1.000000
biencoder,aep_causal_cls34,all-mpnet-base-v2,T1-T11,24,1.000000
biencoder,aep_causal_cls34,all-mpnet-base-v2,T1-T12,8,1.000000
biencoder,aep_causal_cls34,all-mpnet-base-v2,T1-T13,8,1.000000
biencoder,aep_causal_cls34,all-mpnet-base-v2,T1-T14,2,1.000000
biencoder,aep_causal_cls34,all-mpnet-base-v2,T1-T15,28,1.000000
biencoder,aep_causal_cls34,all-mpnet-base-v2,T2-T3,5,1.000000
biencoder,aep_causal_cls34,all-mpnet-base-v2,T2-T4,4,1.000000
biencoder,aep_causal_cls34,all-mpnet-base-v2,T2-T5,10,1.000000
biencoder,aep_causal_cls34,all-mpnet-base-v2,T2-T6,32,1.000000
biencoder,aep_causal_cls34,all-mpnet-base-v2,T2-T7,3,1.000000
biencoder,aep_causal_cls34,all-mpnet-base-v2,T2-T8,18,1.000000
biencoder,aep_causal_cls34,all-mpnet-base-v2,T2-T9,6,1.000000
biencoder,aep_causal_cls34,all-mpnet-base-v2,T2-T10,2,1.000000
biencoder,aep_causal_cls34,all-mpnet-base-v2,T2-T11,12,1.000000
biencoder,aep_causal_cls34,all-mpnet-base-v2,T2-T12,4,1.000000
biencoder,aep_causal_cls34,all-mpnet-base-v2,T2-T13,4,1.000000
biencoder,aep_causal_cls34,all-mpnet-base-v2,T2-T14,1,1.000000
biencoder,aep_causal_cls34,all-mpnet-base-v2,T2-T15,14,1.000000
biencoder,aep_causal_cls34,all-mpnet-base-v2,T3-T4,20,0.900000
biencoder,aep_causal_cls34,all-mpnet-base-v2,T3-T5,50,0.860000
biencoder,aep_causal_cls34,all-mpnet-base-v2,T3-T6,160,0.881250
biencoder,aep_causal_cls34,all-mpnet-base-v2,T3-T7,15,0.800000
biencoder,aep_causal_cls34,all-mpnet-base-v2,T3-T8,90,0.911111
biencoder,aep_causal_cls34,all-mpnet-base-v2,T3-T9,30,1.000000
biencoder,aep_causal_cls34,all-mpnet-base-v2,T3-T10,10,1.000000
biencoder,aep_causal_cls34,all-mpnet-base-v2,T3-T11,60,0.950000
biencoder,aep_causal_cls34,all-mpnet-base-v2,T3-T12,20,1.000000
biencoder,aep_causal_cls34,all-mpnet-base-v2,T3-T13,20,1.000000
biencoder,aep_causal_cls34,all-mpnet-base-v2,T3-T14,5,1.000000
biencoder,aep_causal_cls34,all-mpnet-base-v2,T3-T15,70,1.000000
biencoder,aep_causal_cls34,all-mpnet-base-v2,T4-T5,40,0.425000
biencoder,aep_causal_cls34,all-mpnet-base-v2,T4-T6,128,0.515625
biencoder,aep_causal_cls34,all-mpnet-base-v2,T4-T7,12,0.750000
biencoder,aep_causal_cls34,all-mpnet-base-v2,T4-T8,72,0.750000
biencoder,aep_causal_cls34,all-mpnet-base-v2,T4-T9,24,0.875000
biencoder,aep_causal_cls34,all-mpnet-base-v2,T4-T10,8,1.000000
biencoder,aep_causal_cls34,all-mpnet-base-v2,T4-T11,48,0.750000
biencoder,aep_causal_cls34,all-mpnet-base-v2,T4-T12,16,0.937500
biencoder,aep_causal_cls34,all-mpnet-base-v2,T4-T13,16,0.687500
biencoder,aep_causal_cls34,all-mpnet-base-v2,T4-T14,4,0.750000
biencoder,aep_causal_cls34,all-mpnet-base-v2,T4-T15,56,0.875000
biencoder,aep_causal_cls34,all-mpnet-base-v2,T5-T6,320,0.821875
biencoder,aep_causal_cls34,all-mpnet-base-v2,T5-T7,30,1.000000
biencoder,aep_causal_cls34,all-mpnet-base-v2,T5-T8,180,0.944444
biencoder,aep_causal_cls34,all-mpnet-base-v2,T5-T9,60,0.983333
biencoder,aep_causal_cls34,all-mpnet-base-v2,T5-T10,20,1.000000
biencoder,aep_causal_cls34,all-mpnet-base-v2,T5-T11,120,0.975000
biencoder,aep_causal_cls34,all-mpnet-base-v2,T5-T12,40,1.000000
biencoder,aep_causal_cls34,all-mpnet-base-v2,T5-T13,40,1.000000
biencoder,aep_causal_cls34,all-mpnet-base-v2,T5-T14,10,0.900000
biencoder,aep_causal_cls34,all-mpnet-base-v2,T5-T15,140,0.964286
biencoder,aep_causal_cls34,all-mpnet-base-v2,T6-T7,96,0.937500
biencoder,aep_causal_cls34,all-mpnet-base-v2,T6-T8,576,0.935764
biencoder,aep_causal_cls34,all-mpnet-base-v2,T6-T9,192,0.968750
biencoder,aep_causal_cls34,all-mpnet-base-v2,T6-T10,64,0.968750
biencoder,aep_causal_cls34,all-mpnet-base-v2,T6-T11,384,0.895833
biencoder,aep_causal_cls34,all-mpnet-base-v2,T6-T12,128,0.984375
biencoder,aep_causal_cls34,all-mpnet-base-v2,T6-T13,128,0.960938
biencoder,aep_causal_cls34,all-mpnet-base-v2,T6-T14,32,0.875000
biencoder,aep_causal_cls34,all-mpnet-base-v2,T6-T15,448,0.930804
biencoder,aep_causal_cls34,all-mpnet-base-v2,T7-T8,54,0.444444
biencoder,aep_causal_cls34,all-mpnet-base-v2,T7-T9,18,0.666667
biencoder,aep_causal_cls34,all-mpnet-base-v2,T7-T10,6,0.666667
biencoder,aep_causal_cls34,all-mpnet-base-v2,T7-T11,36,0.583333
biencoder,aep_causal_cls34,all-mpnet-base-v2,T7-T12,12,0.666667
biencoder,aep_causal_cls34,all-mpnet-base-v2,T7-T13,12,0.666667
biencoder,aep_causal_cls34,all-mpnet-base-v2,T7-T14,3,0.000000
biencoder,aep_causal_cls34,all-mpnet-base-v2,T7-T15,42,0.857143
biencoder,aep_causal_cls34,all-mpnet-base-v2,T8-T9,108,0.972222
biencoder,aep_causal_cls34,all-mpnet-base-v2,T8-T10,36,1.000000
biencoder,aep_causal_cls34,all-mpnet-base-v2,T8-T11,216,0.819444
biencoder,aep_causal_cls34,all-mpnet-base-v2,T8-T12,72,0.958333
biencoder,aep_causal_cls34,all-mpnet-base-v2,T8-T13,72,0.916667
biencoder,aep_causal_cls34,all-mpnet-base-v2,T8-T14,18,0.000000
biencoder,aep_causal_cls34,all-mpnet-base-v2,T8-T15,252,0.861111
biencoder,aep_causal_cls34,all-mpnet-base-v2,T9-T10,12,1.000000
biencoder,aep_causal_cls34,all-mpnet-base-v2,T9-T11,72,0.805556
biencoder,aep_causal_cls34,all-mpnet-base-v2,T9-T12,24,0.875000
biencoder,aep_causal_cls34,all-mpnet-base-v2,T9-T13,24,1.000000
biencoder,aep_causal_cls34,all-mpnet-base-v2,T9-T14,6,0.000000
biencoder,aep_causal_cls34,all-mpnet-base-v2,T9-T15,84,0.833333
biencoder,aep_causal_cls34,all-mpnet-base-v2,T10-T11,24,0.791667
biencoder,aep_causal_cls34,all-mpnet-base-v2,T10-T12,8,0.875000
biencoder,aep_causal_cls34,all-mpnet-base-v2,T10-T13,8,1.000000
biencoder,aep_causal_cls34,all-mpnet-base-v2,T10-T14,2,0.000000
biencoder,aep_causal_cls34,all-mpnet-base-v2,T10-T15,28,0.857143
biencoder,aep_causal_cls34,all-mpnet-base-v2,T11-T12,48,0.770833
biencoder,aep_causal_cls34,all-mpnet-base-v2,T11-T13,48,1.000000
biencoder,aep_causal_cls34,all-mpnet-base-v2,T11-T14,12,0.083333
biencoder,aep_causal_cls34,all-mpnet-base-v2,T11-T15,168,0.880952
biencoder,aep_causal_cls34,all-mpnet-base-v2,T12-T13,16,0.937500
biencoder,aep_causal_cls34,all-mpnet-base-v2,T12-T14,4,0.000000
biencoder,aep_causal_cls34,all-mpnet-base-v2,T12-T15,56,0.875000
biencoder,aep_causal_cls34,all-mpnet-base-v2,T13-T14,4,0.000000
biencoder,aep_causal_cls34,all-mpnet-base-v2,T13-T15,56,0.910714
biencoder,aep_causal_cls34,all-mpnet-base-v2,T14-T15,14,0.928571
biencoder,aep_causal_cls34,all-MiniLM-L6-v2,T1-T2,2,0.500000
biencoder,aep_causal_cls34,all-MiniLM-L6-v2,T1-T3,10,0.600000
biencoder,aep_causal_cls34,all-MiniLM-L6-v2,T1-T4,8,0.750000
biencoder,aep_causal_cls34,all-MiniLM-L6-v2,T1-T5,20,0.550000
biencoder,aep_causal_cls34,all-MiniLM-L6-v2,T1-T6,64,0.609375
biencoder,aep_causal_cls34,all-MiniLM-L6-v2,T1-T7,6,0.833333
biencoder,aep_causal_cls34,all-MiniLM-L6-v2,T1-T8,36,0.944444
biencoder,aep_causal_cls34,all-MiniLM-L6-v2,T1-T9,12,1.000000
biencoder,aep_causal_cls34,all-MiniLM-L6-v2,T1-T10,4,1.000000
biencoder,aep_causal_cls34,all-MiniLM-L6-v2,T1-T11,24,0.916667
biencoder,aep_causal_cls34,all-MiniLM-L6-v2,T1-T12,8,1.000000
biencoder,aep_causal_cls34,all-MiniLM-L6-v2,T1-T13,8,0.750000
biencoder,aep_causal_cls34,all-MiniLM-L6-v2,T1-T14,2,0.500000
biencoder,aep_causal_cls34,all-MiniLM-L6-v2,T1-T15,28,1.000000
biencoder,aep_causal_cls34,all-MiniLM-L6-v2,T2-T3,5,1.000000
biencoder,aep_causal_cls34,all-MiniLM-L6-v2,T2-T4,4,1.000000
biencoder,aep_causal_cls34,all-MiniLM-L6-v2,T2-T5,10,1.000000
biencoder,aep_causal_cls34,all-MiniLM-L6-v2,T2-T6,32,1.000000
biencoder,aep_causal_cls34,all-MiniLM-L6-v2,T2-T7,3,1.000000
biencoder,aep_causal_cls34,all-MiniLM-L6-v2,T2-T8,18,1.000000
biencoder,aep_causal_cls34,all-MiniLM-L6-v2,T2-T9,6,1.000000
biencoder,aep_causal_cls34,all-MiniLM-L6-v2,T2-T10,2,1.000000
biencoder,aep_causal_cls34,all-MiniLM-L6-v2,T2-T11,12,1.000000
biencoder,aep_causal_cls34,all-MiniLM-L6-v2,T2-T12,4,1.000000
biencoder,aep_causal_cls34,all-MiniLM-L6-v2,T2-T13,4,1.000000
biencoder,aep_causal_cls34,all-MiniLM-L6-v2,T2-T14,1,1.000000
biencoder,aep_causal_cls34,all-MiniLM-L6-v2,T2-T15,14,1.000000
biencoder,aep_causal_cls34,all-MiniLM-L6-v2,T3-T4,20,0.800000
biencoder,aep_causal_cls34,all-MiniLM-L6-v2,T3-T5,50,0.620000
biencoder,aep_causal_cls34,all-MiniLM-L6-v2,T3-T6,160,0.750000
biencoder,aep_causal_cls34,all-MiniLM-L6-v2,T3-T7,15,0.733333
biencoder,aep_causal_cls34,all-MiniLM-L6-v2,T3-T8,90,0.844444
biencoder,aep_causal_cls34,all-MiniLM-L6-v2,T3-T9,30,0.833333
biencoder,aep_causal_cls34,all-MiniLM-L6-v2,T3-T10,10,0.800000
biencoder,aep_causal_cls34,all-MiniLM-L6-v2,T3-T11,60,0.950000
biencoder,aep_causal_cls34,all-MiniLM-L6-v2,T3-T12,20,0.950000
biencoder,aep_causal_cls34,all-MiniLM-L6-v2,T3-T13,20,1.000000
biencoder,aep_causal_cls34,all-MiniLM-L6-v2,T3-T14,5,0.800000
biencoder,aep_causal_cls34,all-MiniLM-L6-v2,T3-T15,70,1.000000
biencoder,aep_causal_cls34,all-MiniLM-L6-v2,T4-T5,40,0.625000
biencoder,aep_causal_cls34,all-MiniLM-L6-v2,T4-T6,128,0.718750
biencoder,aep_causal_cls34,all-MiniLM-L6-v2,T4-T7,12,0.833333
biencoder,aep_causal_cls34,all-MiniLM-L6-v2,T4-T8,72,0.736111
biencoder,aep_causal_cls34,all-MiniLM-L6-v2,T4-T9,24,0.791667
biencoder,aep_causal_cls34,all-MiniLM-L6-v2,T4-T10,8,0.750000
biencoder,aep_causal_cls34,all-MiniLM-L6-v2,T4-T11,48,0.812500
biencoder,aep_causal_cls34,all-MiniLM-L6-v2,T4-T12,16,0.875000
biencoder,aep_causal_cls34,all-MiniLM-L6-v2,T4-T13,16,0.875000
biencoder,aep_causal_cls34,all-MiniLM-L6-v2,T4-T14,4,0.750000
biencoder,aep_causal_cls34,all-MiniLM-L6-v2,T4-T15,56,0.928571
biencoder,aep_causal_cls34,all-MiniLM-L6-v2,T5-T6,320,0.846875
biencoder,aep_causal_cls34,all-MiniLM-L6-v2,T5-T7,30,0.966667
biencoder,aep_causal_cls34,all-MiniLM-L6-v2,T5-T8,180,0.922222
biencoder,aep_causal_cls34,all-MiniLM-L6-v2,T5-T9,60,0.983333
biencoder,aep_causal_cls34,all-MiniLM-L6-v2,T5-T10,20,1.000000
biencoder,aep_causal_cls34,all-MiniLM-L6-v2,T5-T11,120,0.975000
biencoder,aep_causal_cls34,all-MiniLM-L6-v2,T5-T12,40,1.000000
biencoder,aep_causal_cls34,all-MiniLM-L6-v2,T5-T13,40,1.000000
biencoder,aep_causal_cls34,all-MiniLM-L6-v2,T5-T14,10,0.900000
biencoder,aep_causal_cls34,all-MiniLM-L6-v2,T5-T15,140,0.978571
biencoder,aep_causal_cls34,all-MiniLM-L6-v2,T6-T7,96,0.927083
biencoder,aep_causal_cls34,all-MiniLM-L6-v2,T6-T8,576,0.899306
biencoder,aep_causal_cls34,all-MiniLM-L6-v2,T6-T9,192,0.937500
biencoder,aep_causal_cls34,all-MiniLM-L6-v2,T6-T10,64,0.906250
biencoder,aep_causal_cls34,all-MiniLM-L6-v2,T6-T11,384,0.895833
biencoder,aep_causal_cls34,all-MiniLM-L6-v2,T6-T12,128,0.953125
biencoder,aep_causal_cls34,all-MiniLM-L6-v2,T6-T13,128,0.992188
biencoder,aep_causal_cls34,all-MiniLM-L6-v2,T6-T14,32,0.875000
biencoder,aep_causal_cls34,all-MiniLM-L6-v2,T6-T15,448,0.957589
biencoder,aep_causal_cls34,all-MiniLM-L6-v2,T7-T8,54,0.592593
biencoder,aep_causal_cls34,all-MiniLM-L6-v2,T7-T9,18,0.666667
biencoder,aep_causal_cls34,all-MiniLM-L6-v2,T7-T10,6,0.666667
biencoder,aep_causal_cls34,all-MiniLM-L6-v2,T7-T11,36,0.611111
biencoder,aep_causal_cls34,all-MiniLM-L6-v2,T7-T12,12,0.666667
biencoder,aep_causal_cls34,all-MiniLM-L6-v2,T7-T13,12,0.666667
biencoder,aep_causal_cls34,all-MiniLM-L6-v2,T7-T14,3,0.000000
biencoder,aep_causal_cls34,all-MiniLM-L6-v2,T7-T15,42,0.761905
biencoder,aep_causal_cls34,all-MiniLM-L6-v2,T8-T9,108,0.842593
biencoder,aep_causal_cls34,all-MiniLM-L6-v2,T8-T10,36,0.666667
biencoder,aep_causal_cls34,all-MiniLM-L6-v2,T8-T11,216,0.856481
biencoder,aep_causal_cls34,all-MiniLM-L6-v2,T8-T12,72,0.847222
biencoder,aep_causal_cls34,all-MiniLM-L6-v2,T8-T13,72,0.986111
biencoder,aep_causal_cls34,all-MiniLM-L6-v2,T8-T14,18,0.111111
biencoder,aep_causal_cls34,all-MiniLM-L6-v2,T8-T15,252,0.912698
biencoder,aep_causal_cls34,all-MiniLM-L6-v2,T9-T10,12,1.000000
biencoder,aep_causal_cls34,all-MiniLM-L6-v2,T9-T11,72,0.805556
biencoder,aep_causal_cls34,all-MiniLM-L6-v2,T9-T12,24,0.833333
biencoder,aep_causal_cls34,all-MiniLM-L6-v2,T9-T13,24,1.000000
biencoder,aep_causal_cls34,all-MiniLM-L6-v2,T9-T14,6,0.000000
biencoder,aep_causal_cls34,all-MiniLM-L6-v2,T9-T15,84,0.845238
biencoder,aep_causal_cls34,all-MiniLM-L6-v2,T10-T11,24,0.708333
biencoder,aep_causal_cls34,all-MiniLM-L6-v2,T10-T12,8,0.875000
biencoder,aep_causal_cls34,all-MiniLM-L6-v2,T10-T13,8,1.000000
biencoder,aep_causal_cls34,all-MiniLM-L6-v2,T10-T14,2,0.000000
biencoder,aep_causal_cls34,all-MiniLM-L6-v2,T10-T15,28,0.892857
biencoder,aep_causal_cls34,all-MiniLM-L6-v2,T11-T12,48,0.729167
biencoder,aep_causal_cls34,all-MiniLM-L6-v2,T11-T13,48,0.958333
biencoder,aep_causal_cls34,all-MiniLM-L6-v2,T11-T14,12,0.083333
biencoder,aep_causal_cls34,all-MiniLM-L6-v2,T11-T15,168,0.898810
biencoder,aep_causal_cls34,all-MiniLM-L6-v2,T12-T13,16,1.000000
biencoder,aep_causal_cls34,all-MiniLM-L6-v2,T12-T14,4,0.250000
biencoder,aep_causal_cls34,all-MiniLM-L6-v2,T12-T15,56,0.857143
biencoder,aep_causal_cls34,all-MiniLM-L6-v2,T13-T14,4,0.000000
biencoder,aep_causal_cls34,all-MiniLM-L6-v2,T13-T15,56,0.892857
biencoder,aep_causal_cls34,all-MiniLM-L6-v2,T14-T15,14,0.928571
biencoder,aep_causal_cls34,e5-large-v2,T1-T2,2,1.000000
biencoder,aep_causal_cls34,e5-large-v2,T1-T3,10,1.000000
biencoder,aep_causal_cls34,e5-large-v2,T1-T4,8,1.000000
biencoder,aep_causal_cls34,e5-large-v2,T1-T5,20,1.000000
biencoder,aep_causal_cls34,e5-large-v2,T1-T6,64,1.000000
biencoder,aep_causal_cls34,e5-large-v2,T1-T7,6,1.000000
biencoder,aep_causal_cls34,e5-large-v2,T1-T8,36,1.000000
biencoder,aep_causal_cls34,e5-large-v2,T1-T9,12,1.000000
biencoder,aep_causal_cls34,e5-large-v2,T1-T10,4,1.000000
biencoder,aep_causal_cls34,e5-large-v2,T1-T11,24,1.000000
biencoder,aep_causal_cls34,e5-large-v2,T1-T12,8,1.000000
biencoder,aep_causal_cls34,e5-large-v2,T1-T13,8,1.000000
biencoder,aep_causal_cls34,e5-large-v2,T1-T14,2,1.000000
biencoder,aep_causal_cls34,e5-large-v2,T1-T15,28,1.000000
biencoder,aep_causal_cls34,e5-large-v2,T2-T3,5,1.000000
biencoder,aep_causal_cls34,e5-large-v2,T2-T4,4,1.000000
biencoder,aep_causal_cls34,e5-large-v2,T2-T5,10,1.000000
biencoder,aep_causal_cls34,e5-large-v2,T2-T6,32,1.000000
biencoder,aep_causal_cls34,e5-large-v2,T2-T7,3,1.000000
biencoder,aep_causal_cls34,e5-large-v2,T2-T8,18,1.000000
biencoder,aep_causal_cls34,e5-large-v2,T2-T9,6,1.000000
biencoder,aep_causal_cls34,e5-large-v2,T2-T10,2,1.000000
biencoder,aep_causal_cls34,e5-large-v2,T2-T11,12,1.000000
biencoder,aep_causal_cls34,e5-large-v2,T2-T12,4,1.000000
biencoder,aep_causal_cls34,e5-large-v2,T2-T13,4,1.000000
biencoder,aep_causal_cls34,e5-large-v2,T2-T14,1,1.000000
biencoder,aep_causal_cls34,e5-large-v2,T2-T15,14,1.000000
biencoder,aep_causal_cls34,e5-large-v2,T3-T4,20,0.750000
biencoder,aep_causal_cls34,e5-large-v2,T3-T5,50,0.580000
biencoder,aep_causal_cls34,e5-large-v2,T3-T6,160,0.625000
biencoder,aep_causal_cls34,e5-large-v2,T3-T7,15,0.800000
biencoder,aep_causal_cls34,e5-large-v2,T3-T8,90,0.833333
biencoder,aep_causal_cls34,e5-large-v2,T3-T9,30,0.800000
biencoder,aep_causal_cls34,e5-large-v2,T3-T10,10,0.900000
biencoder,aep_causal_cls34,e5-large-v2,T3-T11,60,0.950000
biencoder,aep_causal_cls34,e5-large-v2,T3-T12,20,1.000000
biencoder,aep_causal_cls34,e5-large-v2,T3-T13,20,1.000000
biencoder,aep_causal_cls34,e5-large-v2,T3-T14,5,0.600000
biencoder,aep_causal_cls34,e5-large-v2,T3-T15,70,0.885714
biencoder,aep_causal_cls34,e5-large-v2,T4-T5,40,0.525000
biencoder,aep_causal_cls34,e5-large-v2,T4-T6,128,0.601562
biencoder,aep_causal_cls34,e5-large-v2,T4-T7,12,0.833333
biencoder,aep_causal_cls34,e5-large-v2,T4-T8,72,0.736111
biencoder,aep_causal_cls34,e5-large-v2,T4-T9,24,0.708333
biencoder,aep_causal_cls34,e5-large-v2,T4-T10,8,0.875000
biencoder,aep_causal_cls34,e5-large-v2,T4-T11,48,0.875000
biencoder,aep_causal_cls34,e5-large-v2,T4-T12,16,0.875000
biencoder,aep_causal_cls34,e5-large-v2,T4-T13,16,0.875000
biencoder,aep_causal_cls34,e5-large-v2,T4-T14,4,0.750000
biencoder,aep_causal_cls34,e5-large-v2,T4-T15,56,0.892857
biencoder,aep_causal_cls34,e5-large-v2,T5-T6,320,0.828125
biencoder,aep_causal_cls34,e5-large-v2,T5-T7,30,0.933333
biencoder,aep_causal_cls34,e5-large-v2,T5-T8,180,0.933333
biencoder,aep_causal_cls34,e5-large-v2,T5-T9,60,1.000000
biencoder,aep_causal_cls34,e5-large-v2,T5-T10,20,1.000000
biencoder,aep_causal_cls34,e5-large-v2,T5-T11,120,0.975000
biencoder,aep_causal_cls34,e5-large-v2,T5-T12,40,1.000000
biencoder,aep_causal_cls34,e5-large-v2,T5-T13,40,1.000000
biencoder,aep_causal_cls34,e5-large-v2,T5-T14,10,0.900000
biencoder,aep_causal_cls34,e5-large-v2,T5-T15,140,0.942857
biencoder,aep_causal_cls34,e5-large-v2,T6-T7,96,0.968750
biencoder,aep_causal_cls34,e5-large-v2,T6-T8,576,0.925347
biencoder,aep_causal_cls34,e5-large-v2,T6-T9,192,0.901042
biencoder,aep_causal_cls34,e5-large-v2,T6-T10,64,0.968750
biencoder,aep_causal_cls34,e5-large-v2,T6-T11,384,0.921875
biencoder,aep_causal_cls34,e5-large-v2,T6-T12,128,0.992188
biencoder,aep_causal_cls34,e5-large-v2,T6-T13,128,1.000000
biencoder,aep_causal_cls34,e5-large-v2,T6-T14,32,0.906250
biencoder,aep_causal_cls34,e5-large-v2,T6-T15,448,0.906250
biencoder,aep_causal_cls34,e5-large-v2,T7-T8,54,0.574074
biencoder,aep_causal_cls34,e5-large-v2,T7-T9,18,0.555556
biencoder,aep_causal_cls34,e5-large-v2,T7-T10,6,0.666667
biencoder,aep_causal_cls34,e5-large-v2,T7-T11,36,0.583333
biencoder,aep_causal_cls34,e5-large-v2,T7-T12,12,0.666667
biencoder,aep_causal_cls34,e5-large-v2,T7-T13,12,0.666667
biencoder,aep_causal_cls34,e5-large-v2,T7-T14,3,0.333333
biencoder,aep_causal_cls34,e5-large-v2,T7-T15,42,0.880952
biencoder,aep_causal_cls34,e5-large-v2,T8-T9,108,0.824074
biencoder,aep_causal_cls34,e5-large-v2,T8-T10,36,1.000000
biencoder,aep_causal_cls34,e5-large-v2,T8-T11,216,0.828704
biencoder,aep_causal_cls34,e5-large-v2,T8-T12,72,1.000000
biencoder,aep_causal_cls34,e5-large-v2,T8-T13,72,1.000000
biencoder,aep_causal_cls34,e5-large-v2,T8-T14,18,0.166667
biencoder,aep_causal_cls34,e5-large-v2,T8-T15,252,0.873016
biencoder,aep_causal_cls34,e5-large-v2,T9-T10,12,1.000000
biencoder,aep_causal_cls34,e5-large-v2,T9-T11,72,0.777778
biencoder,aep_causal_cls34,e5-large-v2,T9-T12,24,0.916667
biencoder,aep_causal_cls34,e5-large-v2,T9-T13,24,1.000000
biencoder,aep_causal_cls34,e5-large-v2,T9-T14,6,0.166667
biencoder,aep_causal_cls34,e5-large-v2,T9-T15,84,0.845238
biencoder,aep_causal_cls34,e5-large-v2,T10-T11,24,0.708333
biencoder,aep_causal_cls34,e5-large-v2,T10-T12,8,0.875000
biencoder,aep_causal_cls34,e5-large-v2,T10-T13,8,1.000000
biencoder,aep_causal_cls34,e5-large-v2,T10-T14,2,0.000000
biencoder,aep_causal_cls34,e5-large-v2,T10-T15,28,0.785714
biencoder,aep_causal_cls34,e5-large-v2,T11-T12,48,0.750000
biencoder,aep_causal_cls34,e5-large-v2,T11-T13,48,1.000000
biencoder,aep_causal_cls34,e5-large-v2,T11-T14,12,0.083333
biencoder,aep_causal_cls34,e5-large-v2,T11-T15,168,0.833333
biencoder,aep_causal_cls34,e5-large-v2,T12-T13,16,1.000000
biencoder,aep_causal_cls34,e5-large-v2,T12-T14,4,0.000000
biencoder,aep_causal_cls34,e5-large-v2,T12-T15,56,0.821429
biencoder,aep_causal_cls34,e5-large-v2,T13-T14,4,0.000000
biencoder,aep_causal_cls34,e5-large-v2,T13-T15,56,0.803571
biencoder,aep_causal_cls34,e5-large-v2,T14-T15,14,0.857143
biencoder,aep_causal_cls34,bge-base-en-v1.5,T1-T2,2,0.500000
biencoder,aep_causal_cls34,bge-base-en-v1.5,T1-T3,10,0.800000
biencoder,aep_causal_cls34,bge-base-en-v1.5,T1-T4,8,0.750000
biencoder,aep_causal_cls34,bge-base-en-v1.5,T1-T5,20,0.650000
biencoder,aep_causal_cls34,bge-base-en-v1.5,T1-T6,64,0.843750
biencoder,aep_causal_cls34,bge-base-en-v1.5,T1-T7,6,1.000000
biencoder,aep_causal_cls34,bge-base-en-v1.5,T1-T8,36,1.000000
biencoder,aep_causal_cls34,bge-base-en-v1.5,T1-T9,12,1.000000
biencoder,aep_causal_cls34,bge-base-en-v1.5,T1-T10,4,1.000000
biencoder,aep_causal_cls34,bge-base-en-v1.5,T1-T11,24,1.000000
biencoder,aep_causal_cls34,bge-base-en-v1.5,T1-T12,8,1.000000
biencoder,aep_causal_cls34,bge-base-en-v1.5,T1-T13,8,1.000000
biencoder,aep_causal_cls34,bge-base-en-v1.5,T1-T14,2,1.000000
biencoder,aep_causal_cls34,bge-base-en-v1.5,T1-T15,28,0.964286
biencoder,aep_causal_cls34,bge-base-en-v1.5,T2-T3,5,1.000000
biencoder,aep_causal_cls34,bge-base-en-v1.5,T2-T4,4,1.000000
biencoder,aep_causal_cls34,bge-base-en-v1.5,T2-T5,10,1.000000
biencoder,aep_causal_cls34,bge-base-en-v1.5,T2-T6,32,1.000000
biencoder,aep_causal_cls34,bge-base-en-v1.5,T2-T7,3,1.000000
biencoder,aep_causal_cls34,bge-base-en-v1.5,T2-T8,18,1.000000
biencoder,aep_causal_cls34,bge-base-en-v1.5,T2-T9,6,1.000000
biencoder,aep_causal_cls34,bge-base-en-v1.5,T2-T10,2,1.000000
biencoder,aep_causal_cls34,bge-base-en-v1.5,T2-T11,12,1.000000
biencoder,aep_causal_cls34,bge-base-en-v1.5,T2-T12,4,1.000000
biencoder,aep_causal_cls34,bge-base-en-v1.5,T2-T13,4,1.000000
biencoder,aep_causal_cls34,bge-base-en-v1.5,T2-T14,1,1.000000
biencoder,aep_causal_cls34,bge-base-en-v1.5,T2-T15,14,1.000000
biencoder,aep_causal_cls34,bge-base-en-v1.5,T3-T4,20,0.750000
biencoder,aep_causal_cls34,bge-base-en-v1.5,T3-T5,50,0.580000
biencoder,aep_causal_cls34,bge-base-en-v1.5,T3-T6,160,0.681250
biencoder,aep_causal_cls34,bge-base-en-v1.5,T3-T7,15,0.666667
biencoder,aep_causal_cls34,bge-base-en-v1.5,T3-T8,90,0.744444
biencoder,aep_causal_cls34,bge-base-en-v1.5,T3-T9,30,0.700000
biencoder,aep_causal_cls34,bge-base-en-v1.5,T3-T10,10,0.700000
biencoder,aep_causal_cls34,bge-base-en-v1.5,T3-T11,60,0.933333
biencoder,aep_causal_cls34,bge-base-en-v1.5,T3-T12,20,1.000000
biencoder,aep_causal_cls34,bge-base-en-v1.5,T3-T13,20,1.000000
biencoder,aep_causal_cls34,bge-base-en-v1.5,T3-T14,5,1.000000
biencoder,aep_causal_cls34,bge-base-en-v1.5,T3-T15,70,0.971429
biencoder,aep_causal_cls34,bge-base-en-v1.5,T4-T5,40,0.475000
biencoder,aep_causal_cls34,bge-base-en-v1.5,T4-T6,128,0.578125
biencoder,aep_causal_cls34,bge-base-en-v1.5,T4-T7,12,0.750000
biencoder,aep_causal_cls34,bge-base-en-v1.5,T4-T8,72,0.722222
biencoder,aep_causal_cls34,bge-base-en-v1.5,T4-T9,24,0.875000
biencoder,aep_causal_cls34,bge-base-en-v1.5,T4-T10,8,0.875000
biencoder,aep_causal_cls34,bge-base-en-v1.5,T4-T11,48,0.895833
biencoder,aep_causal_cls34,bge-base-en-v1.5,T4-T12,16,0.937500
biencoder,aep_causal_cls34,bge-base-en-v1.5,T4-T13,16,1.000000
biencoder,aep_causal_cls34,bge-base-en-v1.5,T4-T14,4,0.750000
biencoder,aep_causal_cls34,bge-base-en-v1.5,T4-T15,56,0.857143
biencoder,aep_causal_cls34,bge-base-en-v1.5,T5-T6,320,0.825000
biencoder,aep_causal_cls34,bge-base-en-v1.5,T5-T7,30,0.933333
biencoder,aep_causal_cls34,bge-base-en-v1.5,T5-T8,180,0.955556
biencoder,aep_causal_cls34,bge-base-en-v1.5,T5-T9,60,0.983333
biencoder,aep_causal_cls34,bge-base-en-v1.5,T5-T10,20,1.000000
biencoder,aep_causal_cls34,bge-base-en-v1.5,T5-T11,120,0.983333
biencoder,aep_causal_cls34,bge-base-en-v1.5,T5-T12,40,1.000000
biencoder,aep_causal_cls34,bge-base-en-v1.5,T5-T13,40,1.000000
biencoder,aep_causal_cls34,bge-base-en-v1.5,T5-T14,10,0.900000
biencoder,aep_causal_cls34,bge-base-en-v1.5,T5-T15,140,0.935714
biencoder,aep_causal_cls34,bge-base-en-v1.5,T6-T7,96,0.895833
biencoder,aep_causal_cls34,bge-base-en-v1.5,T6-T8,576,0.873264
biencoder,aep_causal_cls34,bge-base-en-v1.5,T6-T9,192,0.942708
biencoder,aep_causal_cls34,bge-base-en-v1.5,T6-T10,64,0.937500
biencoder,aep_causal_cls34,bge-base-en-v1.5,T6-T11,384,0.924479
biencoder,aep_causal_cls34,bge-base-en-v1.5,T6-T12,128,0.976562
biencoder,aep_causal_cls34,bge-base-en-v1.5,T6-T13,128,1.000000
biencoder,aep_causal_cls34,bge-base-en-v1.5,T6-T14,32,0.906250
biencoder,aep_causal_cls34,bge-base-en-v1.5,T6-T15,448,0.917411
biencoder,aep_causal_cls34,bge-base-en-v1.5,T7-T8,54,0.592593
biencoder,aep_causal_cls34,bge-base-en-v1.5,T7-T9,18,0.666667
biencoder,aep_causal_cls34,bge-base-en-v1.5,T7-T10,6,0.666667
biencoder,aep_causal_cls34,bge-base-en-v1.5,T7-T11,36,0.611111
biencoder,aep_causal_cls34,bge-base-en-v1.5,T7-T12,12,0.666667
biencoder,aep_causal_cls34,bge-base-en-v1.5,T7-T13,12,0.666667
biencoder,aep_causal_cls34,bge-base-en-v1.5,T7-T14,3,0.333333
biencoder,aep_causal_cls34,bge-base-en-v1.5,T7-T15,42,0.761905
biencoder,aep_causal_cls34,bge-base-en-v1.5,T8-T9,108,0.870370
biencoder,aep_causal_cls34,bge-base-en-v1.5,T8-T10,36,0.944444
biencoder,aep_causal_cls34,bge-base-en-v1.5,T8-T11,216,0.875000
biencoder,aep_causal_cls34,bge-base-en-v1.5,T8-T12,72,0.958333
biencoder,aep_causal_cls34,bge-base-en-v1.5,T8-T13,72,0.972222
biencoder,aep_causal_cls34,bge-base-en-v1.5,T8-T14,18,0.111111
biencoder,aep_causal_cls34,bge-base-en-v1.5,T8-T15,252,0.781746
biencoder,aep_causal_cls34,bge-base-en-v1.5,T9-T10,12,0.583333
biencoder,aep_causal_cls34,bge-base-en-v1.5,T9-T11,72,0.861111
biencoder,aep_causal_cls34,bge-base-en-v1.5,T9-T12,24,0.958333
biencoder,aep_causal_cls34,bge-base-en-v1.5,T9-T13,24,1.000000
biencoder,aep_causal_cls34,bge-base-en-v1.5,T9-T14,6,0.000000
biencoder,aep_causal_cls34,bge-base-en-v1.5,T9-T15,84,0.773810
biencoder,aep_causal_cls34,bge-base-en-v1.5,T10-T11,24,0.791667
biencoder,aep_causal_cls34,bge-base-en-v1.5,T10-T12,8,1.000000
biencoder,aep_causal_cls34,bge-base-en-v1.5,T10-T13,8,1.000000
biencoder,aep_causal_cls34,bge-base-en-v1.5,T10-T14,2,0.000000
biencoder,aep_causal_cls34,bge-base-en-v1.5,T10-T15,28,0.857143
biencoder,aep_causal_cls34,bge-base-en-v1.5,T11-T12,48,0.750000
biencoder,aep_causal_cls34,bge-base-en-v1.5,T11-T13,48,0.979167
biencoder,aep_causal_cls34,bge-base-en-v1.5,T11-T14,12,0.083333
biencoder,aep_causal_cls34,bge-base-en-v1.5,T11-T15,168,0.815476
biencoder,aep_causal_cls34,bge-base-en-v1.5,T12-T13,16,1.000000
biencoder,aep_causal_cls34,bge-base-en-v1.5,T12-T14,4,0.000000
biencoder,aep_causal_cls34,bge-base-en-v1.5,T12-T15,56,0.857143
biencoder,aep_causal_cls34,bge-base-en-v1.5,T13-T14,4,0.000000
biencoder,aep_causal_cls34,bge-base-en-v1.5,T13-T15,56,0.732143
biencoder,aep_causal_cls34,bge-base-en-v1.5,T14-T15,14,0.857143
biencoder,aep_causal_cls34,bge-large-en-v1.5,T1-T2,2,1.000000
biencoder,aep_causal_cls34,bge-large-en-v1.5,T1-T3,10,1.000000
biencoder,aep_causal_cls34,bge-large-en-v1.5,T1-T4,8,1.000000
biencoder,aep_causal_cls34,bge-large-en-v1.5,T1-T5,20,1.000000
biencoder,aep_causal_cls34,bge-large-en-v1.5,T1-T6,64,1.000000
biencoder,aep_causal_cls34,bge-large-en-v1.5,T1-T7,6,1.000000
biencoder,aep_causal_cls34,bge-large-en-v1.5,T1-T8,36,1.000000
biencoder,aep_causal_cls34,bge-large-en-v1.5,T1-T9,12,1.000000
biencoder,aep_causal_cls34,bge-large-en-v1.5,T1-T10,4,1.000000
biencoder,aep_causal_cls34,bge-large-en-v1.5,T1-T11,24,1.000000
biencoder,aep_causal_cls34,bge-large-en-v1.5,T1-T12,8,1.000000
biencoder,aep_causal_cls34,bge-large-en-v1.5,T1-T13,8,1.000000
biencoder,aep_causal_cls34,bge-large-en-v1.5,T1-T14,2,1.000000
biencoder,aep_causal_cls34,bge-large-en-v1.5,T1-T15,28,1.000000
biencoder,aep_causal_cls34,bge-large-en-v1.5,T2-T3,5,1.000000
biencoder,aep_causal_cls34,bge-large-en-v1.5,T2-T4,4,1.000000
biencoder,aep_causal_cls34,bge-large-en-v1.5,T2-T5,10,1.000000
biencoder,aep_causal_cls34,bge-large-en-v1.5,T2-T6,32,1.000000
biencoder,aep_causal_cls34,bge-large-en-v1.5,T2-T7,3,1.000000
biencoder,aep_causal_cls34,bge-large-en-v1.5,T2-T8,18,1.000000
biencoder,aep_causal_cls34,bge-large-en-v1.5,T2-T9,6,1.000000
biencoder,aep_causal_cls34,bge-large-en-v1.5,T2-T10,2,1.000000
biencoder,aep_causal_cls34,bge-large-en-v1.5,T2-T11,12,1.000000
biencoder,aep_causal_cls34,bge-large-en-v1.5,T2-T12,4,1.000000
biencoder,aep_causal_cls34,bge-large-en-v1.5,T2-T13,4,1.000000
biencoder,aep_causal_cls34,bge-large-en-v1.5,T2-T14,1,1.000000
biencoder,aep_causal_cls34,bge-large-en-v1.5,T2-T15,14,1.000000
biencoder,aep_causal_cls34,bge-large-en-v1.5,T3-T4,20,0.600000
biencoder,aep_causal_cls34,bge-large-en-v1.5,T3-T5,50,0.400000
biencoder,aep_causal_cls34,bge-large-en-v1.5,T3-T6,160,0.493750
biencoder,aep_causal_cls34,bge-large-en-v1.5,T3-T7,15,0.733333
biencoder,aep_causal_cls34,bge-large-en-v1.5,T3-T8,90,0.733333
biencoder,aep_causal_cls34,bge-large-en-v1.5,T3-T9,30,0.700000
biencoder,aep_causal_cls34,bge-large-en-v1.5,T3-T10,10,0.700000
biencoder,aep_causal_cls34,bge-large-en-v1.5,T3-T11,60,0.800000
biencoder,aep_causal_cls34,bge-large-en-v1.5,T3-T12,20,0.850000
biencoder,aep_causal_cls34,bge-large-en-v1.5,T3-T13,20,0.950000
biencoder,aep_causal_cls34,bge-large-en-v1.5,T3-T14,5,0.400000
biencoder,aep_causal_cls34,bge-large-en-v1.5,T3-T15,70,0.928571
biencoder,aep_causal_cls34,bge-large-en-v1.5,T4-T5,40,0.675000
biencoder,aep_causal_cls34,bge-large-en-v1.5,T4-T6,128,0.726562
biencoder,aep_causal_cls34,bge-large-en-v1.5,T4-T7,12,0.833333
biencoder,aep_causal_cls34,bge-large-en-v1.5,T4-T8,72,0.750000
biencoder,aep_causal_cls34,bge-large-en-v1.5,T4-T9,24,0.833333
biencoder,aep_causal_cls34,bge-large-en-v1.5,T4-T10,8,0.750000
biencoder,aep_causal_cls34,bge-large-en-v1.5,T4-T11,48,0.895833
biencoder,aep_causal_cls34,bge-large-en-v1.5,T4-T12,16,0.875000
biencoder,aep_causal_cls34,bge-large-en-v1.5,T4-T13,16,0.875000
biencoder,aep_causal_cls34,bge-large-en-v1.5,T4-T14,4,0.750000
biencoder,aep_causal_cls34,bge-large-en-v1.5,T4-T15,56,0.857143
biencoder,aep_causal_cls34,bge-large-en-v1.5,T5-T6,320,0.850000
biencoder,aep_causal_cls34,bge-large-en-v1.5,T5-T7,30,0.933333
biencoder,aep_causal_cls34,bge-large-en-v1.5,T5-T8,180,0.933333
biencoder,aep_causal_cls34,bge-large-en-v1.5,T5-T9,60,1.000000
biencoder,aep_causal_cls34,bge-large-en-v1.5,T5-T10,20,0.950000
biencoder,aep_causal_cls34,bge-large-en-v1.5,T5-T11,120,0.991667
biencoder,aep_causal_cls34,bge-large-en-v1.5,T5-T12,40,1.000000
biencoder,aep_causal_cls34,bge-large-en-v1.5,T5-T13,40,1.000000
biencoder,aep_causal_cls34,bge-large-en-v1.5,T5-T14,10,0.900000
biencoder,aep_causal_cls34,bge-large-en-v1.5,T5-T15,140,0.985714
biencoder,aep_causal_cls34,bge-large-en-v1.5,T6-T7,96,0.947917
biencoder,aep_causal_cls34,bge-large-en-v1.5,T6-T8,576,0.928819
biencoder,aep_causal_cls34,bge-large-en-v1.5,T6-T9,192,0.942708
biencoder,aep_causal_cls34,bge-large-en-v1.5,T6-T10,64,0.921875
biencoder,aep_causal_cls34,bge-large-en-v1.5,T6-T11,384,0.958333
biencoder,aep_causal_cls34,bge-large-en-v1.5,T6-T12,128,1.000000
biencoder,aep_causal_cls34,bge-large-en-v1.5,T6-T13,128,1.000000
biencoder,aep_causal_cls34,bge-large-en-v1.5,T6-T14,32,0.968750
biencoder,aep_causal_cls34,bge-large-en-v1.5,T6-T15,448,0.937500
biencoder,aep_causal_cls34,bge-large-en-v1.5,T7-T8,54,0.592593
biencoder,aep_causal_cls34,bge-large-en-v1.5,T7-T9,18,0.666667
biencoder,aep_causal_cls34,bge-large-en-v1.5,T7-T10,6,0.500000
biencoder,aep_causal_cls34,bge-large-en-v1.5,T7-T11,36,0.611111
biencoder,aep_causal_cls34,bge-large-en-v1.5,T7-T12,12,0.666667
biencoder,aep_causal_cls34,bge-large-en-v1.5,T7-T13,12,0.666667
biencoder,aep_causal_cls34,bge-large-en-v1.5,T7-T14,3,0.000000
biencoder,aep_causal_cls34,bge-large-en-v1.5,T7-T15,42,0.857143
biencoder,aep_causal_cls34,bge-large-en-v1.5,T8-T9,108,0.953704
biencoder,aep_causal_cls34,bge-large-en-v1.5,T8-T10,36,0.888889
biencoder,aep_causal_cls34,bge-large-en-v1.5,T8-T11,216,0.893519
biencoder,aep_causal_cls34,bge-large-en-v1.5,T8-T12,72,0.986111
biencoder,aep_causal_cls34,bge-large-en-v1.5,T8-T13,72,1.000000
biencoder,aep_causal_cls34,bge-large-en-v1.5,T8-T14,18,0.111111
biencoder,aep_causal_cls34,bge-large-en-v1.5,T8-T15,252,0.861111
biencoder,aep_causal_cls34,bge-large-en-v1.5,T9-T10,12,0.500000
biencoder,aep_causal_cls34,bge-large-en-v1.5,T9-T11,72,0.888889
biencoder,aep_causal_cls34,bge-large-en-v1.5,T9-T12,24,1.000000
biencoder,aep_causal_cls34,bge-large-en-v1.5,T9-T13,24,1.000000
biencoder,aep_causal_cls34,bge-large-en-v1.5,T9-T14,6,0.000000
biencoder,aep_causal_cls34,bge-large-en-v1.5,T9-T15,84,0.821429
biencoder,aep_causal_cls34,bge-large-en-v1.5,T10-T11,24,0.791667
biencoder,aep_causal_cls34,bge-large-en-v1.5,T10-T12,8,1.000000
biencoder,aep_causal_cls34,bge-large-en-v1.5,T10-T13,8,1.000000
biencoder,aep_causal_cls34,bge-large-en-v1.5,T10-T14,2,0.500000
biencoder,aep_causal_cls34,bge-large-en-v1.5,T10-T15,28,0.857143
biencoder,aep_causal_cls34,bge-large-en-v1.5,T11-T12,48,0.791667
biencoder,aep_causal_cls34,bge-large-en-v1.5,T11-T13,48,1.000000
biencoder,aep_causal_cls34,bge-large-en-v1.5,T11-T14,12,0.083333
biencoder,aep_causal_cls34,bge-large-en-v1.5,T11-T15,168,0.779762
biencoder,aep_causal_cls34,bge-large-en-v1.5,T12-T13,16,1.000000
biencoder,aep_causal_cls34,bge-large-en-v1.5,T12-T14,4,0.000000
biencoder,aep_causal_cls34,bge-large-en-v1.5,T12-T15,56,0.732143
biencoder,aep_causal_cls34,bge-large-en-v1.5,T13-T14,4,0.000000
biencoder,aep_causal_cls34,bge-large-en-v1.5,T13-T15,56,0.767857
biencoder,aep_causal_cls34,bge-large-en-v1.5,T14-T15,14,0.857143
biencoder,aep_dataset,deberta-v3-large,T1-T2,188,0.765957
biencoder,aep_dataset,deberta-v3-large,T1-T3,188,0.835106
biencoder,aep_dataset,deberta-v3-large,T1-T4,188,0.877660
biencoder,aep_dataset,deberta-v3-large,T1-T6,188,0.882979
biencoder,aep_dataset,deberta-v3-large,T1-T7,188,0.941489
biencoder,aep_dataset,deberta-v3-large,T1-T8,188,0.920213
biencoder,aep_dataset,deberta-v3-large,T1-T9,188,0.936170
biencoder,aep_dataset,deberta-v3-large,T1-T10,188,0.989362
biencoder,aep_dataset,deberta-v3-large,T1-T11,188,0.978723
biencoder,aep_dataset,deberta-v3-large,T2-T3,188,0.686170
biencoder,aep_dataset,deberta-v3-large,T2-T4,188,0.835106
biencoder,aep_dataset,deberta-v3-large,T2-T6,188,0.941489
biencoder,aep_dataset,deberta-v3-large,T2-T7,188,0.952128
biencoder,aep_dataset,deberta-v3-large,T2-T8,188,0.984043
biencoder,aep_dataset,deberta-v3-large,T2-T9,188,0.984043
biencoder,aep_dataset,deberta-v3-large,T2-T10,188,0.978723
biencoder,aep_dataset,deberta-v3-large,T2-T11,188,0.984043
biencoder,aep_dataset,deberta-v3-large,T3-T4,188,0.771277
biencoder,aep_dataset,deberta-v3-large,T3-T6,188,0.925532
biencoder,aep_dataset,deberta-v3-large,T3-T7,188,0.978723
biencoder,aep_dataset,deberta-v3-large,T3-T8,188,0.989362
biencoder,aep_dataset,deberta-v3-large,T3-T9,188,0.978723
biencoder,aep_dataset,deberta-v3-large,T3-T10,188,0.957447
biencoder,aep_dataset,deberta-v3-large,T3-T11,188,1.000000
biencoder,aep_dataset,deberta-v3-large,T4-T6,188,0.797872
biencoder,aep_dataset,deberta-v3-large,T4-T7,188,0.867021
biencoder,aep_dataset,deberta-v3-large,T4-T8,188,0.957447
biencoder,aep_dataset,deberta-v3-large,T4-T9,188,0.898936
biencoder,aep_dataset,deberta-v3-large,T4-T10,188,0.968085
biencoder,aep_dataset,deberta-v3-large,T4-T11,188,0.962766
biencoder,aep_dataset,deberta-v3-large,T6-T7,188,0.707447
biencoder,aep_dataset,deberta-v3-large,T6-T8,188,0.877660
biencoder,aep_dataset,deberta-v3-large,T6-T9,188,0.904255
biencoder,aep_dataset,deberta-v3-large,T6-T10,188,0.914894
biencoder,aep_dataset,deberta-v3-large,T6-T11,188,0.909574
biencoder,aep_dataset,deberta-v3-large,T7-T8,188,0.771277
biencoder,aep_dataset,deberta-v3-large,T7-T9,188,0.914894
biencoder,aep_dataset,deberta-v3-large,T7-T10,188,0.898936
biencoder,aep_dataset,deberta-v3-large,T7-T11,188,0.930851
biencoder,aep_dataset,deberta-v3-large,T8-T9,188,0.712766
biencoder,aep_dataset,deberta-v3-large,T8-T10,188,0.797872
biencoder,aep_dataset,deberta-v3-large,T8-T11,188,0.813830
biencoder,aep_dataset,deberta-v3-large,T9-T10,188,0.696809
biencoder,aep_dataset,deberta-v3-large,T9-T11,188,0.702128
biencoder,aep_dataset,deberta-v3-large,T10-T11,188,0.675532
biencoder,aep_dataset,all-mpnet-base-v2,T1-T2,188,0.877660
biencoder,aep_dataset,all-mpnet-base-v2,T1-T3,188,0.898936
biencoder,aep_dataset,all-mpnet-base-v2,T1-T4,188,0.925532
biencoder,aep_dataset,all-mpnet-base-v2,T1-T6,188,0.936170
biencoder,aep_dataset,all-mpnet-base-v2,T1-T7,188,0.936170
biencoder,aep_dataset,all-mpnet-base-v2,T1-T8,188,0.920213
biencoder,aep_dataset,all-mpnet-base-v2,T1-T9,188,0.957447
biencoder,aep_dataset,all-mpnet-base-v2,T1-T10,188,0.978723
biencoder,aep_dataset,all-mpnet-base-v2,T1-T11,188,0.994681
biencoder,aep_dataset,all-mpnet-base-v2,T2-T3,188,0.803191
biencoder,aep_dataset,all-mpnet-base-v2,T2-T4,188,0.829787
biencoder,aep_dataset,all-mpnet-base-v2,T2-T6,188,0.914894
biencoder,aep_dataset,all-mpnet-base-v2,T2-T7,188,0.978723
biencoder,aep_dataset,all-mpnet-base-v2,T2-T8,188,0.978723
biencoder,aep_dataset,all-mpnet-base-v2,T2-T9,188,0.968085
biencoder,aep_dataset,all-mpnet-base-v2,T2-T10,188,0.989362
biencoder,aep_dataset,all-mpnet-base-v2,T2-T11,188,0.989362
biencoder,aep_dataset,all-mpnet-base-v2,T3-T4,188,0.888298
biencoder,aep_dataset,all-mpnet-base-v2,T3-T6,188,0.978723
biencoder,aep_dataset,all-mpnet-base-v2,T3-T7,188,0.984043
biencoder,aep_dataset,all-mpnet-base-v2,T3-T8,188,0.989362
biencoder,aep_dataset,all-mpnet-base-v2,T3-T9,188,0.973404
biencoder,aep_dataset,all-mpnet-base-v2,T3-T10,188,1.000000
biencoder,aep_dataset,all-mpnet-base-v2,T3-T11,188,0.994681
biencoder,aep_dataset,all-mpnet-base-v2,T4-T6,188,0.872340
biencoder,aep_dataset,all-mpnet-base-v2,T4-T7,188,0.904255
biencoder,aep_dataset,all-mpnet-base-v2,T4-T8,188,0.914894
biencoder,aep_dataset,all-mpnet-base-v2,T4-T9,188,0.856383
biencoder,aep_dataset,all-mpnet-base-v2,T4-T10,188,0.978723
biencoder,aep_dataset,all-mpnet-base-v2,T4-T11,188,0.989362
biencoder,aep_dataset,all-mpnet-base-v2,T6-T7,188,0.872340
biencoder,aep_dataset,all-mpnet-base-v2,T6-T8,188,0.957447
biencoder,aep_dataset,all-mpnet-base-v2,T6-T9,188,0.925532
biencoder,aep_dataset,all-mpnet-base-v2,T6-T10,188,0.936170
biencoder,aep_dataset,all-mpnet-base-v2,T6-T11,188,0.984043
biencoder,aep_dataset,all-mpnet-base-v2,T7-T8,188,0.888298
biencoder,aep_dataset,all-mpnet-base-v2,T7-T9,188,0.941489
biencoder,aep_dataset,all-mpnet-base-v2,T7-T10,188,0.888298
biencoder,aep_dataset,all-mpnet-base-v2,T7-T11,188,0.978723
biencoder,aep_dataset,all-mpnet-base-v2,T8-T9,188,0.920213
biencoder,aep_dataset,all-mpnet-base-v2,T8-T10,188,0.829787
biencoder,aep_dataset,all-mpnet-base-v2,T8-T11,188,0.957447
biencoder,aep_dataset,all-mpnet-base-v2,T9-T10,188,0.835106
biencoder,aep_dataset,all-mpnet-base-v2,T9-T11,188,0.952128
biencoder,aep_dataset,all-mpnet-base-v2,T10-T11,188,0.909574
biencoder,aep_dataset,all-MiniLM-L6-v2,T1-T2,188,0.835106
biencoder,aep_dataset,all-MiniLM-L6-v2,T1-T3,188,0.840426
biencoder,aep_dataset,all-MiniLM-L6-v2,T1-T4,188,0.872340
biencoder,aep_dataset,all-MiniLM-L6-v2,T1-T6,188,0.920213
biencoder,aep_dataset,all-MiniLM-L6-v2,T1-T7,188,0.882979
biencoder,aep_dataset,all-MiniLM-L6-v2,T1-T8,188,0.867021
biencoder,aep_dataset,all-MiniLM-L6-v2,T1-T9,188,0.941489
biencoder,aep_dataset,all-MiniLM-L6-v2,T1-T10,188,0.957447
biencoder,aep_dataset,all-MiniLM-L6-v2,T1-T11,188,0.989362
biencoder,aep_dataset,all-MiniLM-L6-v2,T2-T3,188,0.808511
biencoder,aep_dataset,all-MiniLM-L6-v2,T2-T4,188,0.882979
biencoder,aep_dataset,all-MiniLM-L6-v2,T2-T6,188,0.925532
biencoder,aep_dataset,all-MiniLM-L6-v2,T2-T7,188,0.989362
biencoder,aep_dataset,all-MiniLM-L6-v2,T2-T8,188,0.984043
biencoder,aep_dataset,all-MiniLM-L6-v2,T2-T9,188,0.984043
biencoder,aep_dataset,all-MiniLM-L6-v2,T2-T10,188,1.000000
biencoder,aep_dataset,all-MiniLM-L6-v2,T2-T11,188,0.989362
biencoder,aep_dataset,all-MiniLM-L6-v2,T3-T4,188,0.755319
biencoder,aep_dataset,all-MiniLM-L6-v2,T3-T6,188,0.872340
biencoder,aep_dataset,all-MiniLM-L6-v2,T3-T7,188,0.962766
biencoder,aep_dataset,all-MiniLM-L6-v2,T3-T8,188,0.968085
biencoder,aep_dataset,all-MiniLM-L6-v2,T3-T9,188,0.978723
biencoder,aep_dataset,all-MiniLM-L6-v2,T3-T10,188,1.000000
biencoder,aep_dataset,all-MiniLM-L6-v2,T3-T11,188,0.989362
biencoder,aep_dataset,all-MiniLM-L6-v2,T4-T6,188,0.771277
biencoder,aep_dataset,all-MiniLM-L6-v2,T4-T7,188,0.824468
biencoder,aep_dataset,all-MiniLM-L6-v2,T4-T8,188,0.904255
biencoder,aep_dataset,all-MiniLM-L6-v2,T4-T9,188,0.898936
biencoder,aep_dataset,all-MiniLM-L6-v2,T4-T10,188,0.973404
biencoder,aep_dataset,all-MiniLM-L6-v2,T4-T11,188,0.968085
biencoder,aep_dataset,all-MiniLM-L6-v2,T6-T7,188,0.835106
biencoder,aep_dataset,all-MiniLM-L6-v2,T6-T8,188,0.920213
biencoder,aep_dataset,all-MiniLM-L6-v2,T6-T9,188,0.914894
biencoder,aep_dataset,all-MiniLM-L6-v2,T6-T10,188,0.968085
biencoder,aep_dataset,all-MiniLM-L6-v2,T6-T11,188,0.957447
biencoder,aep_dataset,all-MiniLM-L6-v2,T7-T8,188,0.888298
biencoder,aep_dataset,all-MiniLM-L6-v2,T7-T9,188,0.941489
biencoder,aep_dataset,all-MiniLM-L6-v2,T7-T10,188,0.872340
biencoder,aep_dataset,all-MiniLM-L6-v2,T7-T11,188,0.941489
biencoder,aep_dataset,all-MiniLM-L6-v2,T8-T9,188,0.882979
biencoder,aep_dataset,all-MiniLM-L6-v2,T8-T10,188,0.835106
biencoder,aep_dataset,all-MiniLM-L6-v2,T8-T11,188,0.909574
biencoder,aep_dataset,all-MiniLM-L6-v2,T9-T10,188,0.861702
biencoder,aep_dataset,all-MiniLM-L6-v2,T9-T11,188,0.893617
biencoder,aep_dataset,all-MiniLM-L6-v2,T10-T11,188,0.882979
biencoder,aep_dataset,e5-large-v2,T1-T2,188,0.829787
biencoder,aep_dataset,e5-large-v2,T1-T3,188,0.851064
biencoder,aep_dataset,e5-large-v2,T1-T4,188,0.888298
biencoder,aep_dataset,e5-large-v2,T1-T6,188,0.941489
biencoder,aep_dataset,e5-large-v2,T1-T7,188,0.941489
biencoder,aep_dataset,e5-large-v2,T1-T8,188,0.914894
biencoder,aep_dataset,e5-large-v2,T1-T9,188,0.962766
biencoder,aep_dataset,e5-large-v2,T1-T10,188,0.962766
biencoder,aep_dataset,e5-large-v2,T1-T11,188,0.994681
biencoder,aep_dataset,e5-large-v2,T2-T3,188,0.835106
biencoder,aep_dataset,e5-large-v2,T2-T4,188,0.840426
biencoder,aep_dataset,e5-large-v2,T2-T6,188,0.930851
biencoder,aep_dataset,e5-large-v2,T2-T7,188,0.952128
biencoder,aep_dataset,e5-large-v2,T2-T8,188,0.984043
biencoder,aep_dataset,e5-large-v2,T2-T9,188,0.946809
biencoder,aep_dataset,e5-large-v2,T2-T10,188,0.984043
biencoder,aep_dataset,e5-large-v2,T2-T11,188,1.000000
biencoder,aep_dataset,e5-large-v2,T3-T4,188,0.882979
biencoder,aep_dataset,e5-large-v2,T3-T6,188,0.946809
biencoder,aep_dataset,e5-large-v2,T3-T7,188,0.909574
biencoder,aep_dataset,e5-large-v2,T3-T8,188,0.952128
biencoder,aep_dataset,e5-large-v2,T3-T9,188,0.946809
biencoder,aep_dataset,e5-large-v2,T3-T10,188,0.994681
biencoder,aep_dataset,e5-large-v2,T3-T11,188,1.000000
biencoder,aep_dataset,e5-large-v2,T4-T6,188,0.888298
biencoder,aep_dataset,e5-large-v2,T4-T7,188,0.904255
biencoder,aep_dataset,e5-large-v2,T4-T8,188,0.957447
biencoder,aep_dataset,e5-large-v2,T4-T9,188,0.882979
biencoder,aep_dataset,e5-large-v2,T4-T10,188,0.984043
biencoder,aep_dataset,e5-large-v2,T4-T11,188,0.994681
biencoder,aep_dataset,e5-large-v2,T6-T7,188,0.904255
biencoder,aep_dataset,e5-large-v2,T6-T8,188,0.941489
biencoder,aep_dataset,e5-large-v2,T6-T9,188,0.914894
biencoder,aep_dataset,e5-large-v2,T6-T10,188,0.920213
biencoder,aep_dataset,e5-large-v2,T6-T11,188,0.946809
biencoder,aep_dataset,e5-large-v2,T7-T8,188,0.893617
biencoder,aep_dataset,e5-large-v2,T7-T9,188,0.930851
biencoder,aep_dataset,e5-large-v2,T7-T10,188,0.909574
biencoder,aep_dataset,e5-large-v2,T7-T11,188,0.989362
biencoder,aep_dataset,e5-large-v2,T8-T9,188,0.845745
biencoder,aep_dataset,e5-large-v2,T8-T10,188,0.872340
biencoder,aep_dataset,e5-large-v2,T8-T11,188,0.962766
biencoder,aep_dataset,e5-large-v2,T9-T10,188,0.882979
biencoder,aep_dataset,e5-large-v2,T9-T11,188,0.978723
biencoder,aep_dataset,e5-large-v2,T10-T11,188,0.920213
biencoder,aep_dataset,bge-base-en-v1.5,T1-T2,188,0.781915
biencoder,aep_dataset,bge-base-en-v1.5,T1-T3,188,0.851064
biencoder,aep_dataset,bge-base-en-v1.5,T1-T4,188,0.840426
biencoder,aep_dataset,bge-base-en-v1.5,T1-T6,188,0.909574
biencoder,aep_dataset,bge-base-en-v1.5,T1-T7,188,0.845745
biencoder,aep_dataset,bge-base-en-v1.5,T1-T8,188,0.877660
biencoder,aep_dataset,bge-base-en-v1.5,T1-T9,188,0.936170
biencoder,aep_dataset,bge-base-en-v1.5,T1-T10,188,0.952128
biencoder,aep_dataset,bge-base-en-v1.5,T1-T11,188,0.994681
biencoder,aep_dataset,bge-base-en-v1.5,T2-T3,188,0.877660
biencoder,aep_dataset,bge-base-en-v1.5,T2-T4,188,0.856383
biencoder,aep_dataset,bge-base-en-v1.5,T2-T6,188,0.946809
biencoder,aep_dataset,bge-base-en-v1.5,T2-T7,188,0.989362
biencoder,aep_dataset,bge-base-en-v1.5,T2-T8,188,0.989362
biencoder,aep_dataset,bge-base-en-v1.5,T2-T9,188,0.957447
biencoder,aep_dataset,bge-base-en-v1.5,T2-T10,188,0.994681
biencoder,aep_dataset,bge-base-en-v1.5,T2-T11,188,0.984043
biencoder,aep_dataset,bge-base-en-v1.5,T3-T4,188,0.787234
biencoder,aep_dataset,bge-base-en-v1.5,T3-T6,188,0.925532
biencoder,aep_dataset,bge-base-en-v1.5,T3-T7,188,0.973404
biencoder,aep_dataset,bge-base-en-v1.5,T3-T8,188,0.968085
biencoder,aep_dataset,bge-base-en-v1.5,T3-T9,188,0.968085
biencoder,aep_dataset,bge-base-en-v1.5,T3-T10,188,1.000000
biencoder,aep_dataset,bge-base-en-v1.5,T3-T11,188,0.994681
biencoder,aep_dataset,bge-base-en-v1.5,T4-T6,188,0.824468
biencoder,aep_dataset,bge-base-en-v1.5,T4-T7,188,0.851064
biencoder,aep_dataset,bge-base-en-v1.5,T4-T8,188,0.909574
biencoder,aep_dataset,bge-base-en-v1.5,T4-T9,188,0.888298
biencoder,aep_dataset,bge-base-en-v1.5,T4-T10,188,0.978723
biencoder,aep_dataset,bge-base-en-v1.5,T4-T11,188,0.973404
biencoder,aep_dataset,bge-base-en-v1.5,T6-T7,188,0.877660
biencoder,aep_dataset,bge-base-en-v1.5,T6-T8,188,0.952128
biencoder,aep_dataset,bge-base-en-v1.5,T6-T9,188,0.888298
biencoder,aep_dataset,bge-base-en-v1.5,T6-T10,188,0.962766
biencoder,aep_dataset,bge-base-en-v1.5,T6-T11,188,0.984043
biencoder,aep_dataset,bge-base-en-v1.5,T7-T8,188,0.920213
biencoder,aep_dataset,bge-base-en-v1.5,T7-T9,188,0.925532
biencoder,aep_dataset,bge-base-en-v1.5,T7-T10,188,0.914894
biencoder,aep_dataset,bge-base-en-v1.5,T7-T11,188,0.978723
biencoder,aep_dataset,bge-base-en-v1.5,T8-T9,188,0.867021
biencoder,aep_dataset,bge-base-en-v1.5,T8-T10,188,0.872340
biencoder,aep_dataset,bge-base-en-v1.5,T8-T11,188,0.978723
biencoder,aep_dataset,bge-base-en-v1.5,T9-T10,188,0.888298
biencoder,aep_dataset,bge-base-en-v1.5,T9-T11,188,0.962766
biencoder,aep_dataset,bge-base-en-v1.5,T10-T11,188,0.925532
biencoder,aep_dataset,bge-large-en-v1.5,T1-T2,188,0.829787
biencoder,aep_dataset,bge-large-en-v1.5,T1-T3,188,0.882979
biencoder,aep_dataset,bge-large-en-v1.5,T1-T4,188,0.877660
biencoder,aep_dataset,bge-large-en-v1.5,T1-T6,188,0.936170
biencoder,aep_dataset,bge-large-en-v1.5,T1-T7,188,0.877660
biencoder,aep_dataset,bge-large-en-v1.5,T1-T8,188,0.877660
biencoder,aep_dataset,bge-large-en-v1.5,T1-T9,188,0.957447
biencoder,aep_dataset,bge-large-en-v1.5,T1-T10,188,0.941489
biencoder,aep_dataset,bge-large-en-v1.5,T1-T11,188,1.000000
biencoder,aep_dataset,bge-large-en-v1.5,T2-T3,188,0.840426
biencoder,aep_dataset,bge-large-en-v1.5,T2-T4,188,0.851064
biencoder,aep_dataset,bge-large-en-v1.5,T2-T6,188,0.904255
biencoder,aep_dataset,bge-large-en-v1.5,T2-T7,188,0.968085
biencoder,aep_dataset,bge-large-en-v1.5,T2-T8,188,0.978723
biencoder,aep_dataset,bge-large-en-v1.5,T2-T9,188,0.973404
biencoder,aep_dataset,bge-large-en-v1.5,T2-T10,188,1.000000
biencoder,aep_dataset,bge-large-en-v1.5,T2-T11,188,1.000000
biencoder,aep_dataset,bge-large-en-v1.5,T3-T4,188,0.845745
biencoder,aep_dataset,bge-large-en-v1.5,T3-T6,188,0.909574
biencoder,aep_dataset,bge-large-en-v1.5,T3-T7,188,0.973404
biencoder,aep_dataset,bge-large-en-v1.5,T3-T8,188,0.952128
biencoder,aep_dataset,bge-large-en-v1.5,T3-T9,188,0.978723
biencoder,aep_dataset,bge-large-en-v1.5,T3-T10,188,0.989362
biencoder,aep_dataset,bge-large-en-v1.5,T3-T11,188,1.000000
biencoder,aep_dataset,bge-large-en-v1.5,T4-T6,188,0.856383
biencoder,aep_dataset,bge-large-en-v1.5,T4-T7,188,0.920213
biencoder,aep_dataset,bge-large-en-v1.5,T4-T8,188,0.946809
biencoder,aep_dataset,bge-large-en-v1.5,T4-T9,188,0.952128
biencoder,aep_dataset,bge-large-en-v1.5,T4-T10,188,0.989362
biencoder,aep_dataset,bge-large-en-v1.5,T4-T11,188,0.989362
biencoder,aep_dataset,bge-large-en-v1.5,T6-T7,188,0.893617
biencoder,aep_dataset,bge-large-en-v1.5,T6-T8,188,0.909574
biencoder,aep_dataset,bge-large-en-v1.5,T6-T9,188,0.904255
biencoder,aep_dataset,bge-large-en-v1.5,T6-T10,188,0.914894
biencoder,aep_dataset,bge-large-en-v1.5,T6-T11,188,0.973404
biencoder,aep_dataset,bge-large-en-v1.5,T7-T8,188,0.856383
biencoder,aep_dataset,bge-large-en-v1.5,T7-T9,188,0.957447
biencoder,aep_dataset,bge-large-en-v1.5,T7-T10,188,0.909574
biencoder,aep_dataset,bge-large-en-v1.5,T7-T11,188,0.994681
biencoder,aep_dataset,bge-large-en-v1.5,T8-T9,188,0.888298
biencoder,aep_dataset,bge-large-en-v1.5,T8-T10,188,0.851064
biencoder,aep_dataset,bge-large-en-v1.5,T8-T11,188,0.946809
biencoder,aep_dataset,bge-large-en-v1.5,T9-T10,188,0.845745
biencoder,aep_dataset,bge-large-en-v1.5,T9-T11,188,0.952128
biencoder,aep_dataset,bge-large-en-v1.5,T10-T11,188,0.941489
biencoder,aep_causal_wf_v3,deberta-v3-large,T1-T1,2,0.500000
biencoder,aep_causal_wf_v3,deberta-v3-large,T1-T2,1,1.000000
biencoder,aep_causal_wf_v3,deberta-v3-large,T1-T3,1,1.000000
biencoder,aep_causal_wf_v3,deberta-v3-large,T1-T4,1,1.000000
biencoder,aep_causal_wf_v3,deberta-v3-large,T1-T5,2,1.000000
biencoder,aep_causal_wf_v3,deberta-v3-large,T1-T6,2,1.000000
biencoder,aep_causal_wf_v3,deberta-v3-large,T1-T7,2,1.000000
biencoder,aep_causal_wf_v3,deberta-v3-large,T1-T8,2,1.000000
biencoder,aep_causal_wf_v3,deberta-v3-large,T1-T10,1,1.000000
biencoder,aep_causal_wf_v3,deberta-v3-large,T1-T12,1,1.000000
biencoder,aep_causal_wf_v3,deberta-v3-large,T2-T3,2,1.000000
biencoder,aep_causal_wf_v3,deberta-v3-large,T2-T4,2,1.000000
biencoder,aep_causal_wf_v3,deberta-v3-large,T2-T6,3,1.000000
biencoder,aep_causal_wf_v3,deberta-v3-large,T2-T7,1,1.000000
biencoder,aep_causal_wf_v3,deberta-v3-large,T2-T9,2,1.000000
biencoder,aep_causal_wf_v3,deberta-v3-large,T2-T11,1,1.000000
biencoder,aep_causal_wf_v3,deberta-v3-large,T2-T13,2,1.000000
biencoder,aep_causal_wf_v3,deberta-v3-large,T2-T14,1,1.000000
biencoder,aep_causal_wf_v3,deberta-v3-large,T2-T15,1,1.000000
biencoder,aep_causal_wf_v3,deberta-v3-large,T3-T3,6,0.833333
biencoder,aep_causal_wf_v3,deberta-v3-large,T3-T4,6,0.666667
biencoder,aep_causal_wf_v3,deberta-v3-large,T3-T5,1,0.000000
biencoder,aep_causal_wf_v3,deberta-v3-large,T3-T6,2,0.500000
biencoder,aep_causal_wf_v3,deberta-v3-large,T3-T7,2,1.000000
biencoder,aep_causal_wf_v3,deberta-v3-large,T3-T8,1,1.000000
biencoder,aep_causal_wf_v3,deberta-v3-large,T3-T9,3,0.666667
biencoder,aep_causal_wf_v3,deberta-v3-large,T3-T11,1,1.000000
biencoder,aep_causal_wf_v3,deberta-v3-large,T3-T12,3,1.000000
biencoder,aep_causal_wf_v3,deberta-v3-large,T3-T13,2,1.000000
biencoder,aep_causal_wf_v3,deberta-v3-large,T3-T14,1,1.000000
biencoder,aep_causal_wf_v3,deberta-v3-large,T3-T15,4,1.000000
biencoder,aep_causal_wf_v3,deberta-v3-large,T4-T4,3,0.333333
biencoder,aep_causal_wf_v3,deberta-v3-large,T4-T5,1,0.000000
biencoder,aep_causal_wf_v3,deberta-v3-large,T4-T8,2,1.000000
biencoder,aep_causal_wf_v3,deberta-v3-large,T4-T9,1,1.000000
biencoder,aep_causal_wf_v3,deberta-v3-large,T4-T10,3,1.000000
biencoder,aep_causal_wf_v3,deberta-v3-large,T4-T11,1,1.000000
biencoder,aep_causal_wf_v3,deberta-v3-large,T4-T13,2,1.000000
biencoder,aep_causal_wf_v3,deberta-v3-large,T4-T15,2,1.000000
biencoder,aep_causal_wf_v3,deberta-v3-large,T5-T5,24,0.791667
biencoder,aep_causal_wf_v3,deberta-v3-large,T5-T6,4,0.750000
biencoder,aep_causal_wf_v3,deberta-v3-large,T5-T7,1,0.000000
biencoder,aep_causal_wf_v3,deberta-v3-large,T5-T8,1,1.000000
biencoder,aep_causal_wf_v3,deberta-v3-large,T5-T10,1,1.000000
biencoder,aep_causal_wf_v3,deberta-v3-large,T5-T11,2,1.000000
biencoder,aep_causal_wf_v3,deberta-v3-large,T5-T13,2,1.000000
biencoder,aep_causal_wf_v3,deberta-v3-large,T5-T14,1,1.000000
biencoder,aep_causal_wf_v3,deberta-v3-large,T6-T6,33,0.545455
biencoder,aep_causal_wf_v3,deberta-v3-large,T6-T8,1,0.000000
biencoder,aep_causal_wf_v3,deberta-v3-large,T6-T9,1,0.000000
biencoder,aep_causal_wf_v3,deberta-v3-large,T6-T10,1,0.000000
biencoder,aep_causal_wf_v3,deberta-v3-large,T6-T11,4,1.000000
biencoder,aep_causal_wf_v3,deberta-v3-large,T6-T12,1,1.000000
biencoder,aep_causal_wf_v3,deberta-v3-large,T6-T13,4,1.000000
biencoder,aep_causal_wf_v3,deberta-v3-large,T6-T15,2,1.000000
biencoder,aep_causal_wf_v3,deberta-v3-large,T7-T7,13,0.538462
biencoder,aep_causal_wf_v3,deberta-v3-large,T7-T8,4,0.750000
biencoder,aep_causal_wf_v3,deberta-v3-large,T7-T9,2,1.000000
biencoder,aep_causal_wf_v3,deberta-v3-large,T7-T10,1,1.000000
biencoder,aep_causal_wf_v3,deberta-v3-large,T7-T11,1,1.000000
biencoder,aep_causal_wf_v3,deberta-v3-large,T7-T12,1,1.000000
biencoder,aep_causal_wf_v3,deberta-v3-large,T7-T13,1,1.000000
biencoder,aep_causal_wf_v3,deberta-v3-large,T8-T8,3,0.666667
biencoder,aep_causal_wf_v3,deberta-v3-large,T8-T10,2,1.000000
biencoder,aep_causal_wf_v3,deberta-v3-large,T8-T11,2,1.000000
biencoder,aep_causal_wf_v3,deberta-v3-large,T8-T12,1,1.000000
biencoder,aep_causal_wf_v3,deberta-v3-large,T8-T13,1,1.000000
biencoder,aep_causal_wf_v3,deberta-v3-large,T8-T15,2,1.000000
biencoder,aep_causal_wf_v3,deberta-v3-large,T9-T9,15,0.800000
biencoder,aep_causal_wf_v3,deberta-v3-large,T9-T10,2,0.500000
biencoder,aep_causal_wf_v3,deberta-v3-large,T9-T11,1,1.000000
biencoder,aep_causal_wf_v3,deberta-v3-large,T9-T12,1,1.000000
biencoder,aep_causal_wf_v3,deberta-v3-large,T9-T13,1,1.000000
biencoder,aep_causal_wf_v3,deberta-v3-large,T9-T14,2,1.000000
biencoder,aep_causal_wf_v3,deberta-v3-large,T10-T10,17,0.882353
biencoder,aep_causal_wf_v3,deberta-v3-large,T10-T11,1,1.000000
biencoder,aep_causal_wf_v3,deberta-v3-large,T10-T12,1,1.000000
biencoder,aep_causal_wf_v3,deberta-v3-large,T10-T13,2,1.000000
biencoder,aep_causal_wf_v3,deberta-v3-large,T10-T14,1,1.000000
biencoder,aep_causal_wf_v3,deberta-v3-large,T10-T15,1,1.000000
biencoder,aep_causal_wf_v3,deberta-v3-large,T11-T11,2,1.000000
biencoder,aep_causal_wf_v3,deberta-v3-large,T11-T12,2,0.500000
biencoder,aep_causal_wf_v3,deberta-v3-large,T11-T13,2,1.000000
biencoder,aep_causal_wf_v3,deberta-v3-large,T11-T14,2,1.000000
biencoder,aep_causal_wf_v3,deberta-v3-large,T12-T12,26,0.615385
biencoder,aep_causal_wf_v3,deberta-v3-large,T12-T13,2,1.000000
biencoder,aep_causal_wf_v3,deberta-v3-large,T12-T14,2,1.000000
biencoder,aep_causal_wf_v3,deberta-v3-large,T12-T15,3,0.666667
biencoder,aep_causal_wf_v3,deberta-v3-large,T13-T13,5,0.600000
biencoder,aep_causal_wf_v3,deberta-v3-large,T13-T15,2,0.500000
biencoder,aep_causal_wf_v3,deberta-v3-large,T14-T14,10,0.300000
biencoder,aep_causal_wf_v3,deberta-v3-large,T14-T15,1,0.000000
biencoder,aep_causal_wf_v3,deberta-v3-large,T15-T15,20,0.650000
biencoder,aep_causal_wf_v3,all-mpnet-base-v2,T1-T1,2,0.000000
biencoder,aep_causal_wf_v3,all-mpnet-base-v2,T1-T2,1,1.000000
biencoder,aep_causal_wf_v3,all-mpnet-base-v2,T1-T3,1,1.000000
biencoder,aep_causal_wf_v3,all-mpnet-base-v2,T1-T4,1,1.000000
biencoder,aep_causal_wf_v3,all-mpnet-base-v2,T1-T5,2,1.000000
biencoder,aep_causal_wf_v3,all-mpnet-base-v2,T1-T6,2,1.000000
biencoder,aep_causal_wf_v3,all-mpnet-base-v2,T1-T7,2,1.000000
biencoder,aep_causal_wf_v3,all-mpnet-base-v2,T1-T8,2,1.000000
biencoder,aep_causal_wf_v3,all-mpnet-base-v2,T1-T10,1,1.000000
biencoder,aep_causal_wf_v3,all-mpnet-base-v2,T1-T12,1,1.000000
biencoder,aep_causal_wf_v3,all-mpnet-base-v2,T2-T3,2,1.000000
biencoder,aep_causal_wf_v3,all-mpnet-base-v2,T2-T4,2,1.000000
biencoder,aep_causal_wf_v3,all-mpnet-base-v2,T2-T6,3,1.000000
biencoder,aep_causal_wf_v3,all-mpnet-base-v2,T2-T7,1,1.000000
biencoder,aep_causal_wf_v3,all-mpnet-base-v2,T2-T9,2,1.000000
biencoder,aep_causal_wf_v3,all-mpnet-base-v2,T2-T11,1,1.000000
biencoder,aep_causal_wf_v3,all-mpnet-base-v2,T2-T13,2,1.000000
biencoder,aep_causal_wf_v3,all-mpnet-base-v2,T2-T14,1,1.000000
biencoder,aep_causal_wf_v3,all-mpnet-base-v2,T2-T15,1,1.000000
biencoder,aep_causal_wf_v3,all-mpnet-base-v2,T3-T3,6,0.833333
biencoder,aep_causal_wf_v3,all-mpnet-base-v2,T3-T4,6,0.666667
biencoder,aep_causal_wf_v3,all-mpnet-base-v2,T3-T5,1,0.000000
biencoder,aep_causal_wf_v3,all-mpnet-base-v2,T3-T6,2,1.000000
biencoder,aep_causal_wf_v3,all-mpnet-base-v2,T3-T7,2,1.000000
biencoder,aep_causal_wf_v3,all-mpnet-base-v2,T3-T8,1,1.000000
biencoder,aep_causal_wf_v3,all-mpnet-base-v2,T3-T9,3,1.000000
biencoder,aep_causal_wf_v3,all-mpnet-base-v2,T3-T11,1,1.000000
biencoder,aep_causal_wf_v3,all-mpnet-base-v2,T3-T12,3,1.000000
biencoder,aep_causal_wf_v3,all-mpnet-base-v2,T3-T13,2,1.000000
biencoder,aep_causal_wf_v3,all-mpnet-base-v2,T3-T14,1,1.000000
biencoder,aep_causal_wf_v3,all-mpnet-base-v2,T3-T15,4,1.000000
biencoder,aep_causal_wf_v3,all-mpnet-base-v2,T4-T4,3,0.000000
biencoder,aep_causal_wf_v3,all-mpnet-base-v2,T4-T5,1,1.000000
biencoder,aep_causal_wf_v3,all-mpnet-base-v2,T4-T8,2,0.500000
biencoder,aep_causal_wf_v3,all-mpnet-base-v2,T4-T9,1,0.000000
biencoder,aep_causal_wf_v3,all-mpnet-base-v2,T4-T10,3,1.000000
biencoder,aep_causal_wf_v3,all-mpnet-base-v2,T4-T11,1,1.000000
biencoder,aep_causal_wf_v3,all-mpnet-base-v2,T4-T13,2,1.000000
biencoder,aep_causal_wf_v3,all-mpnet-base-v2,T4-T15,2,1.000000
biencoder,aep_causal_wf_v3,all-mpnet-base-v2,T5-T5,24,0.625000
biencoder,aep_causal_wf_v3,all-mpnet-base-v2,T5-T6,4,0.750000
biencoder,aep_causal_wf_v3,all-mpnet-base-v2,T5-T7,1,1.000000
biencoder,aep_causal_wf_v3,all-mpnet-base-v2,T5-T8,1,1.000000
biencoder,aep_causal_wf_v3,all-mpnet-base-v2,T5-T10,1,1.000000
biencoder,aep_causal_wf_v3,all-mpnet-base-v2,T5-T11,2,0.500000
biencoder,aep_causal_wf_v3,all-mpnet-base-v2,T5-T13,2,1.000000
biencoder,aep_causal_wf_v3,all-mpnet-base-v2,T5-T14,1,1.000000
biencoder,aep_causal_wf_v3,all-mpnet-base-v2,T6-T6,33,0.878788
biencoder,aep_causal_wf_v3,all-mpnet-base-v2,T6-T8,1,0.000000
biencoder,aep_causal_wf_v3,all-mpnet-base-v2,T6-T9,1,1.000000
biencoder,aep_causal_wf_v3,all-mpnet-base-v2,T6-T10,1,0.000000
biencoder,aep_causal_wf_v3,all-mpnet-base-v2,T6-T11,4,0.500000
biencoder,aep_causal_wf_v3,all-mpnet-base-v2,T6-T12,1,1.000000
biencoder,aep_causal_wf_v3,all-mpnet-base-v2,T6-T13,4,1.000000
biencoder,aep_causal_wf_v3,all-mpnet-base-v2,T6-T15,2,0.500000
biencoder,aep_causal_wf_v3,all-mpnet-base-v2,T7-T7,13,0.615385
biencoder,aep_causal_wf_v3,all-mpnet-base-v2,T7-T8,4,0.500000
biencoder,aep_causal_wf_v3,all-mpnet-base-v2,T7-T9,2,0.500000
biencoder,aep_causal_wf_v3,all-mpnet-base-v2,T7-T10,1,1.000000
biencoder,aep_causal_wf_v3,all-mpnet-base-v2,T7-T11,1,1.000000
biencoder,aep_causal_wf_v3,all-mpnet-base-v2,T7-T12,1,1.000000
biencoder,aep_causal_wf_v3,all-mpnet-base-v2,T7-T13,1,1.000000
biencoder,aep_causal_wf_v3,all-mpnet-base-v2,T8-T8,3,1.000000
biencoder,aep_causal_wf_v3,all-mpnet-base-v2,T8-T10,2,0.500000
biencoder,aep_causal_wf_v3,all-mpnet-base-v2,T8-T11,2,1.000000
biencoder,aep_causal_wf_v3,all-mpnet-base-v2,T8-T12,1,1.000000
biencoder,aep_causal_wf_v3,all-mpnet-base-v2,T8-T13,1,1.000000
biencoder,aep_causal_wf_v3,all-mpnet-base-v2,T8-T15,2,1.000000
biencoder,aep_causal_wf_v3,all-mpnet-base-v2,T9-T9,15,0.733333
biencoder,aep_causal_wf_v3,all-mpnet-base-v2,T9-T10,2,0.500000
biencoder,aep_causal_wf_v3,all-mpnet-base-v2,T9-T11,1,1.000000
biencoder,aep_causal_wf_v3,all-mpnet-base-v2,T9-T12,1,1.000000
biencoder,aep_causal_wf_v3,all-mpnet-base-v2,T9-T13,1,1.000000
biencoder,aep_causal_wf_v3,all-mpnet-base-v2,T9-T14,2,0.500000
biencoder,aep_causal_wf_v3,all-mpnet-base-v2,T10-T10,17,0.823529
biencoder,aep_causal_wf_v3,all-mpnet-base-v2,T10-T11,1,0.000000
biencoder,aep_causal_wf_v3,all-mpnet-base-v2,T10-T12,1,1.000000
biencoder,aep_causal_wf_v3,all-mpnet-base-v2,T10-T13,2,1.000000
biencoder,aep_causal_wf_v3,all-mpnet-base-v2,T10-T14,1,1.000000
biencoder,aep_causal_wf_v3,all-mpnet-base-v2,T10-T15,1,1.000000
biencoder,aep_causal_wf_v3,all-mpnet-base-v2,T11-T11,2,1.000000
biencoder,aep_causal_wf_v3,all-mpnet-base-v2,T11-T12,2,0.500000
biencoder,aep_causal_wf_v3,all-mpnet-base-v2,T11-T13,2,1.000000
biencoder,aep_causal_wf_v3,all-mpnet-base-v2,T11-T14,2,1.000000
biencoder,aep_causal_wf_v3,all-mpnet-base-v2,T12-T12,26,0.807692
biencoder,aep_causal_wf_v3,all-mpnet-base-v2,T12-T13,2,0.500000
biencoder,aep_causal_wf_v3,all-mpnet-base-v2,T12-T14,2,1.000000
biencoder,aep_causal_wf_v3,all-mpnet-base-v2,T12-T15,3,1.000000
biencoder,aep_causal_wf_v3,all-mpnet-base-v2,T13-T13,5,0.400000
biencoder,aep_causal_wf_v3,all-mpnet-base-v2,T13-T15,2,1.000000
biencoder,aep_causal_wf_v3,all-mpnet-base-v2,T14-T14,10,0.400000
biencoder,aep_causal_wf_v3,all-mpnet-base-v2,T14-T15,1,0.000000
biencoder,aep_causal_wf_v3,all-mpnet-base-v2,T15-T15,20,0.800000
biencoder,aep_causal_wf_v3,all-MiniLM-L6-v2,T1-T1,2,0.000000
biencoder,aep_causal_wf_v3,all-MiniLM-L6-v2,T1-T2,1,1.000000
biencoder,aep_causal_wf_v3,all-MiniLM-L6-v2,T1-T3,1,1.000000
biencoder,aep_causal_wf_v3,all-MiniLM-L6-v2,T1-T4,1,1.000000
biencoder,aep_causal_wf_v3,all-MiniLM-L6-v2,T1-T5,2,1.000000
biencoder,aep_causal_wf_v3,all-MiniLM-L6-v2,T1-T6,2,1.000000
biencoder,aep_causal_wf_v3,all-MiniLM-L6-v2,T1-T7,2,1.000000
biencoder,aep_causal_wf_v3,all-MiniLM-L6-v2,T1-T8,2,1.000000
biencoder,aep_causal_wf_v3,all-MiniLM-L6-v2,T1-T10,1,1.000000
biencoder,aep_causal_wf_v3,all-MiniLM-L6-v2,T1-T12,1,1.000000
biencoder,aep_causal_wf_v3,all-MiniLM-L6-v2,T2-T3,2,0.000000
biencoder,aep_causal_wf_v3,all-MiniLM-L6-v2,T2-T4,2,1.000000
biencoder,aep_causal_wf_v3,all-MiniLM-L6-v2,T2-T6,3,0.666667
biencoder,aep_causal_wf_v3,all-MiniLM-L6-v2,T2-T7,1,1.000000
biencoder,aep_causal_wf_v3,all-MiniLM-L6-v2,T2-T9,2,1.000000
biencoder,aep_causal_wf_v3,all-MiniLM-L6-v2,T2-T11,1,1.000000
biencoder,aep_causal_wf_v3,all-MiniLM-L6-v2,T2-T13,2,1.000000
biencoder,aep_causal_wf_v3,all-MiniLM-L6-v2,T2-T14,1,1.000000
biencoder,aep_causal_wf_v3,all-MiniLM-L6-v2,T2-T15,1,1.000000
biencoder,aep_causal_wf_v3,all-MiniLM-L6-v2,T3-T3,6,0.500000
biencoder,aep_causal_wf_v3,all-MiniLM-L6-v2,T3-T4,6,0.833333
biencoder,aep_causal_wf_v3,all-MiniLM-L6-v2,T3-T5,1,1.000000
biencoder,aep_causal_wf_v3,all-MiniLM-L6-v2,T3-T6,2,0.500000
biencoder,aep_causal_wf_v3,all-MiniLM-L6-v2,T3-T7,2,1.000000
biencoder,aep_causal_wf_v3,all-MiniLM-L6-v2,T3-T8,1,1.000000
biencoder,aep_causal_wf_v3,all-MiniLM-L6-v2,T3-T9,3,1.000000
biencoder,aep_causal_wf_v3,all-MiniLM-L6-v2,T3-T11,1,1.000000
biencoder,aep_causal_wf_v3,all-MiniLM-L6-v2,T3-T12,3,1.000000
biencoder,aep_causal_wf_v3,all-MiniLM-L6-v2,T3-T13,2,1.000000
biencoder,aep_causal_wf_v3,all-MiniLM-L6-v2,T3-T14,1,1.000000
biencoder,aep_causal_wf_v3,all-MiniLM-L6-v2,T3-T15,4,1.000000
biencoder,aep_causal_wf_v3,all-MiniLM-L6-v2,T4-T4,3,0.000000
biencoder,aep_causal_wf_v3,all-MiniLM-L6-v2,T4-T5,1,1.000000
biencoder,aep_causal_wf_v3,all-MiniLM-L6-v2,T4-T8,2,0.000000
biencoder,aep_causal_wf_v3,all-MiniLM-L6-v2,T4-T9,1,0.000000
biencoder,aep_causal_wf_v3,all-MiniLM-L6-v2,T4-T10,3,1.000000
biencoder,aep_causal_wf_v3,all-MiniLM-L6-v2,T4-T11,1,1.000000
biencoder,aep_causal_wf_v3,all-MiniLM-L6-v2,T4-T13,2,1.000000
biencoder,aep_causal_wf_v3,all-MiniLM-L6-v2,T4-T15,2,1.000000
biencoder,aep_causal_wf_v3,all-MiniLM-L6-v2,T5-T5,24,0.666667
biencoder,aep_causal_wf_v3,all-MiniLM-L6-v2,T5-T6,4,0.500000
biencoder,aep_causal_wf_v3,all-MiniLM-L6-v2,T5-T7,1,1.000000
biencoder,aep_causal_wf_v3,all-MiniLM-L6-v2,T5-T8,1,1.000000
biencoder,aep_causal_wf_v3,all-MiniLM-L6-v2,T5-T10,1,0.000000
biencoder,aep_causal_wf_v3,all-MiniLM-L6-v2,T5-T11,2,1.000000
biencoder,aep_causal_wf_v3,all-MiniLM-L6-v2,T5-T13,2,1.000000
biencoder,aep_causal_wf_v3,all-MiniLM-L6-v2,T5-T14,1,1.000000
biencoder,aep_causal_wf_v3,all-MiniLM-L6-v2,T6-T6,33,0.727273
biencoder,aep_causal_wf_v3,all-MiniLM-L6-v2,T6-T8,1,0.000000
biencoder,aep_causal_wf_v3,all-MiniLM-L6-v2,T6-T9,1,0.000000
biencoder,aep_causal_wf_v3,all-MiniLM-L6-v2,T6-T10,1,0.000000
biencoder,aep_causal_wf_v3,all-MiniLM-L6-v2,T6-T11,4,0.750000
biencoder,aep_causal_wf_v3,all-MiniLM-L6-v2,T6-T12,1,1.000000
biencoder,aep_causal_wf_v3,all-MiniLM-L6-v2,T6-T13,4,1.000000
biencoder,aep_causal_wf_v3,all-MiniLM-L6-v2,T6-T15,2,0.500000
biencoder,aep_causal_wf_v3,all-MiniLM-L6-v2,T7-T7,13,0.615385
biencoder,aep_causal_wf_v3,all-MiniLM-L6-v2,T7-T8,4,1.000000
biencoder,aep_causal_wf_v3,all-MiniLM-L6-v2,T7-T9,2,1.000000
biencoder,aep_causal_wf_v3,all-MiniLM-L6-v2,T7-T10,1,1.000000
biencoder,aep_causal_wf_v3,all-MiniLM-L6-v2,T7-T11,1,1.000000
biencoder,aep_causal_wf_v3,all-MiniLM-L6-v2,T7-T12,1,1.000000
biencoder,aep_causal_wf_v3,all-MiniLM-L6-v2,T7-T13,1,1.000000
biencoder,aep_causal_wf_v3,all-MiniLM-L6-v2,T8-T8,3,0.666667
biencoder,aep_causal_wf_v3,all-MiniLM-L6-v2,T8-T10,2,0.000000
biencoder,aep_causal_wf_v3,all-MiniLM-L6-v2,T8-T11,2,1.000000
biencoder,aep_causal_wf_v3,all-MiniLM-L6-v2,T8-T12,1,1.000000
biencoder,aep_causal_wf_v3,all-MiniLM-L6-v2,T8-T13,1,1.000000
biencoder,aep_causal_wf_v3,all-MiniLM-L6-v2,T8-T15,2,0.000000
biencoder,aep_causal_wf_v3,all-MiniLM-L6-v2,T9-T9,15,0.600000
biencoder,aep_causal_wf_v3,all-MiniLM-L6-v2,T9-T10,2,0.500000
biencoder,aep_causal_wf_v3,all-MiniLM-L6-v2,T9-T11,1,1.000000
biencoder,aep_causal_wf_v3,all-MiniLM-L6-v2,T9-T12,1,1.000000
biencoder,aep_causal_wf_v3,all-MiniLM-L6-v2,T9-T13,1,1.000000
biencoder,aep_causal_wf_v3,all-MiniLM-L6-v2,T9-T14,2,0.500000
biencoder,aep_causal_wf_v3,all-MiniLM-L6-v2,T10-T10,17,0.882353
biencoder,aep_causal_wf_v3,all-MiniLM-L6-v2,T10-T11,1,0.000000
biencoder,aep_causal_wf_v3,all-MiniLM-L6-v2,T10-T12,1,1.000000
biencoder,aep_causal_wf_v3,all-MiniLM-L6-v2,T10-T13,2,1.000000
biencoder,aep_causal_wf_v3,all-MiniLM-L6-v2,T10-T14,1,0.000000
biencoder,aep_causal_wf_v3,all-MiniLM-L6-v2,T10-T15,1,1.000000
biencoder,aep_causal_wf_v3,all-MiniLM-L6-v2,T11-T11,2,1.000000
biencoder,aep_causal_wf_v3,all-MiniLM-L6-v2,T11-T12,2,0.500000
biencoder,aep_causal_wf_v3,all-MiniLM-L6-v2,T11-T13,2,1.000000
biencoder,aep_causal_wf_v3,all-MiniLM-L6-v2,T11-T14,2,0.000000
biencoder,aep_causal_wf_v3,all-MiniLM-L6-v2,T12-T12,26,0.692308
biencoder,aep_causal_wf_v3,all-MiniLM-L6-v2,T12-T13,2,1.000000
biencoder,aep_causal_wf_v3,all-MiniLM-L6-v2,T12-T14,2,1.000000
biencoder,aep_causal_wf_v3,all-MiniLM-L6-v2,T12-T15,3,0.333333
biencoder,aep_causal_wf_v3,all-MiniLM-L6-v2,T13-T13,5,0.400000
biencoder,aep_causal_wf_v3,all-MiniLM-L6-v2,T13-T15,2,1.000000
biencoder,aep_causal_wf_v3,all-MiniLM-L6-v2,T14-T14,10,0.600000
biencoder,aep_causal_wf_v3,all-MiniLM-L6-v2,T14-T15,1,0.000000
biencoder,aep_causal_wf_v3,all-MiniLM-L6-v2,T15-T15,20,0.900000
biencoder,aep_causal_wf_v3,e5-large-v2,T1-T1,2,0.000000
biencoder,aep_causal_wf_v3,e5-large-v2,T1-T2,1,1.000000
biencoder,aep_causal_wf_v3,e5-large-v2,T1-T3,1,1.000000
biencoder,aep_causal_wf_v3,e5-large-v2,T1-T4,1,1.000000
biencoder,aep_causal_wf_v3,e5-large-v2,T1-T5,2,1.000000
biencoder,aep_causal_wf_v3,e5-large-v2,T1-T6,2,1.000000
biencoder,aep_causal_wf_v3,e5-large-v2,T1-T7,2,1.000000
biencoder,aep_causal_wf_v3,e5-large-v2,T1-T8,2,1.000000
biencoder,aep_causal_wf_v3,e5-large-v2,T1-T10,1,1.000000
biencoder,aep_causal_wf_v3,e5-large-v2,T1-T12,1,1.000000
biencoder,aep_causal_wf_v3,e5-large-v2,T2-T3,2,1.000000
biencoder,aep_causal_wf_v3,e5-large-v2,T2-T4,2,1.000000
biencoder,aep_causal_wf_v3,e5-large-v2,T2-T6,3,1.000000
biencoder,aep_causal_wf_v3,e5-large-v2,T2-T7,1,1.000000
biencoder,aep_causal_wf_v3,e5-large-v2,T2-T9,2,1.000000
biencoder,aep_causal_wf_v3,e5-large-v2,T2-T11,1,1.000000
biencoder,aep_causal_wf_v3,e5-large-v2,T2-T13,2,1.000000
biencoder,aep_causal_wf_v3,e5-large-v2,T2-T14,1,1.000000
biencoder,aep_causal_wf_v3,e5-large-v2,T2-T15,1,1.000000
biencoder,aep_causal_wf_v3,e5-large-v2,T3-T3,6,0.833333
biencoder,aep_causal_wf_v3,e5-large-v2,T3-T4,6,0.666667
biencoder,aep_causal_wf_v3,e5-large-v2,T3-T5,1,0.000000
biencoder,aep_causal_wf_v3,e5-large-v2,T3-T6,2,0.500000
biencoder,aep_causal_wf_v3,e5-large-v2,T3-T7,2,1.000000
biencoder,aep_causal_wf_v3,e5-large-v2,T3-T8,1,1.000000
biencoder,aep_causal_wf_v3,e5-large-v2,T3-T9,3,0.666667
biencoder,aep_causal_wf_v3,e5-large-v2,T3-T11,1,1.000000
biencoder,aep_causal_wf_v3,e5-large-v2,T3-T12,3,1.000000
biencoder,aep_causal_wf_v3,e5-large-v2,T3-T13,2,1.000000
biencoder,aep_causal_wf_v3,e5-large-v2,T3-T14,1,1.000000
biencoder,aep_causal_wf_v3,e5-large-v2,T3-T15,4,1.000000
biencoder,aep_causal_wf_v3,e5-large-v2,T4-T4,3,0.333333
biencoder,aep_causal_wf_v3,e5-large-v2,T4-T5,1,0.000000
biencoder,aep_causal_wf_v3,e5-large-v2,T4-T8,2,0.500000
biencoder,aep_causal_wf_v3,e5-large-v2,T4-T9,1,1.000000
biencoder,aep_causal_wf_v3,e5-large-v2,T4-T10,3,1.000000
biencoder,aep_causal_wf_v3,e5-large-v2,T4-T11,1,1.000000
biencoder,aep_causal_wf_v3,e5-large-v2,T4-T13,2,1.000000
biencoder,aep_causal_wf_v3,e5-large-v2,T4-T15,2,1.000000
biencoder,aep_causal_wf_v3,e5-large-v2,T5-T5,24,0.708333
biencoder,aep_causal_wf_v3,e5-large-v2,T5-T6,4,0.500000
biencoder,aep_causal_wf_v3,e5-large-v2,T5-T7,1,0.000000
biencoder,aep_causal_wf_v3,e5-large-v2,T5-T8,1,1.000000
biencoder,aep_causal_wf_v3,e5-large-v2,T5-T10,1,1.000000
biencoder,aep_causal_wf_v3,e5-large-v2,T5-T11,2,1.000000
biencoder,aep_causal_wf_v3,e5-large-v2,T5-T13,2,0.500000
biencoder,aep_causal_wf_v3,e5-large-v2,T5-T14,1,1.000000
biencoder,aep_causal_wf_v3,e5-large-v2,T6-T6,33,0.606061
biencoder,aep_causal_wf_v3,e5-large-v2,T6-T8,1,0.000000
biencoder,aep_causal_wf_v3,e5-large-v2,T6-T9,1,1.000000
biencoder,aep_causal_wf_v3,e5-large-v2,T6-T10,1,1.000000
biencoder,aep_causal_wf_v3,e5-large-v2,T6-T11,4,0.750000
biencoder,aep_causal_wf_v3,e5-large-v2,T6-T12,1,1.000000
biencoder,aep_causal_wf_v3,e5-large-v2,T6-T13,4,1.000000
biencoder,aep_causal_wf_v3,e5-large-v2,T6-T15,2,1.000000
biencoder,aep_causal_wf_v3,e5-large-v2,T7-T7,13,0.846154
biencoder,aep_causal_wf_v3,e5-large-v2,T7-T8,4,0.750000
biencoder,aep_causal_wf_v3,e5-large-v2,T7-T9,2,1.000000
biencoder,aep_causal_wf_v3,e5-large-v2,T7-T10,1,1.000000
biencoder,aep_causal_wf_v3,e5-large-v2,T7-T11,1,1.000000
biencoder,aep_causal_wf_v3,e5-large-v2,T7-T12,1,1.000000
biencoder,aep_causal_wf_v3,e5-large-v2,T7-T13,1,1.000000
biencoder,aep_causal_wf_v3,e5-large-v2,T8-T8,3,0.333333
biencoder,aep_causal_wf_v3,e5-large-v2,T8-T10,2,0.500000
biencoder,aep_causal_wf_v3,e5-large-v2,T8-T11,2,1.000000
biencoder,aep_causal_wf_v3,e5-large-v2,T8-T12,1,1.000000
biencoder,aep_causal_wf_v3,e5-large-v2,T8-T13,1,1.000000
biencoder,aep_causal_wf_v3,e5-large-v2,T8-T15,2,0.500000
biencoder,aep_causal_wf_v3,e5-large-v2,T9-T9,15,0.733333
biencoder,aep_causal_wf_v3,e5-large-v2,T9-T10,2,0.500000
biencoder,aep_causal_wf_v3,e5-large-v2,T9-T11,1,1.000000
biencoder,aep_causal_wf_v3,e5-large-v2,T9-T12,1,0.000000
biencoder,aep_causal_wf_v3,e5-large-v2,T9-T13,1,1.000000
biencoder,aep_causal_wf_v3,e5-large-v2,T9-T14,2,1.000000
biencoder,aep_causal_wf_v3,e5-large-v2,T10-T10,17,0.882353
biencoder,aep_causal_wf_v3,e5-large-v2,T10-T11,1,0.000000
biencoder,aep_causal_wf_v3,e5-large-v2,T10-T12,1,0.000000
biencoder,aep_causal_wf_v3,e5-large-v2,T10-T13,2,1.000000
biencoder,aep_causal_wf_v3,e5-large-v2,T10-T14,1,1.000000
biencoder,aep_causal_wf_v3,e5-large-v2,T10-T15,1,1.000000
biencoder,aep_causal_wf_v3,e5-large-v2,T11-T11,2,1.000000
biencoder,aep_causal_wf_v3,e5-large-v2,T11-T12,2,0.000000
biencoder,aep_causal_wf_v3,e5-large-v2,T11-T13,2,1.000000
biencoder,aep_causal_wf_v3,e5-large-v2,T11-T14,2,0.500000
biencoder,aep_causal_wf_v3,e5-large-v2,T12-T12,26,0.730769
biencoder,aep_causal_wf_v3,e5-large-v2,T12-T13,2,1.000000
biencoder,aep_causal_wf_v3,e5-large-v2,T12-T14,2,0.500000
biencoder,aep_causal_wf_v3,e5-large-v2,T12-T15,3,0.666667
biencoder,aep_causal_wf_v3,e5-large-v2,T13-T13,5,0.600000
biencoder,aep_causal_wf_v3,e5-large-v2,T13-T15,2,0.500000
biencoder,aep_causal_wf_v3,e5-large-v2,T14-T14,10,0.300000
biencoder,aep_causal_wf_v3,e5-large-v2,T14-T15,1,1.000000
biencoder,aep_causal_wf_v3,e5-large-v2,T15-T15,20,0.550000
biencoder,aep_causal_wf_v3,bge-base-en-v1.5,T1-T1,2,0.000000
biencoder,aep_causal_wf_v3,bge-base-en-v1.5,T1-T2,1,1.000000
biencoder,aep_causal_wf_v3,bge-base-en-v1.5,T1-T3,1,1.000000
biencoder,aep_causal_wf_v3,bge-base-en-v1.5,T1-T4,1,1.000000
biencoder,aep_causal_wf_v3,bge-base-en-v1.5,T1-T5,2,1.000000
biencoder,aep_causal_wf_v3,bge-base-en-v1.5,T1-T6,2,1.000000
biencoder,aep_causal_wf_v3,bge-base-en-v1.5,T1-T7,2,1.000000
biencoder,aep_causal_wf_v3,bge-base-en-v1.5,T1-T8,2,1.000000
biencoder,aep_causal_wf_v3,bge-base-en-v1.5,T1-T10,1,1.000000
biencoder,aep_causal_wf_v3,bge-base-en-v1.5,T1-T12,1,1.000000
biencoder,aep_causal_wf_v3,bge-base-en-v1.5,T2-T3,2,1.000000
biencoder,aep_causal_wf_v3,bge-base-en-v1.5,T2-T4,2,1.000000
biencoder,aep_causal_wf_v3,bge-base-en-v1.5,T2-T6,3,1.000000
biencoder,aep_causal_wf_v3,bge-base-en-v1.5,T2-T7,1,1.000000
biencoder,aep_causal_wf_v3,bge-base-en-v1.5,T2-T9,2,1.000000
biencoder,aep_causal_wf_v3,bge-base-en-v1.5,T2-T11,1,1.000000
biencoder,aep_causal_wf_v3,bge-base-en-v1.5,T2-T13,2,1.000000
biencoder,aep_causal_wf_v3,bge-base-en-v1.5,T2-T14,1,1.000000
biencoder,aep_causal_wf_v3,bge-base-en-v1.5,T2-T15,1,1.000000
biencoder,aep_causal_wf_v3,bge-base-en-v1.5,T3-T3,6,1.000000
biencoder,aep_causal_wf_v3,bge-base-en-v1.5,T3-T4,6,0.500000
biencoder,aep_causal_wf_v3,bge-base-en-v1.5,T3-T5,1,0.000000
biencoder,aep_causal_wf_v3,bge-base-en-v1.5,T3-T6,2,0.500000
biencoder,aep_causal_wf_v3,bge-base-en-v1.5,T3-T7,2,1.000000
biencoder,aep_causal_wf_v3,bge-base-en-v1.5,T3-T8,1,1.000000
biencoder,aep_causal_wf_v3,bge-base-en-v1.5,T3-T9,3,1.000000
biencoder,aep_causal_wf_v3,bge-base-en-v1.5,T3-T11,1,1.000000
biencoder,aep_causal_wf_v3,bge-base-en-v1.5,T3-T12,3,1.000000
biencoder,aep_causal_wf_v3,bge-base-en-v1.5,T3-T13,2,1.000000
biencoder,aep_causal_wf_v3,bge-base-en-v1.5,T3-T14,1,1.000000
biencoder,aep_causal_wf_v3,bge-base-en-v1.5,T3-T15,4,1.000000
biencoder,aep_causal_wf_v3,bge-base-en-v1.5,T4-T4,3,0.000000
biencoder,aep_causal_wf_v3,bge-base-en-v1.5,T4-T5,1,1.000000
biencoder,aep_causal_wf_v3,bge-base-en-v1.5,T4-T8,2,0.500000
biencoder,aep_causal_wf_v3,bge-base-en-v1.5,T4-T9,1,0.000000
biencoder,aep_causal_wf_v3,bge-base-en-v1.5,T4-T10,3,1.000000
biencoder,aep_causal_wf_v3,bge-base-en-v1.5,T4-T11,1,1.000000
biencoder,aep_causal_wf_v3,bge-base-en-v1.5,T4-T13,2,1.000000
biencoder,aep_causal_wf_v3,bge-base-en-v1.5,T4-T15,2,1.000000
biencoder,aep_causal_wf_v3,bge-base-en-v1.5,T5-T5,24,0.666667
biencoder,aep_causal_wf_v3,bge-base-en-v1.5,T5-T6,4,0.500000
biencoder,aep_causal_wf_v3,bge-base-en-v1.5,T5-T7,1,1.000000
biencoder,aep_causal_wf_v3,bge-base-en-v1.5,T5-T8,1,1.000000
biencoder,aep_causal_wf_v3,bge-base-en-v1.5,T5-T10,1,1.000000
biencoder,aep_causal_wf_v3,bge-base-en-v1.5,T5-T11,2,1.000000
biencoder,aep_causal_wf_v3,bge-base-en-v1.5,T5-T13,2,1.000000
biencoder,aep_causal_wf_v3,bge-base-en-v1.5,T5-T14,1,0.000000
biencoder,aep_causal_wf_v3,bge-base-en-v1.5,T6-T6,33,0.848485
biencoder,aep_causal_wf_v3,bge-base-en-v1.5,T6-T8,1,1.000000
biencoder,aep_causal_wf_v3,bge-base-en-v1.5,T6-T9,1,0.000000
biencoder,aep_causal_wf_v3,bge-base-en-v1.5,T6-T10,1,0.000000
biencoder,aep_causal_wf_v3,bge-base-en-v1.5,T6-T11,4,0.500000
biencoder,aep_causal_wf_v3,bge-base-en-v1.5,T6-T12,1,1.000000
biencoder,aep_causal_wf_v3,bge-base-en-v1.5,T6-T13,4,1.000000
biencoder,aep_causal_wf_v3,bge-base-en-v1.5,T6-T15,2,1.000000
biencoder,aep_causal_wf_v3,bge-base-en-v1.5,T7-T7,13,0.538462
biencoder,aep_causal_wf_v3,bge-base-en-v1.5,T7-T8,4,1.000000
biencoder,aep_causal_wf_v3,bge-base-en-v1.5,T7-T9,2,1.000000
biencoder,aep_causal_wf_v3,bge-base-en-v1.5,T7-T10,1,0.000000
biencoder,aep_causal_wf_v3,bge-base-en-v1.5,T7-T11,1,1.000000
biencoder,aep_causal_wf_v3,bge-base-en-v1.5,T7-T12,1,1.000000
biencoder,aep_causal_wf_v3,bge-base-en-v1.5,T7-T13,1,1.000000
biencoder,aep_causal_wf_v3,bge-base-en-v1.5,T8-T8,3,0.333333
biencoder,aep_causal_wf_v3,bge-base-en-v1.5,T8-T10,2,0.500000
biencoder,aep_causal_wf_v3,bge-base-en-v1.5,T8-T11,2,1.000000
biencoder,aep_causal_wf_v3,bge-base-en-v1.5,T8-T12,1,1.000000
biencoder,aep_causal_wf_v3,bge-base-en-v1.5,T8-T13,1,0.000000
biencoder,aep_causal_wf_v3,bge-base-en-v1.5,T8-T15,2,0.500000
biencoder,aep_causal_wf_v3,bge-base-en-v1.5,T9-T9,15,0.733333
biencoder,aep_causal_wf_v3,bge-base-en-v1.5,T9-T10,2,0.500000
biencoder,aep_causal_wf_v3,bge-base-en-v1.5,T9-T11,1,1.000000
biencoder,aep_causal_wf_v3,bge-base-en-v1.5,T9-T12,1,1.000000
biencoder,aep_causal_wf_v3,bge-base-en-v1.5,T9-T13,1,1.000000
biencoder,aep_causal_wf_v3,bge-base-en-v1.5,T9-T14,2,1.000000
biencoder,aep_causal_wf_v3,bge-base-en-v1.5,T10-T10,17,0.823529
biencoder,aep_causal_wf_v3,bge-base-en-v1.5,T10-T11,1,0.000000
biencoder,aep_causal_wf_v3,bge-base-en-v1.5,T10-T12,1,0.000000
biencoder,aep_causal_wf_v3,bge-base-en-v1.5,T10-T13,2,1.000000
biencoder,aep_causal_wf_v3,bge-base-en-v1.5,T10-T14,1,0.000000
biencoder,aep_causal_wf_v3,bge-base-en-v1.5,T10-T15,1,1.000000
biencoder,aep_causal_wf_v3,bge-base-en-v1.5,T11-T11,2,1.000000
biencoder,aep_causal_wf_v3,bge-base-en-v1.5,T11-T12,2,0.500000
biencoder,aep_causal_wf_v3,bge-base-en-v1.5,T11-T13,2,1.000000
biencoder,aep_causal_wf_v3,bge-base-en-v1.5,T11-T14,2,0.500000
biencoder,aep_causal_wf_v3,bge-base-en-v1.5,T12-T12,26,0.615385
biencoder,aep_causal_wf_v3,bge-base-en-v1.5,T12-T13,2,1.000000
biencoder,aep_causal_wf_v3,bge-base-en-v1.5,T12-T14,2,1.000000
biencoder,aep_causal_wf_v3,bge-base-en-v1.5,T12-T15,3,0.666667
biencoder,aep_causal_wf_v3,bge-base-en-v1.5,T13-T13,5,0.600000
biencoder,aep_causal_wf_v3,bge-base-en-v1.5,T13-T15,2,1.000000
biencoder,aep_causal_wf_v3,bge-base-en-v1.5,T14-T14,10,0.400000
biencoder,aep_causal_wf_v3,bge-base-en-v1.5,T14-T15,1,0.000000
biencoder,aep_causal_wf_v3,bge-base-en-v1.5,T15-T15,20,0.700000
biencoder,aep_causal_wf_v3,bge-large-en-v1.5,T1-T1,2,0.000000
biencoder,aep_causal_wf_v3,bge-large-en-v1.5,T1-T2,1,1.000000
biencoder,aep_causal_wf_v3,bge-large-en-v1.5,T1-T3,1,0.000000
biencoder,aep_causal_wf_v3,bge-large-en-v1.5,T1-T4,1,1.000000
biencoder,aep_causal_wf_v3,bge-large-en-v1.5,T1-T5,2,1.000000
biencoder,aep_causal_wf_v3,bge-large-en-v1.5,T1-T6,2,1.000000
biencoder,aep_causal_wf_v3,bge-large-en-v1.5,T1-T7,2,1.000000
biencoder,aep_causal_wf_v3,bge-large-en-v1.5,T1-T8,2,1.000000
biencoder,aep_causal_wf_v3,bge-large-en-v1.5,T1-T10,1,1.000000
biencoder,aep_causal_wf_v3,bge-large-en-v1.5,T1-T12,1,1.000000
biencoder,aep_causal_wf_v3,bge-large-en-v1.5,T2-T3,2,0.500000
biencoder,aep_causal_wf_v3,bge-large-en-v1.5,T2-T4,2,1.000000
biencoder,aep_causal_wf_v3,bge-large-en-v1.5,T2-T6,3,1.000000
biencoder,aep_causal_wf_v3,bge-large-en-v1.5,T2-T7,1,1.000000
biencoder,aep_causal_wf_v3,bge-large-en-v1.5,T2-T9,2,1.000000
biencoder,aep_causal_wf_v3,bge-large-en-v1.5,T2-T11,1,1.000000
biencoder,aep_causal_wf_v3,bge-large-en-v1.5,T2-T13,2,1.000000
biencoder,aep_causal_wf_v3,bge-large-en-v1.5,T2-T14,1,1.000000
biencoder,aep_causal_wf_v3,bge-large-en-v1.5,T2-T15,1,1.000000
biencoder,aep_causal_wf_v3,bge-large-en-v1.5,T3-T3,6,0.833333
biencoder,aep_causal_wf_v3,bge-large-en-v1.5,T3-T4,6,0.833333
biencoder,aep_causal_wf_v3,bge-large-en-v1.5,T3-T5,1,0.000000
biencoder,aep_causal_wf_v3,bge-large-en-v1.5,T3-T6,2,0.500000
biencoder,aep_causal_wf_v3,bge-large-en-v1.5,T3-T7,2,1.000000
biencoder,aep_causal_wf_v3,bge-large-en-v1.5,T3-T8,1,1.000000
biencoder,aep_causal_wf_v3,bge-large-en-v1.5,T3-T9,3,0.666667
biencoder,aep_causal_wf_v3,bge-large-en-v1.5,T3-T11,1,1.000000
biencoder,aep_causal_wf_v3,bge-large-en-v1.5,T3-T12,3,1.000000
biencoder,aep_causal_wf_v3,bge-large-en-v1.5,T3-T13,2,1.000000
biencoder,aep_causal_wf_v3,bge-large-en-v1.5,T3-T14,1,1.000000
biencoder,aep_causal_wf_v3,bge-large-en-v1.5,T3-T15,4,1.000000
biencoder,aep_causal_wf_v3,bge-large-en-v1.5,T4-T4,3,0.000000
biencoder,aep_causal_wf_v3,bge-large-en-v1.5,T4-T5,1,0.000000
biencoder,aep_causal_wf_v3,bge-large-en-v1.5,T4-T8,2,1.000000
biencoder,aep_causal_wf_v3,bge-large-en-v1.5,T4-T9,1,1.000000
biencoder,aep_causal_wf_v3,bge-large-en-v1.5,T4-T10,3,1.000000
biencoder,aep_causal_wf_v3,bge-large-en-v1.5,T4-T11,1,1.000000
biencoder,aep_causal_wf_v3,bge-large-en-v1.5,T4-T13,2,1.000000
biencoder,aep_causal_wf_v3,bge-large-en-v1.5,T4-T15,2,1.000000
biencoder,aep_causal_wf_v3,bge-large-en-v1.5,T5-T5,24,0.666667
biencoder,aep_causal_wf_v3,bge-large-en-v1.5,T5-T6,4,0.750000
biencoder,aep_causal_wf_v3,bge-large-en-v1.5,T5-T7,1,1.000000
biencoder,aep_causal_wf_v3,bge-large-en-v1.5,T5-T8,1,1.000000
biencoder,aep_causal_wf_v3,bge-large-en-v1.5,T5-T10,1,1.000000
biencoder,aep_causal_wf_v3,bge-large-en-v1.5,T5-T11,2,1.000000
biencoder,aep_causal_wf_v3,bge-large-en-v1.5,T5-T13,2,1.000000
biencoder,aep_causal_wf_v3,bge-large-en-v1.5,T5-T14,1,1.000000
biencoder,aep_causal_wf_v3,bge-large-en-v1.5,T6-T6,33,0.787879
biencoder,aep_causal_wf_v3,bge-large-en-v1.5,T6-T8,1,0.000000
biencoder,aep_causal_wf_v3,bge-large-en-v1.5,T6-T9,1,1.000000
biencoder,aep_causal_wf_v3,bge-large-en-v1.5,T6-T10,1,0.000000
biencoder,aep_causal_wf_v3,bge-large-en-v1.5,T6-T11,4,0.750000
biencoder,aep_causal_wf_v3,bge-large-en-v1.5,T6-T12,1,1.000000
biencoder,aep_causal_wf_v3,bge-large-en-v1.5,T6-T13,4,1.000000
biencoder,aep_causal_wf_v3,bge-large-en-v1.5,T6-T15,2,1.000000
biencoder,aep_causal_wf_v3,bge-large-en-v1.5,T7-T7,13,0.769231
biencoder,aep_causal_wf_v3,bge-large-en-v1.5,T7-T8,4,1.000000
biencoder,aep_causal_wf_v3,bge-large-en-v1.5,T7-T9,2,0.500000
biencoder,aep_causal_wf_v3,bge-large-en-v1.5,T7-T10,1,1.000000
biencoder,aep_causal_wf_v3,bge-large-en-v1.5,T7-T11,1,1.000000
biencoder,aep_causal_wf_v3,bge-large-en-v1.5,T7-T12,1,1.000000
biencoder,aep_causal_wf_v3,bge-large-en-v1.5,T7-T13,1,1.000000
biencoder,aep_causal_wf_v3,bge-large-en-v1.5,T8-T8,3,0.666667
biencoder,aep_causal_wf_v3,bge-large-en-v1.5,T8-T10,2,1.000000
biencoder,aep_causal_wf_v3,bge-large-en-v1.5,T8-T11,2,1.000000
biencoder,aep_causal_wf_v3,bge-large-en-v1.5,T8-T12,1,1.000000
biencoder,aep_causal_wf_v3,bge-large-en-v1.5,T8-T13,1,1.000000
biencoder,aep_causal_wf_v3,bge-large-en-v1.5,T8-T15,2,0.000000
biencoder,aep_causal_wf_v3,bge-large-en-v1.5,T9-T9,15,0.733333
biencoder,aep_causal_wf_v3,bge-large-en-v1.5,T9-T10,2,0.500000
biencoder,aep_causal_wf_v3,bge-large-en-v1.5,T9-T11,1,1.000000
biencoder,aep_causal_wf_v3,bge-large-en-v1.5,T9-T12,1,1.000000
biencoder,aep_causal_wf_v3,bge-large-en-v1.5,T9-T13,1,1.000000
biencoder,aep_causal_wf_v3,bge-large-en-v1.5,T9-T14,2,1.000000
biencoder,aep_causal_wf_v3,bge-large-en-v1.5,T10-T10,17,0.941176
biencoder,aep_causal_wf_v3,bge-large-en-v1.5,T10-T11,1,0.000000
biencoder,aep_causal_wf_v3,bge-large-en-v1.5,T10-T12,1,1.000000
biencoder,aep_causal_wf_v3,bge-large-en-v1.5,T10-T13,2,1.000000
biencoder,aep_causal_wf_v3,bge-large-en-v1.5,T10-T14,1,1.000000
biencoder,aep_causal_wf_v3,bge-large-en-v1.5,T10-T15,1,1.000000
biencoder,aep_causal_wf_v3,bge-large-en-v1.5,T11-T11,2,1.000000
biencoder,aep_causal_wf_v3,bge-large-en-v1.5,T11-T12,2,0.500000
biencoder,aep_causal_wf_v3,bge-large-en-v1.5,T11-T13,2,1.000000
biencoder,aep_causal_wf_v3,bge-large-en-v1.5,T11-T14,2,0.500000
biencoder,aep_causal_wf_v3,bge-large-en-v1.5,T12-T12,26,0.846154
biencoder,aep_causal_wf_v3,bge-large-en-v1.5,T12-T13,2,1.000000
biencoder,aep_causal_wf_v3,bge-large-en-v1.5,T12-T14,2,0.500000
biencoder,aep_causal_wf_v3,bge-large-en-v1.5,T12-T15,3,0.666667
biencoder,aep_causal_wf_v3,bge-large-en-v1.5,T13-T13,5,0.800000
biencoder,aep_causal_wf_v3,bge-large-en-v1.5,T13-T15,2,0.500000
biencoder,aep_causal_wf_v3,bge-large-en-v1.5,T14-T14,10,0.300000
biencoder,aep_causal_wf_v3,bge-large-en-v1.5,T14-T15,1,0.000000
biencoder,aep_causal_wf_v3,bge-large-en-v1.5,T15-T15,20,0.800000
biencoder,ajo_doc_not_tier1,deberta-v3-large,T2-T3,1400,0.494286
biencoder,ajo_doc_not_tier1,deberta-v3-large,T3-T4,1400,0.511429
biencoder,ajo_doc_not_tier1,deberta-v3-large,T4-T5,1400,0.505000
biencoder,ajo_doc_not_tier1,deberta-v3-large,T5-T6,1400,0.512143
biencoder,ajo_doc_not_tier1,deberta-v3-large,T6-T7,1400,0.500000
biencoder,ajo_doc_not_tier1,deberta-v3-large,T7-T8,1400,0.495000
biencoder,ajo_doc_not_tier1,deberta-v3-large,T8-T9,1400,0.506429
biencoder,ajo_doc_not_tier1,deberta-v3-large,T9-T10,1400,0.502857
biencoder,ajo_doc_not_tier1,all-mpnet-base-v2,T2-T3,1400,0.974286
biencoder,ajo_doc_not_tier1,all-mpnet-base-v2,T3-T4,1400,0.992857
biencoder,ajo_doc_not_tier1,all-mpnet-base-v2,T4-T5,1400,0.992857
biencoder,ajo_doc_not_tier1,all-mpnet-base-v2,T5-T6,1400,1.000000
biencoder,ajo_doc_not_tier1,all-mpnet-base-v2,T6-T7,1400,1.000000
biencoder,ajo_doc_not_tier1,all-mpnet-base-v2,T7-T8,1400,0.997143
biencoder,ajo_doc_not_tier1,all-mpnet-base-v2,T8-T9,1400,0.999286
biencoder,ajo_doc_not_tier1,all-mpnet-base-v2,T9-T10,1400,0.997143
biencoder,ajo_doc_not_tier1,all-MiniLM-L6-v2,T2-T3,1400,0.974286
biencoder,ajo_doc_not_tier1,all-MiniLM-L6-v2,T3-T4,1400,0.963571
biencoder,ajo_doc_not_tier1,all-MiniLM-L6-v2,T4-T5,1400,0.955000
biencoder,ajo_doc_not_tier1,all-MiniLM-L6-v2,T5-T6,1400,0.976429
biencoder,ajo_doc_not_tier1,all-MiniLM-L6-v2,T6-T7,1400,0.998571
biencoder,ajo_doc_not_tier1,all-MiniLM-L6-v2,T7-T8,1400,0.997143
biencoder,ajo_doc_not_tier1,all-MiniLM-L6-v2,T8-T9,1400,0.995714
biencoder,ajo_doc_not_tier1,all-MiniLM-L6-v2,T9-T10,1400,0.991429
biencoder,ajo_doc_not_tier1,e5-large-v2,T2-T3,1400,0.999286
biencoder,ajo_doc_not_tier1,e5-large-v2,T3-T4,1400,0.966429
biencoder,ajo_doc_not_tier1,e5-large-v2,T4-T5,1400,0.947857
biencoder,ajo_doc_not_tier1,e5-large-v2,T5-T6,1400,0.957857
biencoder,ajo_doc_not_tier1,e5-large-v2,T6-T7,1400,0.981429
biencoder,ajo_doc_not_tier1,e5-large-v2,T7-T8,1400,0.985714
biencoder,ajo_doc_not_tier1,e5-large-v2,T8-T9,1400,0.975714
biencoder,ajo_doc_not_tier1,e5-large-v2,T9-T10,1400,0.950000
biencoder,ajo_doc_not_tier1,bge-base-en-v1.5,T2-T3,1400,0.998571
biencoder,ajo_doc_not_tier1,bge-base-en-v1.5,T3-T4,1400,0.987857
biencoder,ajo_doc_not_tier1,bge-base-en-v1.5,T4-T5,1400,0.967143
biencoder,ajo_doc_not_tier1,bge-base-en-v1.5,T5-T6,1400,0.997857
biencoder,ajo_doc_not_tier1,bge-base-en-v1.5,T6-T7,1400,1.000000
biencoder,ajo_doc_not_tier1,bge-base-en-v1.5,T7-T8,1400,1.000000
biencoder,ajo_doc_not_tier1,bge-base-en-v1.5,T8-T9,1400,1.000000
biencoder,ajo_doc_not_tier1,bge-base-en-v1.5,T9-T10,1400,0.995000
biencoder,ajo_doc_not_tier1,bge-large-en-v1.5,T2-T3,1400,0.994286
biencoder,ajo_doc_not_tier1,bge-large-en-v1.5,T3-T4,1400,0.983571
biencoder,ajo_doc_not_tier1,bge-large-en-v1.5,T4-T5,1400,0.975714
biencoder,ajo_doc_not_tier1,bge-large-en-v1.5,T5-T6,1400,0.985714
biencoder,ajo_doc_not_tier1,bge-large-en-v1.5,T6-T7,1400,1.000000
biencoder,ajo_doc_not_tier1,bge-large-en-v1.5,T7-T8,1400,1.000000
biencoder,ajo_doc_not_tier1,bge-large-en-v1.5,T8-T9,1400,1.000000
biencoder,ajo_doc_not_tier1,bge-large-en-v1.5,T9-T10,1400,0.995000
biencoder,ajo_newstyle,deberta-v3-large,T0-T0,2613,0.500191
biencoder,ajo_newstyle,all-mpnet-base-v2,T0-T0,2613,0.652889
biencoder,ajo_newstyle,all-MiniLM-L6-v2,T0-T0,2613,0.616915
biencoder,ajo_newstyle,e5-large-v2,T0-T0,2613,0.531956
biencoder,ajo_newstyle,bge-base-en-v1.5,T0-T0,2613,0.633372
biencoder,ajo_newstyle,bge-large-en-v1.5,T0-T0,2613,0.641408
biencoder,new_aep_wf_scrap,deberta-v3-large,T0-T0,1548,0.500000
biencoder,new_aep_wf_scrap,all-mpnet-base-v2,T0-T0,1548,0.683463
biencoder,new_aep_wf_scrap,all-MiniLM-L6-v2,T0-T0,1548,0.647933
biencoder,new_aep_wf_scrap,e5-large-v2,T0-T0,1548,0.580749
biencoder,new_aep_wf_scrap,bge-base-en-v1.5,T0-T0,1548,0.681525
biencoder,new_aep_wf_scrap,bge-large-en-v1.5,T0-T0,1548,0.668605
biencoder,new_ajo_workflows,deberta-v3-large,T0-T0,2288,0.500000
biencoder,new_ajo_workflows,deberta-v3-large,T2-T2,120,0.500000
biencoder,new_ajo_workflows,deberta-v3-large,T3-T3,120,0.500000
biencoder,new_ajo_workflows,deberta-v3-large,T9-T9,60,0.500000
biencoder,new_ajo_workflows,deberta-v3-large,T10-T10,28,0.500000
biencoder,new_ajo_workflows,all-mpnet-base-v2,T0-T0,2288,0.616259
biencoder,new_ajo_workflows,all-mpnet-base-v2,T2-T2,120,0.791667
biencoder,new_ajo_workflows,all-mpnet-base-v2,T3-T3,120,0.641667
biencoder,new_ajo_workflows,all-mpnet-base-v2,T9-T9,60,0.783333
biencoder,new_ajo_workflows,all-mpnet-base-v2,T10-T10,28,0.535714
biencoder,new_ajo_workflows,all-MiniLM-L6-v2,T0-T0,2288,0.585664
biencoder,new_ajo_workflows,all-MiniLM-L6-v2,T2-T2,120,0.708333
biencoder,new_ajo_workflows,all-MiniLM-L6-v2,T3-T3,120,0.641667
biencoder,new_ajo_workflows,all-MiniLM-L6-v2,T9-T9,60,0.716667
biencoder,new_ajo_workflows,all-MiniLM-L6-v2,T10-T10,28,0.642857
biencoder,new_ajo_workflows,e5-large-v2,T0-T0,2288,0.541521
biencoder,new_ajo_workflows,e5-large-v2,T2-T2,120,0.558333
biencoder,new_ajo_workflows,e5-large-v2,T3-T3,120,0.566667
biencoder,new_ajo_workflows,e5-large-v2,T9-T9,60,0.533333
biencoder,new_ajo_workflows,e5-large-v2,T10-T10,28,0.535714
biencoder,new_ajo_workflows,bge-base-en-v1.5,T0-T0,2288,0.618881
biencoder,new_ajo_workflows,bge-base-en-v1.5,T2-T2,120,0.783333
biencoder,new_ajo_workflows,bge-base-en-v1.5,T3-T3,120,0.616667
biencoder,new_ajo_workflows,bge-base-en-v1.5,T9-T9,60,0.683333
biencoder,new_ajo_workflows,bge-base-en-v1.5,T10-T10,28,0.607143
biencoder,new_ajo_workflows,bge-large-en-v1.5,T0-T0,2288,0.617570
biencoder,new_ajo_workflows,bge-large-en-v1.5,T2-T2,120,0.908333
biencoder,new_ajo_workflows,bge-large-en-v1.5,T3-T3,120,0.666667
biencoder,new_ajo_workflows,bge-large-en-v1.5,T9-T9,60,0.616667
biencoder,new_ajo_workflows,bge-large-en-v1.5,T10-T10,28,0.535714
crossencoder,aep_causal_cls34,deberta-v3-large,T1-T2,2,1.000000
crossencoder,aep_causal_cls34,deberta-v3-large,T1-T3,10,1.000000
crossencoder,aep_causal_cls34,deberta-v3-large,T1-T4,8,1.000000
crossencoder,aep_causal_cls34,deberta-v3-large,T1-T5,20,1.000000
crossencoder,aep_causal_cls34,deberta-v3-large,T1-T6,64,1.000000
crossencoder,aep_causal_cls34,deberta-v3-large,T1-T7,6,1.000000
crossencoder,aep_causal_cls34,deberta-v3-large,T1-T8,36,1.000000
crossencoder,aep_causal_cls34,deberta-v3-large,T1-T9,12,1.000000
crossencoder,aep_causal_cls34,deberta-v3-large,T1-T10,4,1.000000
crossencoder,aep_causal_cls34,deberta-v3-large,T1-T11,24,1.000000
crossencoder,aep_causal_cls34,deberta-v3-large,T1-T12,8,1.000000
crossencoder,aep_causal_cls34,deberta-v3-large,T1-T13,8,1.000000
crossencoder,aep_causal_cls34,deberta-v3-large,T1-T14,2,1.000000
crossencoder,aep_causal_cls34,deberta-v3-large,T1-T15,28,1.000000
crossencoder,aep_causal_cls34,deberta-v3-large,T2-T3,5,1.000000
crossencoder,aep_causal_cls34,deberta-v3-large,T2-T4,4,1.000000
crossencoder,aep_causal_cls34,deberta-v3-large,T2-T5,10,1.000000
crossencoder,aep_causal_cls34,deberta-v3-large,T2-T6,32,1.000000
crossencoder,aep_causal_cls34,deberta-v3-large,T2-T7,3,1.000000
crossencoder,aep_causal_cls34,deberta-v3-large,T2-T8,18,1.000000
crossencoder,aep_causal_cls34,deberta-v3-large,T2-T9,6,1.000000
crossencoder,aep_causal_cls34,deberta-v3-large,T2-T10,2,1.000000
crossencoder,aep_causal_cls34,deberta-v3-large,T2-T11,12,1.000000
crossencoder,aep_causal_cls34,deberta-v3-large,T2-T12,4,1.000000
crossencoder,aep_causal_cls34,deberta-v3-large,T2-T13,4,1.000000
crossencoder,aep_causal_cls34,deberta-v3-large,T2-T14,1,1.000000
crossencoder,aep_causal_cls34,deberta-v3-large,T2-T15,14,1.000000
crossencoder,aep_causal_cls34,deberta-v3-large,T3-T4,20,0.700000
crossencoder,aep_causal_cls34,deberta-v3-large,T3-T5,50,0.640000
crossencoder,aep_causal_cls34,deberta-v3-large,T3-T6,160,0.731250
crossencoder,aep_causal_cls34,deberta-v3-large,T3-T7,15,0.866667
crossencoder,aep_causal_cls34,deberta-v3-large,T3-T8,90,0.877778
crossencoder,aep_causal_cls34,deberta-v3-large,T3-T9,30,0.833333
crossencoder,aep_causal_cls34,deberta-v3-large,T3-T10,10,0.900000
crossencoder,aep_causal_cls34,deberta-v3-large,T3-T11,60,0.950000
crossencoder,aep_causal_cls34,deberta-v3-large,T3-T12,20,1.000000
crossencoder,aep_causal_cls34,deberta-v3-large,T3-T13,20,1.000000
crossencoder,aep_causal_cls34,deberta-v3-large,T3-T14,5,0.800000
crossencoder,aep_causal_cls34,deberta-v3-large,T3-T15,70,0.928571
crossencoder,aep_causal_cls34,deberta-v3-large,T4-T5,40,0.625000
crossencoder,aep_causal_cls34,deberta-v3-large,T4-T6,128,0.742188
crossencoder,aep_causal_cls34,deberta-v3-large,T4-T7,12,0.833333
crossencoder,aep_causal_cls34,deberta-v3-large,T4-T8,72,0.777778
crossencoder,aep_causal_cls34,deberta-v3-large,T4-T9,24,0.750000
crossencoder,aep_causal_cls34,deberta-v3-large,T4-T10,8,0.875000
crossencoder,aep_causal_cls34,deberta-v3-large,T4-T11,48,0.937500
crossencoder,aep_causal_cls34,deberta-v3-large,T4-T12,16,0.937500
crossencoder,aep_causal_cls34,deberta-v3-large,T4-T13,16,1.000000
crossencoder,aep_causal_cls34,deberta-v3-large,T4-T14,4,0.750000
crossencoder,aep_causal_cls34,deberta-v3-large,T4-T15,56,0.928571
crossencoder,aep_causal_cls34,deberta-v3-large,T5-T6,320,0.884375
crossencoder,aep_causal_cls34,deberta-v3-large,T5-T7,30,0.933333
crossencoder,aep_causal_cls34,deberta-v3-large,T5-T8,180,0.916667
crossencoder,aep_causal_cls34,deberta-v3-large,T5-T9,60,0.983333
crossencoder,aep_causal_cls34,deberta-v3-large,T5-T10,20,1.000000
crossencoder,aep_causal_cls34,deberta-v3-large,T5-T11,120,0.983333
crossencoder,aep_causal_cls34,deberta-v3-large,T5-T12,40,0.975000
crossencoder,aep_causal_cls34,deberta-v3-large,T5-T13,40,1.000000
crossencoder,aep_causal_cls34,deberta-v3-large,T5-T14,10,0.900000
crossencoder,aep_causal_cls34,deberta-v3-large,T5-T15,140,0.942857
crossencoder,aep_causal_cls34,deberta-v3-large,T6-T7,96,0.875000
crossencoder,aep_causal_cls34,deberta-v3-large,T6-T8,576,0.869792
crossencoder,aep_causal_cls34,deberta-v3-large,T6-T9,192,0.854167
crossencoder,aep_causal_cls34,deberta-v3-large,T6-T10,64,0.875000
crossencoder,aep_causal_cls34,deberta-v3-large,T6-T11,384,0.932292
crossencoder,aep_causal_cls34,deberta-v3-large,T6-T12,128,0.976562
crossencoder,aep_causal_cls34,deberta-v3-large,T6-T13,128,0.992188
crossencoder,aep_causal_cls34,deberta-v3-large,T6-T14,32,0.843750
crossencoder,aep_causal_cls34,deberta-v3-large,T6-T15,448,0.926339
crossencoder,aep_causal_cls34,deberta-v3-large,T7-T8,54,0.611111
crossencoder,aep_causal_cls34,deberta-v3-large,T7-T9,18,0.555556
crossencoder,aep_causal_cls34,deberta-v3-large,T7-T10,6,0.666667
crossencoder,aep_causal_cls34,deberta-v3-large,T7-T11,36,0.611111
crossencoder,aep_causal_cls34,deberta-v3-large,T7-T12,12,0.666667
crossencoder,aep_causal_cls34,deberta-v3-large,T7-T13,12,0.666667
crossencoder,aep_causal_cls34,deberta-v3-large,T7-T14,3,0.333333
crossencoder,aep_causal_cls34,deberta-v3-large,T7-T15,42,0.880952
crossencoder,aep_causal_cls34,deberta-v3-large,T8-T9,108,0.796296
crossencoder,aep_causal_cls34,deberta-v3-large,T8-T10,36,0.861111
crossencoder,aep_causal_cls34,deberta-v3-large,T8-T11,216,0.856481
crossencoder,aep_causal_cls34,deberta-v3-large,T8-T12,72,0.944444
crossencoder,aep_causal_cls34,deberta-v3-large,T8-T13,72,0.930556
crossencoder,aep_causal_cls34,deberta-v3-large,T8-T14,18,0.111111
crossencoder,aep_causal_cls34,deberta-v3-large,T8-T15,252,0.912698
crossencoder,aep_causal_cls34,deberta-v3-large,T9-T10,12,0.833333
crossencoder,aep_causal_cls34,deberta-v3-large,T9-T11,72,0.833333
crossencoder,aep_causal_cls34,deberta-v3-large,T9-T12,24,0.875000
crossencoder,aep_causal_cls34,deberta-v3-large,T9-T13,24,0.958333
crossencoder,aep_causal_cls34,deberta-v3-large,T9-T14,6,0.166667
crossencoder,aep_causal_cls34,deberta-v3-large,T9-T15,84,0.904762
crossencoder,aep_causal_cls34,deberta-v3-large,T10-T11,24,0.791667
crossencoder,aep_causal_cls34,deberta-v3-large,T10-T12,8,0.750000
crossencoder,aep_causal_cls34,deberta-v3-large,T10-T13,8,1.000000
crossencoder,aep_causal_cls34,deberta-v3-large,T10-T14,2,0.000000
crossencoder,aep_causal_cls34,deberta-v3-large,T10-T15,28,0.892857
crossencoder,aep_causal_cls34,deberta-v3-large,T11-T12,48,0.812500
crossencoder,aep_causal_cls34,deberta-v3-large,T11-T13,48,0.958333
crossencoder,aep_causal_cls34,deberta-v3-large,T11-T14,12,0.083333
crossencoder,aep_causal_cls34,deberta-v3-large,T11-T15,168,0.880952
crossencoder,aep_causal_cls34,deberta-v3-large,T12-T13,16,0.812500
crossencoder,aep_causal_cls34,deberta-v3-large,T12-T14,4,0.000000
crossencoder,aep_causal_cls34,deberta-v3-large,T12-T15,56,0.857143
crossencoder,aep_causal_cls34,deberta-v3-large,T13-T14,4,0.000000
crossencoder,aep_causal_cls34,deberta-v3-large,T13-T15,56,0.910714
crossencoder,aep_causal_cls34,deberta-v3-large,T14-T15,14,0.857143
crossencoder,aep_causal_cls34,all-mpnet-base-v2,T1-T2,2,1.000000
crossencoder,aep_causal_cls34,all-mpnet-base-v2,T1-T3,10,0.600000
crossencoder,aep_causal_cls34,all-mpnet-base-v2,T1-T4,8,0.750000
crossencoder,aep_causal_cls34,all-mpnet-base-v2,T1-T5,20,0.650000
crossencoder,aep_causal_cls34,all-mpnet-base-v2,T1-T6,64,0.828125
crossencoder,aep_causal_cls34,all-mpnet-base-v2,T1-T7,6,1.000000
crossencoder,aep_causal_cls34,all-mpnet-base-v2,T1-T8,36,0.944444
crossencoder,aep_causal_cls34,all-mpnet-base-v2,T1-T9,12,1.000000
crossencoder,aep_causal_cls34,all-mpnet-base-v2,T1-T10,4,1.000000
crossencoder,aep_causal_cls34,all-mpnet-base-v2,T1-T11,24,1.000000
crossencoder,aep_causal_cls34,all-mpnet-base-v2,T1-T12,8,1.000000
crossencoder,aep_causal_cls34,all-mpnet-base-v2,T1-T13,8,1.000000
crossencoder,aep_causal_cls34,all-mpnet-base-v2,T1-T14,2,1.000000
crossencoder,aep_causal_cls34,all-mpnet-base-v2,T1-T15,28,1.000000
crossencoder,aep_causal_cls34,all-mpnet-base-v2,T2-T3,5,1.000000
crossencoder,aep_causal_cls34,all-mpnet-base-v2,T2-T4,4,1.000000
crossencoder,aep_causal_cls34,all-mpnet-base-v2,T2-T5,10,1.000000
crossencoder,aep_causal_cls34,all-mpnet-base-v2,T2-T6,32,1.000000
crossencoder,aep_causal_cls34,all-mpnet-base-v2,T2-T7,3,1.000000
crossencoder,aep_causal_cls34,all-mpnet-base-v2,T2-T8,18,1.000000
crossencoder,aep_causal_cls34,all-mpnet-base-v2,T2-T9,6,1.000000
crossencoder,aep_causal_cls34,all-mpnet-base-v2,T2-T10,2,1.000000
crossencoder,aep_causal_cls34,all-mpnet-base-v2,T2-T11,12,1.000000
crossencoder,aep_causal_cls34,all-mpnet-base-v2,T2-T12,4,1.000000
crossencoder,aep_causal_cls34,all-mpnet-base-v2,T2-T13,4,1.000000
crossencoder,aep_causal_cls34,all-mpnet-base-v2,T2-T14,1,1.000000
crossencoder,aep_causal_cls34,all-mpnet-base-v2,T2-T15,14,1.000000
crossencoder,aep_causal_cls34,all-mpnet-base-v2,T3-T4,20,0.900000
crossencoder,aep_causal_cls34,all-mpnet-base-v2,T3-T5,50,0.940000
crossencoder,aep_causal_cls34,all-mpnet-base-v2,T3-T6,160,0.993750
crossencoder,aep_causal_cls34,all-mpnet-base-v2,T3-T7,15,1.000000
crossencoder,aep_causal_cls34,all-mpnet-base-v2,T3-T8,90,1.000000
crossencoder,aep_causal_cls34,all-mpnet-base-v2,T3-T9,30,1.000000
crossencoder,aep_causal_cls34,all-mpnet-base-v2,T3-T10,10,1.000000
crossencoder,aep_causal_cls34,all-mpnet-base-v2,T3-T11,60,1.000000
crossencoder,aep_causal_cls34,all-mpnet-base-v2,T3-T12,20,1.000000
crossencoder,aep_causal_cls34,all-mpnet-base-v2,T3-T13,20,1.000000
crossencoder,aep_causal_cls34,all-mpnet-base-v2,T3-T14,5,1.000000
crossencoder,aep_causal_cls34,all-mpnet-base-v2,T3-T15,70,1.000000
crossencoder,aep_causal_cls34,all-mpnet-base-v2,T4-T5,40,0.675000
crossencoder,aep_causal_cls34,all-mpnet-base-v2,T4-T6,128,0.726562
crossencoder,aep_causal_cls34,all-mpnet-base-v2,T4-T7,12,0.833333
crossencoder,aep_causal_cls34,all-mpnet-base-v2,T4-T8,72,0.777778
crossencoder,aep_causal_cls34,all-mpnet-base-v2,T4-T9,24,0.875000
crossencoder,aep_causal_cls34,all-mpnet-base-v2,T4-T10,8,0.875000
crossencoder,aep_causal_cls34,all-mpnet-base-v2,T4-T11,48,0.937500
crossencoder,aep_causal_cls34,all-mpnet-base-v2,T4-T12,16,1.000000
crossencoder,aep_causal_cls34,all-mpnet-base-v2,T4-T13,16,0.937500
crossencoder,aep_causal_cls34,all-mpnet-base-v2,T4-T14,4,0.750000
crossencoder,aep_causal_cls34,all-mpnet-base-v2,T4-T15,56,0.964286
crossencoder,aep_causal_cls34,all-mpnet-base-v2,T5-T6,320,0.678125
crossencoder,aep_causal_cls34,all-mpnet-base-v2,T5-T7,30,0.833333
crossencoder,aep_causal_cls34,all-mpnet-base-v2,T5-T8,180,0.938889
crossencoder,aep_causal_cls34,all-mpnet-base-v2,T5-T9,60,1.000000
crossencoder,aep_causal_cls34,all-mpnet-base-v2,T5-T10,20,1.000000
crossencoder,aep_causal_cls34,all-mpnet-base-v2,T5-T11,120,0.950000
crossencoder,aep_causal_cls34,all-mpnet-base-v2,T5-T12,40,1.000000
crossencoder,aep_causal_cls34,all-mpnet-base-v2,T5-T13,40,0.975000
crossencoder,aep_causal_cls34,all-mpnet-base-v2,T5-T14,10,0.800000
crossencoder,aep_causal_cls34,all-mpnet-base-v2,T5-T15,140,0.957143
crossencoder,aep_causal_cls34,all-mpnet-base-v2,T6-T7,96,0.802083
crossencoder,aep_causal_cls34,all-mpnet-base-v2,T6-T8,576,0.861111
crossencoder,aep_causal_cls34,all-mpnet-base-v2,T6-T9,192,0.921875
crossencoder,aep_causal_cls34,all-mpnet-base-v2,T6-T10,64,0.921875
crossencoder,aep_causal_cls34,all-mpnet-base-v2,T6-T11,384,0.890625
crossencoder,aep_causal_cls34,all-mpnet-base-v2,T6-T12,128,0.984375
crossencoder,aep_causal_cls34,all-mpnet-base-v2,T6-T13,128,0.937500
crossencoder,aep_causal_cls34,all-mpnet-base-v2,T6-T14,32,0.812500
crossencoder,aep_causal_cls34,all-mpnet-base-v2,T6-T15,448,0.935268
crossencoder,aep_causal_cls34,all-mpnet-base-v2,T7-T8,54,0.592593
crossencoder,aep_causal_cls34,all-mpnet-base-v2,T7-T9,18,0.666667
crossencoder,aep_causal_cls34,all-mpnet-base-v2,T7-T10,6,0.666667
crossencoder,aep_causal_cls34,all-mpnet-base-v2,T7-T11,36,0.611111
crossencoder,aep_causal_cls34,all-mpnet-base-v2,T7-T12,12,0.666667
crossencoder,aep_causal_cls34,all-mpnet-base-v2,T7-T13,12,0.666667
crossencoder,aep_causal_cls34,all-mpnet-base-v2,T7-T14,3,0.333333
crossencoder,aep_causal_cls34,all-mpnet-base-v2,T7-T15,42,0.809524
crossencoder,aep_causal_cls34,all-mpnet-base-v2,T8-T9,108,0.805556
crossencoder,aep_causal_cls34,all-mpnet-base-v2,T8-T10,36,0.833333
crossencoder,aep_causal_cls34,all-mpnet-base-v2,T8-T11,216,0.875000
crossencoder,aep_causal_cls34,all-mpnet-base-v2,T8-T12,72,0.972222
crossencoder,aep_causal_cls34,all-mpnet-base-v2,T8-T13,72,0.833333
crossencoder,aep_causal_cls34,all-mpnet-base-v2,T8-T14,18,0.111111
crossencoder,aep_causal_cls34,all-mpnet-base-v2,T8-T15,252,0.920635
crossencoder,aep_causal_cls34,all-mpnet-base-v2,T9-T10,12,0.500000
crossencoder,aep_causal_cls34,all-mpnet-base-v2,T9-T11,72,0.833333
crossencoder,aep_causal_cls34,all-mpnet-base-v2,T9-T12,24,0.916667
crossencoder,aep_causal_cls34,all-mpnet-base-v2,T9-T13,24,0.791667
crossencoder,aep_causal_cls34,all-mpnet-base-v2,T9-T14,6,0.000000
crossencoder,aep_causal_cls34,all-mpnet-base-v2,T9-T15,84,0.916667
crossencoder,aep_causal_cls34,all-mpnet-base-v2,T10-T11,24,0.791667
crossencoder,aep_causal_cls34,all-mpnet-base-v2,T10-T12,8,0.875000
crossencoder,aep_causal_cls34,all-mpnet-base-v2,T10-T13,8,0.750000
crossencoder,aep_causal_cls34,all-mpnet-base-v2,T10-T14,2,0.000000
crossencoder,aep_causal_cls34,all-mpnet-base-v2,T10-T15,28,0.928571
crossencoder,aep_causal_cls34,all-mpnet-base-v2,T11-T12,48,0.791667
crossencoder,aep_causal_cls34,all-mpnet-base-v2,T11-T13,48,0.687500
crossencoder,aep_causal_cls34,all-mpnet-base-v2,T11-T14,12,0.083333
crossencoder,aep_causal_cls34,all-mpnet-base-v2,T11-T15,168,0.857143
crossencoder,aep_causal_cls34,all-mpnet-base-v2,T12-T13,16,0.437500
crossencoder,aep_causal_cls34,all-mpnet-base-v2,T12-T14,4,0.000000
crossencoder,aep_causal_cls34,all-mpnet-base-v2,T12-T15,56,0.714286
crossencoder,aep_causal_cls34,all-mpnet-base-v2,T13-T14,4,0.250000
crossencoder,aep_causal_cls34,all-mpnet-base-v2,T13-T15,56,0.803571
crossencoder,aep_causal_cls34,all-mpnet-base-v2,T14-T15,14,0.928571
crossencoder,aep_causal_cls34,all-MiniLM-L6-v2,T1-T2,2,0.500000
crossencoder,aep_causal_cls34,all-MiniLM-L6-v2,T1-T3,10,0.300000
crossencoder,aep_causal_cls34,all-MiniLM-L6-v2,T1-T4,8,0.625000
crossencoder,aep_causal_cls34,all-MiniLM-L6-v2,T1-T5,20,0.600000
crossencoder,aep_causal_cls34,all-MiniLM-L6-v2,T1-T6,64,0.562500
crossencoder,aep_causal_cls34,all-MiniLM-L6-v2,T1-T7,6,0.666667
crossencoder,aep_causal_cls34,all-MiniLM-L6-v2,T1-T8,36,0.694444
crossencoder,aep_causal_cls34,all-MiniLM-L6-v2,T1-T9,12,1.000000
crossencoder,aep_causal_cls34,all-MiniLM-L6-v2,T1-T10,4,0.750000
crossencoder,aep_causal_cls34,all-MiniLM-L6-v2,T1-T11,24,0.750000
crossencoder,aep_causal_cls34,all-MiniLM-L6-v2,T1-T12,8,0.875000
crossencoder,aep_causal_cls34,all-MiniLM-L6-v2,T1-T13,8,1.000000
crossencoder,aep_causal_cls34,all-MiniLM-L6-v2,T1-T14,2,0.500000
crossencoder,aep_causal_cls34,all-MiniLM-L6-v2,T1-T15,28,0.928571
crossencoder,aep_causal_cls34,all-MiniLM-L6-v2,T2-T3,5,1.000000
crossencoder,aep_causal_cls34,all-MiniLM-L6-v2,T2-T4,4,1.000000
crossencoder,aep_causal_cls34,all-MiniLM-L6-v2,T2-T5,10,1.000000
crossencoder,aep_causal_cls34,all-MiniLM-L6-v2,T2-T6,32,1.000000
crossencoder,aep_causal_cls34,all-MiniLM-L6-v2,T2-T7,3,1.000000
crossencoder,aep_causal_cls34,all-MiniLM-L6-v2,T2-T8,18,1.000000
crossencoder,aep_causal_cls34,all-MiniLM-L6-v2,T2-T9,6,1.000000
crossencoder,aep_causal_cls34,all-MiniLM-L6-v2,T2-T10,2,1.000000
crossencoder,aep_causal_cls34,all-MiniLM-L6-v2,T2-T11,12,1.000000
crossencoder,aep_causal_cls34,all-MiniLM-L6-v2,T2-T12,4,1.000000
crossencoder,aep_causal_cls34,all-MiniLM-L6-v2,T2-T13,4,1.000000
crossencoder,aep_causal_cls34,all-MiniLM-L6-v2,T2-T14,1,1.000000
crossencoder,aep_causal_cls34,all-MiniLM-L6-v2,T2-T15,14,1.000000
crossencoder,aep_causal_cls34,all-MiniLM-L6-v2,T3-T4,20,0.650000
crossencoder,aep_causal_cls34,all-MiniLM-L6-v2,T3-T5,50,0.660000
crossencoder,aep_causal_cls34,all-MiniLM-L6-v2,T3-T6,160,0.781250
crossencoder,aep_causal_cls34,all-MiniLM-L6-v2,T3-T7,15,0.933333
crossencoder,aep_causal_cls34,all-MiniLM-L6-v2,T3-T8,90,0.877778
crossencoder,aep_causal_cls34,all-MiniLM-L6-v2,T3-T9,30,1.000000
crossencoder,aep_causal_cls34,all-MiniLM-L6-v2,T3-T10,10,1.000000
crossencoder,aep_causal_cls34,all-MiniLM-L6-v2,T3-T11,60,0.950000
crossencoder,aep_causal_cls34,all-MiniLM-L6-v2,T3-T12,20,1.000000
crossencoder,aep_causal_cls34,all-MiniLM-L6-v2,T3-T13,20,1.000000
crossencoder,aep_causal_cls34,all-MiniLM-L6-v2,T3-T14,5,0.800000
crossencoder,aep_causal_cls34,all-MiniLM-L6-v2,T3-T15,70,0.985714
crossencoder,aep_causal_cls34,all-MiniLM-L6-v2,T4-T5,40,0.425000
crossencoder,aep_causal_cls34,all-MiniLM-L6-v2,T4-T6,128,0.421875
crossencoder,aep_causal_cls34,all-MiniLM-L6-v2,T4-T7,12,0.666667
crossencoder,aep_causal_cls34,all-MiniLM-L6-v2,T4-T8,72,0.611111
crossencoder,aep_causal_cls34,all-MiniLM-L6-v2,T4-T9,24,0.708333
crossencoder,aep_causal_cls34,all-MiniLM-L6-v2,T4-T10,8,0.750000
crossencoder,aep_causal_cls34,all-MiniLM-L6-v2,T4-T11,48,0.729167
crossencoder,aep_causal_cls34,all-MiniLM-L6-v2,T4-T12,16,0.812500
crossencoder,aep_causal_cls34,all-MiniLM-L6-v2,T4-T13,16,0.812500
crossencoder,aep_causal_cls34,all-MiniLM-L6-v2,T4-T14,4,0.500000
crossencoder,aep_causal_cls34,all-MiniLM-L6-v2,T4-T15,56,0.821429
crossencoder,aep_causal_cls34,all-MiniLM-L6-v2,T5-T6,320,0.615625
crossencoder,aep_causal_cls34,all-MiniLM-L6-v2,T5-T7,30,0.800000
crossencoder,aep_causal_cls34,all-MiniLM-L6-v2,T5-T8,180,0.811111
crossencoder,aep_causal_cls34,all-MiniLM-L6-v2,T5-T9,60,0.950000
crossencoder,aep_causal_cls34,all-MiniLM-L6-v2,T5-T10,20,1.000000
crossencoder,aep_causal_cls34,all-MiniLM-L6-v2,T5-T11,120,0.858333
crossencoder,aep_causal_cls34,all-MiniLM-L6-v2,T5-T12,40,0.975000
crossencoder,aep_causal_cls34,all-MiniLM-L6-v2,T5-T13,40,1.000000
crossencoder,aep_causal_cls34,all-MiniLM-L6-v2,T5-T14,10,0.800000
crossencoder,aep_causal_cls34,all-MiniLM-L6-v2,T5-T15,140,0.928571
crossencoder,aep_causal_cls34,all-MiniLM-L6-v2,T6-T7,96,0.729167
crossencoder,aep_causal_cls34,all-MiniLM-L6-v2,T6-T8,576,0.727431
crossencoder,aep_causal_cls34,all-MiniLM-L6-v2,T6-T9,192,0.895833
crossencoder,aep_causal_cls34,all-MiniLM-L6-v2,T6-T10,64,0.890625
crossencoder,aep_causal_cls34,all-MiniLM-L6-v2,T6-T11,384,0.843750
crossencoder,aep_causal_cls34,all-MiniLM-L6-v2,T6-T12,128,0.945312
crossencoder,aep_causal_cls34,all-MiniLM-L6-v2,T6-T13,128,0.960938
crossencoder,aep_causal_cls34,all-MiniLM-L6-v2,T6-T14,32,0.656250
crossencoder,aep_causal_cls34,all-MiniLM-L6-v2,T6-T15,448,0.935268
crossencoder,aep_causal_cls34,all-MiniLM-L6-v2,T7-T8,54,0.500000
crossencoder,aep_causal_cls34,all-MiniLM-L6-v2,T7-T9,18,0.611111
crossencoder,aep_causal_cls34,all-MiniLM-L6-v2,T7-T10,6,0.666667
crossencoder,aep_causal_cls34,all-MiniLM-L6-v2,T7-T11,36,0.583333
crossencoder,aep_causal_cls34,all-MiniLM-L6-v2,T7-T12,12,0.666667
crossencoder,aep_causal_cls34,all-MiniLM-L6-v2,T7-T13,12,0.666667
crossencoder,aep_causal_cls34,all-MiniLM-L6-v2,T7-T14,3,0.333333
crossencoder,aep_causal_cls34,all-MiniLM-L6-v2,T7-T15,42,0.761905
crossencoder,aep_causal_cls34,all-MiniLM-L6-v2,T8-T9,108,0.805556
crossencoder,aep_causal_cls34,all-MiniLM-L6-v2,T8-T10,36,0.833333
crossencoder,aep_causal_cls34,all-MiniLM-L6-v2,T8-T11,216,0.699074
crossencoder,aep_causal_cls34,all-MiniLM-L6-v2,T8-T12,72,0.861111
crossencoder,aep_causal_cls34,all-MiniLM-L6-v2,T8-T13,72,0.958333
crossencoder,aep_causal_cls34,all-MiniLM-L6-v2,T8-T14,18,0.166667
crossencoder,aep_causal_cls34,all-MiniLM-L6-v2,T8-T15,252,0.869048
crossencoder,aep_causal_cls34,all-MiniLM-L6-v2,T9-T10,12,0.333333
crossencoder,aep_causal_cls34,all-MiniLM-L6-v2,T9-T11,72,0.541667
crossencoder,aep_causal_cls34,all-MiniLM-L6-v2,T9-T12,24,0.750000
crossencoder,aep_causal_cls34,all-MiniLM-L6-v2,T9-T13,24,0.916667
crossencoder,aep_causal_cls34,all-MiniLM-L6-v2,T9-T14,6,0.166667
crossencoder,aep_causal_cls34,all-MiniLM-L6-v2,T9-T15,84,0.785714
crossencoder,aep_causal_cls34,all-MiniLM-L6-v2,T10-T11,24,0.583333
crossencoder,aep_causal_cls34,all-MiniLM-L6-v2,T10-T12,8,0.750000
crossencoder,aep_causal_cls34,all-MiniLM-L6-v2,T10-T13,8,0.875000
crossencoder,aep_causal_cls34,all-MiniLM-L6-v2,T10-T14,2,0.000000
crossencoder,aep_causal_cls34,all-MiniLM-L6-v2,T10-T15,28,0.857143
crossencoder,aep_causal_cls34,all-MiniLM-L6-v2,T11-T12,48,0.708333
crossencoder,aep_causal_cls34,all-MiniLM-L6-v2,T11-T13,48,0.791667
crossencoder,aep_causal_cls34,all-MiniLM-L6-v2,T11-T14,12,0.083333
crossencoder,aep_causal_cls34,all-MiniLM-L6-v2,T11-T15,168,0.797619
crossencoder,aep_causal_cls34,all-MiniLM-L6-v2,T12-T13,16,0.750000
crossencoder,aep_causal_cls34,all-MiniLM-L6-v2,T12-T14,4,0.000000
crossencoder,aep_causal_cls34,all-MiniLM-L6-v2,T12-T15,56,0.625000
crossencoder,aep_causal_cls34,all-MiniLM-L6-v2,T13-T14,4,0.000000
crossencoder,aep_causal_cls34,all-MiniLM-L6-v2,T13-T15,56,0.607143
crossencoder,aep_causal_cls34,all-MiniLM-L6-v2,T14-T15,14,0.857143
crossencoder,aep_causal_cls34,e5-large-v2,T1-T2,2,0.000000
crossencoder,aep_causal_cls34,e5-large-v2,T1-T3,10,0.200000
crossencoder,aep_causal_cls34,e5-large-v2,T1-T4,8,0.750000
crossencoder,aep_causal_cls34,e5-large-v2,T1-T5,20,0.450000
crossencoder,aep_causal_cls34,e5-large-v2,T1-T6,64,0.375000
crossencoder,aep_causal_cls34,e5-large-v2,T1-T7,6,0.666667
crossencoder,aep_causal_cls34,e5-large-v2,T1-T8,36,0.500000
crossencoder,aep_causal_cls34,e5-large-v2,T1-T9,12,0.416667
crossencoder,aep_causal_cls34,e5-large-v2,T1-T10,4,0.500000
crossencoder,aep_causal_cls34,e5-large-v2,T1-T11,24,0.416667
crossencoder,aep_causal_cls34,e5-large-v2,T1-T12,8,0.875000
crossencoder,aep_causal_cls34,e5-large-v2,T1-T13,8,0.500000
crossencoder,aep_causal_cls34,e5-large-v2,T1-T14,2,1.000000
crossencoder,aep_causal_cls34,e5-large-v2,T1-T15,28,0.500000
crossencoder,aep_causal_cls34,e5-large-v2,T2-T3,5,0.600000
crossencoder,aep_causal_cls34,e5-large-v2,T2-T4,4,0.250000
crossencoder,aep_causal_cls34,e5-large-v2,T2-T5,10,0.500000
crossencoder,aep_causal_cls34,e5-large-v2,T2-T6,32,0.437500
crossencoder,aep_causal_cls34,e5-large-v2,T2-T7,3,1.000000
crossencoder,aep_causal_cls34,e5-large-v2,T2-T8,18,0.555556
crossencoder,aep_causal_cls34,e5-large-v2,T2-T9,6,0.833333
crossencoder,aep_causal_cls34,e5-large-v2,T2-T10,2,0.000000
crossencoder,aep_causal_cls34,e5-large-v2,T2-T11,12,0.416667
crossencoder,aep_causal_cls34,e5-large-v2,T2-T12,4,0.500000
crossencoder,aep_causal_cls34,e5-large-v2,T2-T13,4,0.000000
crossencoder,aep_causal_cls34,e5-large-v2,T2-T14,1,0.000000
crossencoder,aep_causal_cls34,e5-large-v2,T2-T15,14,0.285714
crossencoder,aep_causal_cls34,e5-large-v2,T3-T4,20,0.350000
crossencoder,aep_causal_cls34,e5-large-v2,T3-T5,50,0.460000
crossencoder,aep_causal_cls34,e5-large-v2,T3-T6,160,0.487500
crossencoder,aep_causal_cls34,e5-large-v2,T3-T7,15,0.466667
crossencoder,aep_causal_cls34,e5-large-v2,T3-T8,90,0.477778
crossencoder,aep_causal_cls34,e5-large-v2,T3-T9,30,0.566667
crossencoder,aep_causal_cls34,e5-large-v2,T3-T10,10,0.200000
crossencoder,aep_causal_cls34,e5-large-v2,T3-T11,60,0.583333
crossencoder,aep_causal_cls34,e5-large-v2,T3-T12,20,0.300000
crossencoder,aep_causal_cls34,e5-large-v2,T3-T13,20,0.500000
crossencoder,aep_causal_cls34,e5-large-v2,T3-T14,5,0.400000
crossencoder,aep_causal_cls34,e5-large-v2,T3-T15,70,0.528571
crossencoder,aep_causal_cls34,e5-large-v2,T4-T5,40,0.425000
crossencoder,aep_causal_cls34,e5-large-v2,T4-T6,128,0.468750
crossencoder,aep_causal_cls34,e5-large-v2,T4-T7,12,0.666667
crossencoder,aep_causal_cls34,e5-large-v2,T4-T8,72,0.486111
crossencoder,aep_causal_cls34,e5-large-v2,T4-T9,24,0.541667
crossencoder,aep_causal_cls34,e5-large-v2,T4-T10,8,0.750000
crossencoder,aep_causal_cls34,e5-large-v2,T4-T11,48,0.500000
crossencoder,aep_causal_cls34,e5-large-v2,T4-T12,16,0.500000
crossencoder,aep_causal_cls34,e5-large-v2,T4-T13,16,0.625000
crossencoder,aep_causal_cls34,e5-large-v2,T4-T14,4,0.500000
crossencoder,aep_causal_cls34,e5-large-v2,T4-T15,56,0.482143
crossencoder,aep_causal_cls34,e5-large-v2,T5-T6,320,0.559375
crossencoder,aep_causal_cls34,e5-large-v2,T5-T7,30,0.400000
crossencoder,aep_causal_cls34,e5-large-v2,T5-T8,180,0.488889
crossencoder,aep_causal_cls34,e5-large-v2,T5-T9,60,0.450000
crossencoder,aep_causal_cls34,e5-large-v2,T5-T10,20,0.400000
crossencoder,aep_causal_cls34,e5-large-v2,T5-T11,120,0.408333
crossencoder,aep_causal_cls34,e5-large-v2,T5-T12,40,0.550000
crossencoder,aep_causal_cls34,e5-large-v2,T5-T13,40,0.350000
crossencoder,aep_causal_cls34,e5-large-v2,T5-T14,10,0.500000
crossencoder,aep_causal_cls34,e5-large-v2,T5-T15,140,0.414286
crossencoder,aep_causal_cls34,e5-large-v2,T6-T7,96,0.458333
crossencoder,aep_causal_cls34,e5-large-v2,T6-T8,576,0.463542
crossencoder,aep_causal_cls34,e5-large-v2,T6-T9,192,0.489583
crossencoder,aep_causal_cls34,e5-large-v2,T6-T10,64,0.484375
crossencoder,aep_causal_cls34,e5-large-v2,T6-T11,384,0.484375
crossencoder,aep_causal_cls34,e5-large-v2,T6-T12,128,0.507812
crossencoder,aep_causal_cls34,e5-large-v2,T6-T13,128,0.507812
crossencoder,aep_causal_cls34,e5-large-v2,T6-T14,32,0.468750
crossencoder,aep_causal_cls34,e5-large-v2,T6-T15,448,0.504464
crossencoder,aep_causal_cls34,e5-large-v2,T7-T8,54,0.537037
crossencoder,aep_causal_cls34,e5-large-v2,T7-T9,18,0.444444
crossencoder,aep_causal_cls34,e5-large-v2,T7-T10,6,0.666667
crossencoder,aep_causal_cls34,e5-large-v2,T7-T11,36,0.555556
crossencoder,aep_causal_cls34,e5-large-v2,T7-T12,12,0.500000
crossencoder,aep_causal_cls34,e5-large-v2,T7-T13,12,0.666667
crossencoder,aep_causal_cls34,e5-large-v2,T7-T14,3,0.000000
crossencoder,aep_causal_cls34,e5-large-v2,T7-T15,42,0.452381
crossencoder,aep_causal_cls34,e5-large-v2,T8-T9,108,0.453704
crossencoder,aep_causal_cls34,e5-large-v2,T8-T10,36,0.361111
crossencoder,aep_causal_cls34,e5-large-v2,T8-T11,216,0.467593
crossencoder,aep_causal_cls34,e5-large-v2,T8-T12,72,0.541667
crossencoder,aep_causal_cls34,e5-large-v2,T8-T13,72,0.555556
crossencoder,aep_causal_cls34,e5-large-v2,T8-T14,18,0.500000
crossencoder,aep_causal_cls34,e5-large-v2,T8-T15,252,0.488095
crossencoder,aep_causal_cls34,e5-large-v2,T9-T10,12,0.916667
crossencoder,aep_causal_cls34,e5-large-v2,T9-T11,72,0.486111
crossencoder,aep_causal_cls34,e5-large-v2,T9-T12,24,0.458333
crossencoder,aep_causal_cls34,e5-large-v2,T9-T13,24,0.541667
crossencoder,aep_causal_cls34,e5-large-v2,T9-T14,6,0.833333
crossencoder,aep_causal_cls34,e5-large-v2,T9-T15,84,0.571429
crossencoder,aep_causal_cls34,e5-large-v2,T10-T11,24,0.625000
crossencoder,aep_causal_cls34,e5-large-v2,T10-T12,8,0.750000
crossencoder,aep_causal_cls34,e5-large-v2,T10-T13,8,0.750000
crossencoder,aep_causal_cls34,e5-large-v2,T10-T14,2,0.000000
crossencoder,aep_causal_cls34,e5-large-v2,T10-T15,28,0.714286
crossencoder,aep_causal_cls34,e5-large-v2,T11-T12,48,0.520833
crossencoder,aep_causal_cls34,e5-large-v2,T11-T13,48,0.458333
crossencoder,aep_causal_cls34,e5-large-v2,T11-T14,12,0.500000
crossencoder,aep_causal_cls34,e5-large-v2,T11-T15,168,0.541667
crossencoder,aep_causal_cls34,e5-large-v2,T12-T13,16,0.250000
crossencoder,aep_causal_cls34,e5-large-v2,T12-T14,4,1.000000
crossencoder,aep_causal_cls34,e5-large-v2,T12-T15,56,0.464286
crossencoder,aep_causal_cls34,e5-large-v2,T13-T14,4,0.250000
crossencoder,aep_causal_cls34,e5-large-v2,T13-T15,56,0.446429
crossencoder,aep_causal_cls34,e5-large-v2,T14-T15,14,0.142857
crossencoder,aep_causal_cls34,bge-base-en-v1.5,T1-T2,2,0.500000
crossencoder,aep_causal_cls34,bge-base-en-v1.5,T1-T3,10,0.700000
crossencoder,aep_causal_cls34,bge-base-en-v1.5,T1-T4,8,0.625000
crossencoder,aep_causal_cls34,bge-base-en-v1.5,T1-T5,20,0.350000
crossencoder,aep_causal_cls34,bge-base-en-v1.5,T1-T6,64,0.593750
crossencoder,aep_causal_cls34,bge-base-en-v1.5,T1-T7,6,0.666667
crossencoder,aep_causal_cls34,bge-base-en-v1.5,T1-T8,36,0.694444
crossencoder,aep_causal_cls34,bge-base-en-v1.5,T1-T9,12,0.916667
crossencoder,aep_causal_cls34,bge-base-en-v1.5,T1-T10,4,1.000000
crossencoder,aep_causal_cls34,bge-base-en-v1.5,T1-T11,24,0.791667
crossencoder,aep_causal_cls34,bge-base-en-v1.5,T1-T12,8,1.000000
crossencoder,aep_causal_cls34,bge-base-en-v1.5,T1-T13,8,1.000000
crossencoder,aep_causal_cls34,bge-base-en-v1.5,T1-T14,2,0.500000
crossencoder,aep_causal_cls34,bge-base-en-v1.5,T1-T15,28,0.928571
crossencoder,aep_causal_cls34,bge-base-en-v1.5,T2-T3,5,1.000000
crossencoder,aep_causal_cls34,bge-base-en-v1.5,T2-T4,4,1.000000
crossencoder,aep_causal_cls34,bge-base-en-v1.5,T2-T5,10,1.000000
crossencoder,aep_causal_cls34,bge-base-en-v1.5,T2-T6,32,1.000000
crossencoder,aep_causal_cls34,bge-base-en-v1.5,T2-T7,3,1.000000
crossencoder,aep_causal_cls34,bge-base-en-v1.5,T2-T8,18,1.000000
crossencoder,aep_causal_cls34,bge-base-en-v1.5,T2-T9,6,1.000000
crossencoder,aep_causal_cls34,bge-base-en-v1.5,T2-T10,2,1.000000
crossencoder,aep_causal_cls34,bge-base-en-v1.5,T2-T11,12,1.000000
crossencoder,aep_causal_cls34,bge-base-en-v1.5,T2-T12,4,1.000000
crossencoder,aep_causal_cls34,bge-base-en-v1.5,T2-T13,4,1.000000
crossencoder,aep_causal_cls34,bge-base-en-v1.5,T2-T14,1,1.000000
crossencoder,aep_causal_cls34,bge-base-en-v1.5,T2-T15,14,1.000000
crossencoder,aep_causal_cls34,bge-base-en-v1.5,T3-T4,20,0.600000
crossencoder,aep_causal_cls34,bge-base-en-v1.5,T3-T5,50,0.460000
crossencoder,aep_causal_cls34,bge-base-en-v1.5,T3-T6,160,0.612500
crossencoder,aep_causal_cls34,bge-base-en-v1.5,T3-T7,15,0.800000
crossencoder,aep_causal_cls34,bge-base-en-v1.5,T3-T8,90,0.866667
crossencoder,aep_causal_cls34,bge-base-en-v1.5,T3-T9,30,0.933333
crossencoder,aep_causal_cls34,bge-base-en-v1.5,T3-T10,10,0.900000
crossencoder,aep_causal_cls34,bge-base-en-v1.5,T3-T11,60,0.933333
crossencoder,aep_causal_cls34,bge-base-en-v1.5,T3-T12,20,0.900000
crossencoder,aep_causal_cls34,bge-base-en-v1.5,T3-T13,20,0.950000
crossencoder,aep_causal_cls34,bge-base-en-v1.5,T3-T14,5,0.600000
crossencoder,aep_causal_cls34,bge-base-en-v1.5,T3-T15,70,0.885714
crossencoder,aep_causal_cls34,bge-base-en-v1.5,T4-T5,40,0.575000
crossencoder,aep_causal_cls34,bge-base-en-v1.5,T4-T6,128,0.664062
crossencoder,aep_causal_cls34,bge-base-en-v1.5,T4-T7,12,0.833333
crossencoder,aep_causal_cls34,bge-base-en-v1.5,T4-T8,72,0.736111
crossencoder,aep_causal_cls34,bge-base-en-v1.5,T4-T9,24,0.750000
crossencoder,aep_causal_cls34,bge-base-en-v1.5,T4-T10,8,0.875000
crossencoder,aep_causal_cls34,bge-base-en-v1.5,T4-T11,48,0.875000
crossencoder,aep_causal_cls34,bge-base-en-v1.5,T4-T12,16,0.875000
crossencoder,aep_causal_cls34,bge-base-en-v1.5,T4-T13,16,0.937500
crossencoder,aep_causal_cls34,bge-base-en-v1.5,T4-T14,4,0.750000
crossencoder,aep_causal_cls34,bge-base-en-v1.5,T4-T15,56,0.892857
crossencoder,aep_causal_cls34,bge-base-en-v1.5,T5-T6,320,0.731250
crossencoder,aep_causal_cls34,bge-base-en-v1.5,T5-T7,30,0.900000
crossencoder,aep_causal_cls34,bge-base-en-v1.5,T5-T8,180,0.888889
crossencoder,aep_causal_cls34,bge-base-en-v1.5,T5-T9,60,0.950000
crossencoder,aep_causal_cls34,bge-base-en-v1.5,T5-T10,20,0.900000
crossencoder,aep_causal_cls34,bge-base-en-v1.5,T5-T11,120,0.966667
crossencoder,aep_causal_cls34,bge-base-en-v1.5,T5-T12,40,0.975000
crossencoder,aep_causal_cls34,bge-base-en-v1.5,T5-T13,40,0.950000
crossencoder,aep_causal_cls34,bge-base-en-v1.5,T5-T14,10,0.800000
crossencoder,aep_causal_cls34,bge-base-en-v1.5,T5-T15,140,0.950000
crossencoder,aep_causal_cls34,bge-base-en-v1.5,T6-T7,96,0.833333
crossencoder,aep_causal_cls34,bge-base-en-v1.5,T6-T8,576,0.777778
crossencoder,aep_causal_cls34,bge-base-en-v1.5,T6-T9,192,0.916667
crossencoder,aep_causal_cls34,bge-base-en-v1.5,T6-T10,64,0.843750
crossencoder,aep_causal_cls34,bge-base-en-v1.5,T6-T11,384,0.895833
crossencoder,aep_causal_cls34,bge-base-en-v1.5,T6-T12,128,0.953125
crossencoder,aep_causal_cls34,bge-base-en-v1.5,T6-T13,128,0.984375
crossencoder,aep_causal_cls34,bge-base-en-v1.5,T6-T14,32,0.687500
crossencoder,aep_causal_cls34,bge-base-en-v1.5,T6-T15,448,0.904018
crossencoder,aep_causal_cls34,bge-base-en-v1.5,T7-T8,54,0.555556
crossencoder,aep_causal_cls34,bge-base-en-v1.5,T7-T9,18,0.611111
crossencoder,aep_causal_cls34,bge-base-en-v1.5,T7-T10,6,0.666667
crossencoder,aep_causal_cls34,bge-base-en-v1.5,T7-T11,36,0.611111
crossencoder,aep_causal_cls34,bge-base-en-v1.5,T7-T12,12,0.666667
crossencoder,aep_causal_cls34,bge-base-en-v1.5,T7-T13,12,0.666667
crossencoder,aep_causal_cls34,bge-base-en-v1.5,T7-T14,3,0.333333
crossencoder,aep_causal_cls34,bge-base-en-v1.5,T7-T15,42,0.714286
crossencoder,aep_causal_cls34,bge-base-en-v1.5,T8-T9,108,0.833333
crossencoder,aep_causal_cls34,bge-base-en-v1.5,T8-T10,36,0.833333
crossencoder,aep_causal_cls34,bge-base-en-v1.5,T8-T11,216,0.833333
crossencoder,aep_causal_cls34,bge-base-en-v1.5,T8-T12,72,0.902778
crossencoder,aep_causal_cls34,bge-base-en-v1.5,T8-T13,72,0.888889
crossencoder,aep_causal_cls34,bge-base-en-v1.5,T8-T14,18,0.166667
crossencoder,aep_causal_cls34,bge-base-en-v1.5,T8-T15,252,0.833333
crossencoder,aep_causal_cls34,bge-base-en-v1.5,T9-T10,12,0.500000
crossencoder,aep_causal_cls34,bge-base-en-v1.5,T9-T11,72,0.708333
crossencoder,aep_causal_cls34,bge-base-en-v1.5,T9-T12,24,0.750000
crossencoder,aep_causal_cls34,bge-base-en-v1.5,T9-T13,24,0.833333
crossencoder,aep_causal_cls34,bge-base-en-v1.5,T9-T14,6,0.000000
crossencoder,aep_causal_cls34,bge-base-en-v1.5,T9-T15,84,0.785714
crossencoder,aep_causal_cls34,bge-base-en-v1.5,T10-T11,24,0.833333
crossencoder,aep_causal_cls34,bge-base-en-v1.5,T10-T12,8,0.875000
crossencoder,aep_causal_cls34,bge-base-en-v1.5,T10-T13,8,1.000000
crossencoder,aep_causal_cls34,bge-base-en-v1.5,T10-T14,2,0.000000
crossencoder,aep_causal_cls34,bge-base-en-v1.5,T10-T15,28,0.821429
crossencoder,aep_causal_cls34,bge-base-en-v1.5,T11-T12,48,0.666667
crossencoder,aep_causal_cls34,bge-base-en-v1.5,T11-T13,48,0.791667
crossencoder,aep_causal_cls34,bge-base-en-v1.5,T11-T14,12,0.000000
crossencoder,aep_causal_cls34,bge-base-en-v1.5,T11-T15,168,0.750000
crossencoder,aep_causal_cls34,bge-base-en-v1.5,T12-T13,16,0.687500
crossencoder,aep_causal_cls34,bge-base-en-v1.5,T12-T14,4,0.000000
crossencoder,aep_causal_cls34,bge-base-en-v1.5,T12-T15,56,0.625000
crossencoder,aep_causal_cls34,bge-base-en-v1.5,T13-T14,4,0.000000
crossencoder,aep_causal_cls34,bge-base-en-v1.5,T13-T15,56,0.642857
crossencoder,aep_causal_cls34,bge-base-en-v1.5,T14-T15,14,0.928571
crossencoder,aep_causal_cls34,bge-large-en-v1.5,T1-T2,2,0.000000
crossencoder,aep_causal_cls34,bge-large-en-v1.5,T1-T3,10,0.500000
crossencoder,aep_causal_cls34,bge-large-en-v1.5,T1-T4,8,0.750000
crossencoder,aep_causal_cls34,bge-large-en-v1.5,T1-T5,20,0.450000
crossencoder,aep_causal_cls34,bge-large-en-v1.5,T1-T6,64,0.468750
crossencoder,aep_causal_cls34,bge-large-en-v1.5,T1-T7,6,1.000000
crossencoder,aep_causal_cls34,bge-large-en-v1.5,T1-T8,36,0.972222
crossencoder,aep_causal_cls34,bge-large-en-v1.5,T1-T9,12,0.916667
crossencoder,aep_causal_cls34,bge-large-en-v1.5,T1-T10,4,1.000000
crossencoder,aep_causal_cls34,bge-large-en-v1.5,T1-T11,24,0.833333
crossencoder,aep_causal_cls34,bge-large-en-v1.5,T1-T12,8,1.000000
crossencoder,aep_causal_cls34,bge-large-en-v1.5,T1-T13,8,0.875000
crossencoder,aep_causal_cls34,bge-large-en-v1.5,T1-T14,2,1.000000
crossencoder,aep_causal_cls34,bge-large-en-v1.5,T1-T15,28,0.928571
crossencoder,aep_causal_cls34,bge-large-en-v1.5,T2-T3,5,0.800000
crossencoder,aep_causal_cls34,bge-large-en-v1.5,T2-T4,4,1.000000
crossencoder,aep_causal_cls34,bge-large-en-v1.5,T2-T5,10,0.900000
crossencoder,aep_causal_cls34,bge-large-en-v1.5,T2-T6,32,1.000000
crossencoder,aep_causal_cls34,bge-large-en-v1.5,T2-T7,3,1.000000
crossencoder,aep_causal_cls34,bge-large-en-v1.5,T2-T8,18,1.000000
crossencoder,aep_causal_cls34,bge-large-en-v1.5,T2-T9,6,1.000000
crossencoder,aep_causal_cls34,bge-large-en-v1.5,T2-T10,2,1.000000
crossencoder,aep_causal_cls34,bge-large-en-v1.5,T2-T11,12,1.000000
crossencoder,aep_causal_cls34,bge-large-en-v1.5,T2-T12,4,1.000000
crossencoder,aep_causal_cls34,bge-large-en-v1.5,T2-T13,4,1.000000
crossencoder,aep_causal_cls34,bge-large-en-v1.5,T2-T14,1,1.000000
crossencoder,aep_causal_cls34,bge-large-en-v1.5,T2-T15,14,1.000000
crossencoder,aep_causal_cls34,bge-large-en-v1.5,T3-T4,20,0.650000
crossencoder,aep_causal_cls34,bge-large-en-v1.5,T3-T5,50,0.580000
crossencoder,aep_causal_cls34,bge-large-en-v1.5,T3-T6,160,0.706250
crossencoder,aep_causal_cls34,bge-large-en-v1.5,T3-T7,15,0.866667
crossencoder,aep_causal_cls34,bge-large-en-v1.5,T3-T8,90,0.844444
crossencoder,aep_causal_cls34,bge-large-en-v1.5,T3-T9,30,0.800000
crossencoder,aep_causal_cls34,bge-large-en-v1.5,T3-T10,10,0.800000
crossencoder,aep_causal_cls34,bge-large-en-v1.5,T3-T11,60,0.850000
crossencoder,aep_causal_cls34,bge-large-en-v1.5,T3-T12,20,0.950000
crossencoder,aep_causal_cls34,bge-large-en-v1.5,T3-T13,20,0.950000
crossencoder,aep_causal_cls34,bge-large-en-v1.5,T3-T14,5,0.800000
crossencoder,aep_causal_cls34,bge-large-en-v1.5,T3-T15,70,0.942857
crossencoder,aep_causal_cls34,bge-large-en-v1.5,T4-T5,40,0.500000
crossencoder,aep_causal_cls34,bge-large-en-v1.5,T4-T6,128,0.625000
crossencoder,aep_causal_cls34,bge-large-en-v1.5,T4-T7,12,0.833333
crossencoder,aep_causal_cls34,bge-large-en-v1.5,T4-T8,72,0.819444
crossencoder,aep_causal_cls34,bge-large-en-v1.5,T4-T9,24,0.833333
crossencoder,aep_causal_cls34,bge-large-en-v1.5,T4-T10,8,0.750000
crossencoder,aep_causal_cls34,bge-large-en-v1.5,T4-T11,48,0.812500
crossencoder,aep_causal_cls34,bge-large-en-v1.5,T4-T12,16,0.875000
crossencoder,aep_causal_cls34,bge-large-en-v1.5,T4-T13,16,0.875000
crossencoder,aep_causal_cls34,bge-large-en-v1.5,T4-T14,4,0.750000
crossencoder,aep_causal_cls34,bge-large-en-v1.5,T4-T15,56,0.964286
crossencoder,aep_causal_cls34,bge-large-en-v1.5,T5-T6,320,0.759375
crossencoder,aep_causal_cls34,bge-large-en-v1.5,T5-T7,30,0.866667
crossencoder,aep_causal_cls34,bge-large-en-v1.5,T5-T8,180,0.933333
crossencoder,aep_causal_cls34,bge-large-en-v1.5,T5-T9,60,0.933333
crossencoder,aep_causal_cls34,bge-large-en-v1.5,T5-T10,20,0.950000
crossencoder,aep_causal_cls34,bge-large-en-v1.5,T5-T11,120,0.925000
crossencoder,aep_causal_cls34,bge-large-en-v1.5,T5-T12,40,0.975000
crossencoder,aep_causal_cls34,bge-large-en-v1.5,T5-T13,40,0.950000
crossencoder,aep_causal_cls34,bge-large-en-v1.5,T5-T14,10,0.900000
crossencoder,aep_causal_cls34,bge-large-en-v1.5,T5-T15,140,0.964286
crossencoder,aep_causal_cls34,bge-large-en-v1.5,T6-T7,96,0.885417
crossencoder,aep_causal_cls34,bge-large-en-v1.5,T6-T8,576,0.835069
crossencoder,aep_causal_cls34,bge-large-en-v1.5,T6-T9,192,0.864583
crossencoder,aep_causal_cls34,bge-large-en-v1.5,T6-T10,64,0.937500
crossencoder,aep_causal_cls34,bge-large-en-v1.5,T6-T11,384,0.872396
crossencoder,aep_causal_cls34,bge-large-en-v1.5,T6-T12,128,0.968750
crossencoder,aep_causal_cls34,bge-large-en-v1.5,T6-T13,128,0.968750
crossencoder,aep_causal_cls34,bge-large-en-v1.5,T6-T14,32,0.875000
crossencoder,aep_causal_cls34,bge-large-en-v1.5,T6-T15,448,0.928571
crossencoder,aep_causal_cls34,bge-large-en-v1.5,T7-T8,54,0.592593
crossencoder,aep_causal_cls34,bge-large-en-v1.5,T7-T9,18,0.666667
crossencoder,aep_causal_cls34,bge-large-en-v1.5,T7-T10,6,0.666667
crossencoder,aep_causal_cls34,bge-large-en-v1.5,T7-T11,36,0.583333
crossencoder,aep_causal_cls34,bge-large-en-v1.5,T7-T12,12,0.666667
crossencoder,aep_causal_cls34,bge-large-en-v1.5,T7-T13,12,0.583333
crossencoder,aep_causal_cls34,bge-large-en-v1.5,T7-T14,3,0.333333
crossencoder,aep_causal_cls34,bge-large-en-v1.5,T7-T15,42,0.785714
crossencoder,aep_causal_cls34,bge-large-en-v1.5,T8-T9,108,0.787037
crossencoder,aep_causal_cls34,bge-large-en-v1.5,T8-T10,36,0.777778
crossencoder,aep_causal_cls34,bge-large-en-v1.5,T8-T11,216,0.805556
crossencoder,aep_causal_cls34,bge-large-en-v1.5,T8-T12,72,0.819444
crossencoder,aep_causal_cls34,bge-large-en-v1.5,T8-T13,72,0.763889
crossencoder,aep_causal_cls34,bge-large-en-v1.5,T8-T14,18,0.277778
crossencoder,aep_causal_cls34,bge-large-en-v1.5,T8-T15,252,0.833333
crossencoder,aep_causal_cls34,bge-large-en-v1.5,T9-T10,12,1.000000
crossencoder,aep_causal_cls34,bge-large-en-v1.5,T9-T11,72,0.666667
crossencoder,aep_causal_cls34,bge-large-en-v1.5,T9-T12,24,0.750000
crossencoder,aep_causal_cls34,bge-large-en-v1.5,T9-T13,24,0.791667
crossencoder,aep_causal_cls34,bge-large-en-v1.5,T9-T14,6,0.000000
crossencoder,aep_causal_cls34,bge-large-en-v1.5,T9-T15,84,0.833333
crossencoder,aep_causal_cls34,bge-large-en-v1.5,T10-T11,24,0.750000
crossencoder,aep_causal_cls34,bge-large-en-v1.5,T10-T12,8,0.750000
crossencoder,aep_causal_cls34,bge-large-en-v1.5,T10-T13,8,0.750000
crossencoder,aep_causal_cls34,bge-large-en-v1.5,T10-T14,2,0.000000
crossencoder,aep_causal_cls34,bge-large-en-v1.5,T10-T15,28,0.785714
crossencoder,aep_causal_cls34,bge-large-en-v1.5,T11-T12,48,0.812500
crossencoder,aep_causal_cls34,bge-large-en-v1.5,T11-T13,48,0.791667
crossencoder,aep_causal_cls34,bge-large-en-v1.5,T11-T14,12,0.166667
crossencoder,aep_causal_cls34,bge-large-en-v1.5,T11-T15,168,0.791667
crossencoder,aep_causal_cls34,bge-large-en-v1.5,T12-T13,16,0.812500
crossencoder,aep_causal_cls34,bge-large-en-v1.5,T12-T14,4,0.250000
crossencoder,aep_causal_cls34,bge-large-en-v1.5,T12-T15,56,0.767857
crossencoder,aep_causal_cls34,bge-large-en-v1.5,T13-T14,4,0.000000
crossencoder,aep_causal_cls34,bge-large-en-v1.5,T13-T15,56,0.750000
crossencoder,aep_causal_cls34,bge-large-en-v1.5,T14-T15,14,0.857143
crossencoder,aep_dataset,deberta-v3-large,T1-T2,188,0.898936
crossencoder,aep_dataset,deberta-v3-large,T1-T3,188,0.898936
crossencoder,aep_dataset,deberta-v3-large,T1-T4,188,0.882979
crossencoder,aep_dataset,deberta-v3-large,T1-T6,188,0.936170
crossencoder,aep_dataset,deberta-v3-large,T1-T7,188,0.914894
crossencoder,aep_dataset,deberta-v3-large,T1-T8,188,0.872340
crossencoder,aep_dataset,deberta-v3-large,T1-T9,188,0.952128
crossencoder,aep_dataset,deberta-v3-large,T1-T10,188,0.984043
crossencoder,aep_dataset,deberta-v3-large,T1-T11,188,0.989362
crossencoder,aep_dataset,deberta-v3-large,T2-T3,188,0.877660
crossencoder,aep_dataset,deberta-v3-large,T2-T4,188,0.861702
crossencoder,aep_dataset,deberta-v3-large,T2-T6,188,0.946809
crossencoder,aep_dataset,deberta-v3-large,T2-T7,188,0.941489
crossencoder,aep_dataset,deberta-v3-large,T2-T8,188,0.973404
crossencoder,aep_dataset,deberta-v3-large,T2-T9,188,0.989362
crossencoder,aep_dataset,deberta-v3-large,T2-T10,188,0.968085
crossencoder,aep_dataset,deberta-v3-large,T2-T11,188,0.978723
crossencoder,aep_dataset,deberta-v3-large,T3-T4,188,0.898936
crossencoder,aep_dataset,deberta-v3-large,T3-T6,188,0.978723
crossencoder,aep_dataset,deberta-v3-large,T3-T7,188,0.930851
crossencoder,aep_dataset,deberta-v3-large,T3-T8,188,0.962766
crossencoder,aep_dataset,deberta-v3-large,T3-T9,188,0.978723
crossencoder,aep_dataset,deberta-v3-large,T3-T10,188,0.989362
crossencoder,aep_dataset,deberta-v3-large,T3-T11,188,0.989362
crossencoder,aep_dataset,deberta-v3-large,T4-T6,188,0.941489
crossencoder,aep_dataset,deberta-v3-large,T4-T7,188,0.888298
crossencoder,aep_dataset,deberta-v3-large,T4-T8,188,0.962766
crossencoder,aep_dataset,deberta-v3-large,T4-T9,188,0.925532
crossencoder,aep_dataset,deberta-v3-large,T4-T10,188,0.973404
crossencoder,aep_dataset,deberta-v3-large,T4-T11,188,0.968085
crossencoder,aep_dataset,deberta-v3-large,T6-T7,188,0.851064
crossencoder,aep_dataset,deberta-v3-large,T6-T8,188,0.946809
crossencoder,aep_dataset,deberta-v3-large,T6-T9,188,0.946809
crossencoder,aep_dataset,deberta-v3-large,T6-T10,188,0.946809
crossencoder,aep_dataset,deberta-v3-large,T6-T11,188,0.973404
crossencoder,aep_dataset,deberta-v3-large,T7-T8,188,0.904255
crossencoder,aep_dataset,deberta-v3-large,T7-T9,188,0.957447
crossencoder,aep_dataset,deberta-v3-large,T7-T10,188,0.898936
crossencoder,aep_dataset,deberta-v3-large,T7-T11,188,0.984043
crossencoder,aep_dataset,deberta-v3-large,T8-T9,188,0.914894
crossencoder,aep_dataset,deberta-v3-large,T8-T10,188,0.893617
crossencoder,aep_dataset,deberta-v3-large,T8-T11,188,0.962766
crossencoder,aep_dataset,deberta-v3-large,T9-T10,188,0.930851
crossencoder,aep_dataset,deberta-v3-large,T9-T11,188,0.957447
crossencoder,aep_dataset,deberta-v3-large,T10-T11,188,0.930851
crossencoder,aep_dataset,all-mpnet-base-v2,T1-T2,188,0.792553
crossencoder,aep_dataset,all-mpnet-base-v2,T1-T3,188,0.867021
crossencoder,aep_dataset,all-mpnet-base-v2,T1-T4,188,0.888298
crossencoder,aep_dataset,all-mpnet-base-v2,T1-T6,188,0.941489
crossencoder,aep_dataset,all-mpnet-base-v2,T1-T7,188,0.920213
crossencoder,aep_dataset,all-mpnet-base-v2,T1-T8,188,0.914894
crossencoder,aep_dataset,all-mpnet-base-v2,T1-T9,188,0.968085
crossencoder,aep_dataset,all-mpnet-base-v2,T1-T10,188,0.978723
crossencoder,aep_dataset,all-mpnet-base-v2,T1-T11,188,0.994681
crossencoder,aep_dataset,all-mpnet-base-v2,T2-T3,188,0.840426
crossencoder,aep_dataset,all-mpnet-base-v2,T2-T4,188,0.888298
crossencoder,aep_dataset,all-mpnet-base-v2,T2-T6,188,0.941489
crossencoder,aep_dataset,all-mpnet-base-v2,T2-T7,188,0.984043
crossencoder,aep_dataset,all-mpnet-base-v2,T2-T8,188,0.984043
crossencoder,aep_dataset,all-mpnet-base-v2,T2-T9,188,1.000000
crossencoder,aep_dataset,all-mpnet-base-v2,T2-T10,188,0.994681
crossencoder,aep_dataset,all-mpnet-base-v2,T2-T11,188,0.989362
crossencoder,aep_dataset,all-mpnet-base-v2,T3-T4,188,0.819149
crossencoder,aep_dataset,all-mpnet-base-v2,T3-T6,188,0.952128
crossencoder,aep_dataset,all-mpnet-base-v2,T3-T7,188,0.962766
crossencoder,aep_dataset,all-mpnet-base-v2,T3-T8,188,0.962766
crossencoder,aep_dataset,all-mpnet-base-v2,T3-T9,188,0.989362
crossencoder,aep_dataset,all-mpnet-base-v2,T3-T10,188,0.994681
crossencoder,aep_dataset,all-mpnet-base-v2,T3-T11,188,1.000000
crossencoder,aep_dataset,all-mpnet-base-v2,T4-T6,188,0.787234
crossencoder,aep_dataset,all-mpnet-base-v2,T4-T7,188,0.893617
crossencoder,aep_dataset,all-mpnet-base-v2,T4-T8,188,0.920213
crossencoder,aep_dataset,all-mpnet-base-v2,T4-T9,188,0.893617
crossencoder,aep_dataset,all-mpnet-base-v2,T4-T10,188,0.973404
crossencoder,aep_dataset,all-mpnet-base-v2,T4-T11,188,0.973404
crossencoder,aep_dataset,all-mpnet-base-v2,T6-T7,188,0.824468
crossencoder,aep_dataset,all-mpnet-base-v2,T6-T8,188,0.898936
crossencoder,aep_dataset,all-mpnet-base-v2,T6-T9,188,0.925532
crossencoder,aep_dataset,all-mpnet-base-v2,T6-T10,188,0.978723
crossencoder,aep_dataset,all-mpnet-base-v2,T6-T11,188,0.989362
crossencoder,aep_dataset,all-mpnet-base-v2,T7-T8,188,0.845745
crossencoder,aep_dataset,all-mpnet-base-v2,T7-T9,188,0.920213
crossencoder,aep_dataset,all-mpnet-base-v2,T7-T10,188,0.909574
crossencoder,aep_dataset,all-mpnet-base-v2,T7-T11,188,0.978723
crossencoder,aep_dataset,all-mpnet-base-v2,T8-T9,188,0.856383
crossencoder,aep_dataset,all-mpnet-base-v2,T8-T10,188,0.877660
crossencoder,aep_dataset,all-mpnet-base-v2,T8-T11,188,0.941489
crossencoder,aep_dataset,all-mpnet-base-v2,T9-T10,188,0.851064
crossencoder,aep_dataset,all-mpnet-base-v2,T9-T11,188,0.941489
crossencoder,aep_dataset,all-mpnet-base-v2,T10-T11,188,0.877660
crossencoder,aep_dataset,all-MiniLM-L6-v2,T1-T2,188,0.696809
crossencoder,aep_dataset,all-MiniLM-L6-v2,T1-T3,188,0.840426
crossencoder,aep_dataset,all-MiniLM-L6-v2,T1-T4,188,0.898936
crossencoder,aep_dataset,all-MiniLM-L6-v2,T1-T6,188,0.898936
crossencoder,aep_dataset,all-MiniLM-L6-v2,T1-T7,188,0.898936
crossencoder,aep_dataset,all-MiniLM-L6-v2,T1-T8,188,0.920213
crossencoder,aep_dataset,all-MiniLM-L6-v2,T1-T9,188,0.936170
crossencoder,aep_dataset,all-MiniLM-L6-v2,T1-T10,188,0.946809
crossencoder,aep_dataset,all-MiniLM-L6-v2,T1-T11,188,0.984043
crossencoder,aep_dataset,all-MiniLM-L6-v2,T2-T3,188,0.744681
crossencoder,aep_dataset,all-MiniLM-L6-v2,T2-T4,188,0.829787
crossencoder,aep_dataset,all-MiniLM-L6-v2,T2-T6,188,0.898936
crossencoder,aep_dataset,all-MiniLM-L6-v2,T2-T7,188,0.925532
crossencoder,aep_dataset,all-MiniLM-L6-v2,T2-T8,188,0.957447
crossencoder,aep_dataset,all-MiniLM-L6-v2,T2-T9,188,0.957447
crossencoder,aep_dataset,all-MiniLM-L6-v2,T2-T10,188,0.968085
crossencoder,aep_dataset,all-MiniLM-L6-v2,T2-T11,188,0.989362
crossencoder,aep_dataset,all-MiniLM-L6-v2,T3-T4,188,0.670213
crossencoder,aep_dataset,all-MiniLM-L6-v2,T3-T6,188,0.856383
crossencoder,aep_dataset,all-MiniLM-L6-v2,T3-T7,188,0.957447
crossencoder,aep_dataset,all-MiniLM-L6-v2,T3-T8,188,0.930851
crossencoder,aep_dataset,all-MiniLM-L6-v2,T3-T9,188,0.978723
crossencoder,aep_dataset,all-MiniLM-L6-v2,T3-T10,188,0.978723
crossencoder,aep_dataset,all-MiniLM-L6-v2,T3-T11,188,0.994681
crossencoder,aep_dataset,all-MiniLM-L6-v2,T4-T6,188,0.664894
crossencoder,aep_dataset,all-MiniLM-L6-v2,T4-T7,188,0.803191
crossencoder,aep_dataset,all-MiniLM-L6-v2,T4-T8,188,0.872340
crossencoder,aep_dataset,all-MiniLM-L6-v2,T4-T9,188,0.909574
crossencoder,aep_dataset,all-MiniLM-L6-v2,T4-T10,188,0.957447
crossencoder,aep_dataset,all-MiniLM-L6-v2,T4-T11,188,0.957447
crossencoder,aep_dataset,all-MiniLM-L6-v2,T6-T7,188,0.622340
crossencoder,aep_dataset,all-MiniLM-L6-v2,T6-T8,188,0.803191
crossencoder,aep_dataset,all-MiniLM-L6-v2,T6-T9,188,0.893617
crossencoder,aep_dataset,all-MiniLM-L6-v2,T6-T10,188,0.925532
crossencoder,aep_dataset,all-MiniLM-L6-v2,T6-T11,188,0.957447
crossencoder,aep_dataset,all-MiniLM-L6-v2,T7-T8,188,0.707447
crossencoder,aep_dataset,all-MiniLM-L6-v2,T7-T9,188,0.851064
crossencoder,aep_dataset,all-MiniLM-L6-v2,T7-T10,188,0.898936
crossencoder,aep_dataset,all-MiniLM-L6-v2,T7-T11,188,0.936170
crossencoder,aep_dataset,all-MiniLM-L6-v2,T8-T9,188,0.739362
crossencoder,aep_dataset,all-MiniLM-L6-v2,T8-T10,188,0.776596
crossencoder,aep_dataset,all-MiniLM-L6-v2,T8-T11,188,0.925532
crossencoder,aep_dataset,all-MiniLM-L6-v2,T9-T10,188,0.723404
crossencoder,aep_dataset,all-MiniLM-L6-v2,T9-T11,188,0.803191
crossencoder,aep_dataset,all-MiniLM-L6-v2,T10-T11,188,0.718085
crossencoder,aep_dataset,e5-large-v2,T1-T2,188,0.531915
crossencoder,aep_dataset,e5-large-v2,T1-T3,188,0.558511
crossencoder,aep_dataset,e5-large-v2,T1-T4,188,0.489362
crossencoder,aep_dataset,e5-large-v2,T1-T6,188,0.579787
crossencoder,aep_dataset,e5-large-v2,T1-T7,188,0.500000
crossencoder,aep_dataset,e5-large-v2,T1-T8,188,0.515957
crossencoder,aep_dataset,e5-large-v2,T1-T9,188,0.489362
crossencoder,aep_dataset,e5-large-v2,T1-T10,188,0.558511
crossencoder,aep_dataset,e5-large-v2,T1-T11,188,0.531915
crossencoder,aep_dataset,e5-large-v2,T2-T3,188,0.521277
crossencoder,aep_dataset,e5-large-v2,T2-T4,188,0.510638
crossencoder,aep_dataset,e5-large-v2,T2-T6,188,0.484043
crossencoder,aep_dataset,e5-large-v2,T2-T7,188,0.473404
crossencoder,aep_dataset,e5-large-v2,T2-T8,188,0.531915
crossencoder,aep_dataset,e5-large-v2,T2-T9,188,0.515957
crossencoder,aep_dataset,e5-large-v2,T2-T10,188,0.542553
crossencoder,aep_dataset,e5-large-v2,T2-T11,188,0.542553
crossencoder,aep_dataset,e5-large-v2,T3-T4,188,0.500000
crossencoder,aep_dataset,e5-large-v2,T3-T6,188,0.473404
crossencoder,aep_dataset,e5-large-v2,T3-T7,188,0.441489
crossencoder,aep_dataset,e5-large-v2,T3-T8,188,0.446809
crossencoder,aep_dataset,e5-large-v2,T3-T9,188,0.494681
crossencoder,aep_dataset,e5-large-v2,T3-T10,188,0.462766
crossencoder,aep_dataset,e5-large-v2,T3-T11,188,0.542553
crossencoder,aep_dataset,e5-large-v2,T4-T6,188,0.558511
crossencoder,aep_dataset,e5-large-v2,T4-T7,188,0.494681
crossencoder,aep_dataset,e5-large-v2,T4-T8,188,0.436170
crossencoder,aep_dataset,e5-large-v2,T4-T9,188,0.531915
crossencoder,aep_dataset,e5-large-v2,T4-T10,188,0.574468
crossencoder,aep_dataset,e5-large-v2,T4-T11,188,0.473404
crossencoder,aep_dataset,e5-large-v2,T6-T7,188,0.553191
crossencoder,aep_dataset,e5-large-v2,T6-T8,188,0.590426
crossencoder,aep_dataset,e5-large-v2,T6-T9,188,0.494681
crossencoder,aep_dataset,e5-large-v2,T6-T10,188,0.542553
crossencoder,aep_dataset,e5-large-v2,T6-T11,188,0.569149
crossencoder,aep_dataset,e5-large-v2,T7-T8,188,0.462766
crossencoder,aep_dataset,e5-large-v2,T7-T9,188,0.510638
crossencoder,aep_dataset,e5-large-v2,T7-T10,188,0.462766
crossencoder,aep_dataset,e5-large-v2,T7-T11,188,0.537234
crossencoder,aep_dataset,e5-large-v2,T8-T9,188,0.452128
crossencoder,aep_dataset,e5-large-v2,T8-T10,188,0.420213
crossencoder,aep_dataset,e5-large-v2,T8-T11,188,0.542553
crossencoder,aep_dataset,e5-large-v2,T9-T10,188,0.468085
crossencoder,aep_dataset,e5-large-v2,T9-T11,188,0.547872
crossencoder,aep_dataset,e5-large-v2,T10-T11,188,0.515957
crossencoder,aep_dataset,bge-base-en-v1.5,T1-T2,188,0.776596
crossencoder,aep_dataset,bge-base-en-v1.5,T1-T3,188,0.861702
crossencoder,aep_dataset,bge-base-en-v1.5,T1-T4,188,0.867021
crossencoder,aep_dataset,bge-base-en-v1.5,T1-T6,188,0.909574
crossencoder,aep_dataset,bge-base-en-v1.5,T1-T7,188,0.888298
crossencoder,aep_dataset,bge-base-en-v1.5,T1-T8,188,0.882979
crossencoder,aep_dataset,bge-base-en-v1.5,T1-T9,188,0.941489
crossencoder,aep_dataset,bge-base-en-v1.5,T1-T10,188,0.946809
crossencoder,aep_dataset,bge-base-en-v1.5,T1-T11,188,0.978723
crossencoder,aep_dataset,bge-base-en-v1.5,T2-T3,188,0.787234
crossencoder,aep_dataset,bge-base-en-v1.5,T2-T4,188,0.803191
crossencoder,aep_dataset,bge-base-en-v1.5,T2-T6,188,0.914894
crossencoder,aep_dataset,bge-base-en-v1.5,T2-T7,188,0.957447
crossencoder,aep_dataset,bge-base-en-v1.5,T2-T8,188,0.968085
crossencoder,aep_dataset,bge-base-en-v1.5,T2-T9,188,0.936170
crossencoder,aep_dataset,bge-base-en-v1.5,T2-T10,188,0.989362
crossencoder,aep_dataset,bge-base-en-v1.5,T2-T11,188,0.994681
crossencoder,aep_dataset,bge-base-en-v1.5,T3-T4,188,0.670213
crossencoder,aep_dataset,bge-base-en-v1.5,T3-T6,188,0.840426
crossencoder,aep_dataset,bge-base-en-v1.5,T3-T7,188,0.872340
crossencoder,aep_dataset,bge-base-en-v1.5,T3-T8,188,0.952128
crossencoder,aep_dataset,bge-base-en-v1.5,T3-T9,188,0.930851
crossencoder,aep_dataset,bge-base-en-v1.5,T3-T10,188,0.994681
crossencoder,aep_dataset,bge-base-en-v1.5,T3-T11,188,0.989362
crossencoder,aep_dataset,bge-base-en-v1.5,T4-T6,188,0.792553
crossencoder,aep_dataset,bge-base-en-v1.5,T4-T7,188,0.882979
crossencoder,aep_dataset,bge-base-en-v1.5,T4-T8,188,0.936170
crossencoder,aep_dataset,bge-base-en-v1.5,T4-T9,188,0.872340
crossencoder,aep_dataset,bge-base-en-v1.5,T4-T10,188,0.984043
crossencoder,aep_dataset,bge-base-en-v1.5,T4-T11,188,0.978723
crossencoder,aep_dataset,bge-base-en-v1.5,T6-T7,188,0.739362
crossencoder,aep_dataset,bge-base-en-v1.5,T6-T8,188,0.920213
crossencoder,aep_dataset,bge-base-en-v1.5,T6-T9,188,0.893617
crossencoder,aep_dataset,bge-base-en-v1.5,T6-T10,188,0.962766
crossencoder,aep_dataset,bge-base-en-v1.5,T6-T11,188,0.989362
crossencoder,aep_dataset,bge-base-en-v1.5,T7-T8,188,0.787234
crossencoder,aep_dataset,bge-base-en-v1.5,T7-T9,188,0.872340
crossencoder,aep_dataset,bge-base-en-v1.5,T7-T10,188,0.914894
crossencoder,aep_dataset,bge-base-en-v1.5,T7-T11,188,0.968085
crossencoder,aep_dataset,bge-base-en-v1.5,T8-T9,188,0.808511
crossencoder,aep_dataset,bge-base-en-v1.5,T8-T10,188,0.835106
crossencoder,aep_dataset,bge-base-en-v1.5,T8-T11,188,0.946809
crossencoder,aep_dataset,bge-base-en-v1.5,T9-T10,188,0.824468
crossencoder,aep_dataset,bge-base-en-v1.5,T9-T11,188,0.914894
crossencoder,aep_dataset,bge-base-en-v1.5,T10-T11,188,0.856383
crossencoder,aep_dataset,bge-large-en-v1.5,T1-T2,188,0.750000
crossencoder,aep_dataset,bge-large-en-v1.5,T1-T3,188,0.845745
crossencoder,aep_dataset,bge-large-en-v1.5,T1-T4,188,0.845745
crossencoder,aep_dataset,bge-large-en-v1.5,T1-T6,188,0.909574
crossencoder,aep_dataset,bge-large-en-v1.5,T1-T7,188,0.867021
crossencoder,aep_dataset,bge-large-en-v1.5,T1-T8,188,0.861702
crossencoder,aep_dataset,bge-large-en-v1.5,T1-T9,188,0.962766
crossencoder,aep_dataset,bge-large-en-v1.5,T1-T10,188,0.957447
crossencoder,aep_dataset,bge-large-en-v1.5,T1-T11,188,0.984043
crossencoder,aep_dataset,bge-large-en-v1.5,T2-T3,188,0.835106
crossencoder,aep_dataset,bge-large-en-v1.5,T2-T4,188,0.851064
crossencoder,aep_dataset,bge-large-en-v1.5,T2-T6,188,0.904255
crossencoder,aep_dataset,bge-large-en-v1.5,T2-T7,188,0.957447
crossencoder,aep_dataset,bge-large-en-v1.5,T2-T8,188,0.973404
crossencoder,aep_dataset,bge-large-en-v1.5,T2-T9,188,0.946809
crossencoder,aep_dataset,bge-large-en-v1.5,T2-T10,188,0.984043
crossencoder,aep_dataset,bge-large-en-v1.5,T2-T11,188,0.989362
crossencoder,aep_dataset,bge-large-en-v1.5,T3-T4,188,0.824468
crossencoder,aep_dataset,bge-large-en-v1.5,T3-T6,188,0.930851
crossencoder,aep_dataset,bge-large-en-v1.5,T3-T7,188,0.952128
crossencoder,aep_dataset,bge-large-en-v1.5,T3-T8,188,0.962766
crossencoder,aep_dataset,bge-large-en-v1.5,T3-T9,188,0.978723
crossencoder,aep_dataset,bge-large-en-v1.5,T3-T10,188,0.989362
crossencoder,aep_dataset,bge-large-en-v1.5,T3-T11,188,0.994681
crossencoder,aep_dataset,bge-large-en-v1.5,T4-T6,188,0.882979
crossencoder,aep_dataset,bge-large-en-v1.5,T4-T7,188,0.882979
crossencoder,aep_dataset,bge-large-en-v1.5,T4-T8,188,0.973404
crossencoder,aep_dataset,bge-large-en-v1.5,T4-T9,188,0.909574
crossencoder,aep_dataset,bge-large-en-v1.5,T4-T10,188,0.952128
crossencoder,aep_dataset,bge-large-en-v1.5,T4-T11,188,0.978723
crossencoder,aep_dataset,bge-large-en-v1.5,T6-T7,188,0.829787
crossencoder,aep_dataset,bge-large-en-v1.5,T6-T8,188,0.957447
crossencoder,aep_dataset,bge-large-en-v1.5,T6-T9,188,0.925532
crossencoder,aep_dataset,bge-large-en-v1.5,T6-T10,188,0.851064
crossencoder,aep_dataset,bge-large-en-v1.5,T6-T11,188,0.952128
crossencoder,aep_dataset,bge-large-en-v1.5,T7-T8,188,0.909574
crossencoder,aep_dataset,bge-large-en-v1.5,T7-T9,188,0.925532
crossencoder,aep_dataset,bge-large-en-v1.5,T7-T10,188,0.845745
crossencoder,aep_dataset,bge-large-en-v1.5,T7-T11,188,0.973404
crossencoder,aep_dataset,bge-large-en-v1.5,T8-T9,188,0.840426
crossencoder,aep_dataset,bge-large-en-v1.5,T8-T10,188,0.819149
crossencoder,aep_dataset,bge-large-en-v1.5,T8-T11,188,0.952128
crossencoder,aep_dataset,bge-large-en-v1.5,T9-T10,188,0.819149
crossencoder,aep_dataset,bge-large-en-v1.5,T9-T11,188,0.925532
crossencoder,aep_dataset,bge-large-en-v1.5,T10-T11,188,0.904255
crossencoder,aep_causal_wf_v3,deberta-v3-large,T1-T1,2,0.000000
crossencoder,aep_causal_wf_v3,deberta-v3-large,T1-T2,1,1.000000
crossencoder,aep_causal_wf_v3,deberta-v3-large,T1-T3,1,1.000000
crossencoder,aep_causal_wf_v3,deberta-v3-large,T1-T4,1,1.000000
crossencoder,aep_causal_wf_v3,deberta-v3-large,T1-T5,2,1.000000
crossencoder,aep_causal_wf_v3,deberta-v3-large,T1-T6,2,1.000000
crossencoder,aep_causal_wf_v3,deberta-v3-large,T1-T7,2,1.000000
crossencoder,aep_causal_wf_v3,deberta-v3-large,T1-T8,2,1.000000
crossencoder,aep_causal_wf_v3,deberta-v3-large,T1-T10,1,1.000000
crossencoder,aep_causal_wf_v3,deberta-v3-large,T1-T12,1,1.000000
crossencoder,aep_causal_wf_v3,deberta-v3-large,T2-T3,2,1.000000
crossencoder,aep_causal_wf_v3,deberta-v3-large,T2-T4,2,1.000000
crossencoder,aep_causal_wf_v3,deberta-v3-large,T2-T6,3,1.000000
crossencoder,aep_causal_wf_v3,deberta-v3-large,T2-T7,1,1.000000
crossencoder,aep_causal_wf_v3,deberta-v3-large,T2-T9,2,1.000000
crossencoder,aep_causal_wf_v3,deberta-v3-large,T2-T11,1,1.000000
crossencoder,aep_causal_wf_v3,deberta-v3-large,T2-T13,2,1.000000
crossencoder,aep_causal_wf_v3,deberta-v3-large,T2-T14,1,1.000000
crossencoder,aep_causal_wf_v3,deberta-v3-large,T2-T15,1,1.000000
crossencoder,aep_causal_wf_v3,deberta-v3-large,T3-T3,6,0.833333
crossencoder,aep_causal_wf_v3,deberta-v3-large,T3-T4,6,0.500000
crossencoder,aep_causal_wf_v3,deberta-v3-large,T3-T5,1,0.000000
crossencoder,aep_causal_wf_v3,deberta-v3-large,T3-T6,2,1.000000
crossencoder,aep_causal_wf_v3,deberta-v3-large,T3-T7,2,1.000000
crossencoder,aep_causal_wf_v3,deberta-v3-large,T3-T8,1,1.000000
crossencoder,aep_causal_wf_v3,deberta-v3-large,T3-T9,3,1.000000
crossencoder,aep_causal_wf_v3,deberta-v3-large,T3-T11,1,1.000000
crossencoder,aep_causal_wf_v3,deberta-v3-large,T3-T12,3,1.000000
crossencoder,aep_causal_wf_v3,deberta-v3-large,T3-T13,2,1.000000
crossencoder,aep_causal_wf_v3,deberta-v3-large,T3-T14,1,1.000000
crossencoder,aep_causal_wf_v3,deberta-v3-large,T3-T15,4,1.000000
crossencoder,aep_causal_wf_v3,deberta-v3-large,T4-T4,3,0.000000
crossencoder,aep_causal_wf_v3,deberta-v3-large,T4-T5,1,1.000000
crossencoder,aep_causal_wf_v3,deberta-v3-large,T4-T8,2,0.500000
crossencoder,aep_causal_wf_v3,deberta-v3-large,T4-T9,1,1.000000
crossencoder,aep_causal_wf_v3,deberta-v3-large,T4-T10,3,1.000000
crossencoder,aep_causal_wf_v3,deberta-v3-large,T4-T11,1,1.000000
crossencoder,aep_causal_wf_v3,deberta-v3-large,T4-T13,2,1.000000
crossencoder,aep_causal_wf_v3,deberta-v3-large,T4-T15,2,1.000000
crossencoder,aep_causal_wf_v3,deberta-v3-large,T5-T5,24,0.791667
crossencoder,aep_causal_wf_v3,deberta-v3-large,T5-T6,4,1.000000
crossencoder,aep_causal_wf_v3,deberta-v3-large,T5-T7,1,1.000000
crossencoder,aep_causal_wf_v3,deberta-v3-large,T5-T8,1,1.000000
crossencoder,aep_causal_wf_v3,deberta-v3-large,T5-T10,1,1.000000
crossencoder,aep_causal_wf_v3,deberta-v3-large,T5-T11,2,1.000000
crossencoder,aep_causal_wf_v3,deberta-v3-large,T5-T13,2,1.000000
crossencoder,aep_causal_wf_v3,deberta-v3-large,T5-T14,1,1.000000
crossencoder,aep_causal_wf_v3,deberta-v3-large,T6-T6,33,0.818182
crossencoder,aep_causal_wf_v3,deberta-v3-large,T6-T8,1,1.000000
crossencoder,aep_causal_wf_v3,deberta-v3-large,T6-T9,1,0.000000
crossencoder,aep_causal_wf_v3,deberta-v3-large,T6-T10,1,0.000000
crossencoder,aep_causal_wf_v3,deberta-v3-large,T6-T11,4,1.000000
crossencoder,aep_causal_wf_v3,deberta-v3-large,T6-T12,1,1.000000
crossencoder,aep_causal_wf_v3,deberta-v3-large,T6-T13,4,0.750000
crossencoder,aep_causal_wf_v3,deberta-v3-large,T6-T15,2,1.000000
crossencoder,aep_causal_wf_v3,deberta-v3-large,T7-T7,13,0.615385
crossencoder,aep_causal_wf_v3,deberta-v3-large,T7-T8,4,1.000000
crossencoder,aep_causal_wf_v3,deberta-v3-large,T7-T9,2,1.000000
crossencoder,aep_causal_wf_v3,deberta-v3-large,T7-T10,1,1.000000
crossencoder,aep_causal_wf_v3,deberta-v3-large,T7-T11,1,1.000000
crossencoder,aep_causal_wf_v3,deberta-v3-large,T7-T12,1,0.000000
crossencoder,aep_causal_wf_v3,deberta-v3-large,T7-T13,1,1.000000
crossencoder,aep_causal_wf_v3,deberta-v3-large,T8-T8,3,0.666667
crossencoder,aep_causal_wf_v3,deberta-v3-large,T8-T10,2,0.500000
crossencoder,aep_causal_wf_v3,deberta-v3-large,T8-T11,2,1.000000
crossencoder,aep_causal_wf_v3,deberta-v3-large,T8-T12,1,1.000000
crossencoder,aep_causal_wf_v3,deberta-v3-large,T8-T13,1,0.000000
crossencoder,aep_causal_wf_v3,deberta-v3-large,T8-T15,2,0.500000
crossencoder,aep_causal_wf_v3,deberta-v3-large,T9-T9,15,0.666667
crossencoder,aep_causal_wf_v3,deberta-v3-large,T9-T10,2,0.500000
crossencoder,aep_causal_wf_v3,deberta-v3-large,T9-T11,1,1.000000
crossencoder,aep_causal_wf_v3,deberta-v3-large,T9-T12,1,1.000000
crossencoder,aep_causal_wf_v3,deberta-v3-large,T9-T13,1,1.000000
crossencoder,aep_causal_wf_v3,deberta-v3-large,T9-T14,2,1.000000
crossencoder,aep_causal_wf_v3,deberta-v3-large,T10-T10,17,0.882353
crossencoder,aep_causal_wf_v3,deberta-v3-large,T10-T11,1,0.000000
crossencoder,aep_causal_wf_v3,deberta-v3-large,T10-T12,1,1.000000
crossencoder,aep_causal_wf_v3,deberta-v3-large,T10-T13,2,1.000000
crossencoder,aep_causal_wf_v3,deberta-v3-large,T10-T14,1,1.000000
crossencoder,aep_causal_wf_v3,deberta-v3-large,T10-T15,1,1.000000
crossencoder,aep_causal_wf_v3,deberta-v3-large,T11-T11,2,1.000000
crossencoder,aep_causal_wf_v3,deberta-v3-large,T11-T12,2,0.500000
crossencoder,aep_causal_wf_v3,deberta-v3-large,T11-T13,2,1.000000
crossencoder,aep_causal_wf_v3,deberta-v3-large,T11-T14,2,1.000000
crossencoder,aep_causal_wf_v3,deberta-v3-large,T12-T12,26,0.653846
crossencoder,aep_causal_wf_v3,deberta-v3-large,T12-T13,2,0.500000
crossencoder,aep_causal_wf_v3,deberta-v3-large,T12-T14,2,1.000000
crossencoder,aep_causal_wf_v3,deberta-v3-large,T12-T15,3,0.666667
crossencoder,aep_causal_wf_v3,deberta-v3-large,T13-T13,5,0.800000
crossencoder,aep_causal_wf_v3,deberta-v3-large,T13-T15,2,1.000000
crossencoder,aep_causal_wf_v3,deberta-v3-large,T14-T14,10,0.200000
crossencoder,aep_causal_wf_v3,deberta-v3-large,T14-T15,1,0.000000
crossencoder,aep_causal_wf_v3,deberta-v3-large,T15-T15,20,0.700000
crossencoder,aep_causal_wf_v3,all-mpnet-base-v2,T1-T1,2,0.500000
crossencoder,aep_causal_wf_v3,all-mpnet-base-v2,T1-T2,1,1.000000
crossencoder,aep_causal_wf_v3,all-mpnet-base-v2,T1-T3,1,0.000000
crossencoder,aep_causal_wf_v3,all-mpnet-base-v2,T1-T4,1,1.000000
crossencoder,aep_causal_wf_v3,all-mpnet-base-v2,T1-T5,2,1.000000
crossencoder,aep_causal_wf_v3,all-mpnet-base-v2,T1-T6,2,1.000000
crossencoder,aep_causal_wf_v3,all-mpnet-base-v2,T1-T7,2,1.000000
crossencoder,aep_causal_wf_v3,all-mpnet-base-v2,T1-T8,2,1.000000
crossencoder,aep_causal_wf_v3,all-mpnet-base-v2,T1-T10,1,1.000000
crossencoder,aep_causal_wf_v3,all-mpnet-base-v2,T1-T12,1,0.000000
crossencoder,aep_causal_wf_v3,all-mpnet-base-v2,T2-T3,2,1.000000
crossencoder,aep_causal_wf_v3,all-mpnet-base-v2,T2-T4,2,1.000000
crossencoder,aep_causal_wf_v3,all-mpnet-base-v2,T2-T6,3,1.000000
crossencoder,aep_causal_wf_v3,all-mpnet-base-v2,T2-T7,1,1.000000
crossencoder,aep_causal_wf_v3,all-mpnet-base-v2,T2-T9,2,1.000000
crossencoder,aep_causal_wf_v3,all-mpnet-base-v2,T2-T11,1,1.000000
crossencoder,aep_causal_wf_v3,all-mpnet-base-v2,T2-T13,2,1.000000
crossencoder,aep_causal_wf_v3,all-mpnet-base-v2,T2-T14,1,1.000000
crossencoder,aep_causal_wf_v3,all-mpnet-base-v2,T2-T15,1,1.000000
crossencoder,aep_causal_wf_v3,all-mpnet-base-v2,T3-T3,6,0.666667
crossencoder,aep_causal_wf_v3,all-mpnet-base-v2,T3-T4,6,0.666667
crossencoder,aep_causal_wf_v3,all-mpnet-base-v2,T3-T5,1,0.000000
crossencoder,aep_causal_wf_v3,all-mpnet-base-v2,T3-T6,2,1.000000
crossencoder,aep_causal_wf_v3,all-mpnet-base-v2,T3-T7,2,1.000000
crossencoder,aep_causal_wf_v3,all-mpnet-base-v2,T3-T8,1,1.000000
crossencoder,aep_causal_wf_v3,all-mpnet-base-v2,T3-T9,3,0.666667
crossencoder,aep_causal_wf_v3,all-mpnet-base-v2,T3-T11,1,1.000000
crossencoder,aep_causal_wf_v3,all-mpnet-base-v2,T3-T12,3,1.000000
crossencoder,aep_causal_wf_v3,all-mpnet-base-v2,T3-T13,2,1.000000
crossencoder,aep_causal_wf_v3,all-mpnet-base-v2,T3-T14,1,1.000000
crossencoder,aep_causal_wf_v3,all-mpnet-base-v2,T3-T15,4,1.000000
crossencoder,aep_causal_wf_v3,all-mpnet-base-v2,T4-T4,3,0.000000
crossencoder,aep_causal_wf_v3,all-mpnet-base-v2,T4-T5,1,0.000000
crossencoder,aep_causal_wf_v3,all-mpnet-base-v2,T4-T8,2,0.000000
crossencoder,aep_causal_wf_v3,all-mpnet-base-v2,T4-T9,1,1.000000
crossencoder,aep_causal_wf_v3,all-mpnet-base-v2,T4-T10,3,1.000000
crossencoder,aep_causal_wf_v3,all-mpnet-base-v2,T4-T11,1,1.000000
crossencoder,aep_causal_wf_v3,all-mpnet-base-v2,T4-T13,2,1.000000
crossencoder,aep_causal_wf_v3,all-mpnet-base-v2,T4-T15,2,1.000000
crossencoder,aep_causal_wf_v3,all-mpnet-base-v2,T5-T5,24,0.625000
crossencoder,aep_causal_wf_v3,all-mpnet-base-v2,T5-T6,4,0.500000
crossencoder,aep_causal_wf_v3,all-mpnet-base-v2,T5-T7,1,0.000000
crossencoder,aep_causal_wf_v3,all-mpnet-base-v2,T5-T8,1,1.000000
crossencoder,aep_causal_wf_v3,all-mpnet-base-v2,T5-T10,1,0.000000
crossencoder,aep_causal_wf_v3,all-mpnet-base-v2,T5-T11,2,1.000000
crossencoder,aep_causal_wf_v3,all-mpnet-base-v2,T5-T13,2,1.000000
crossencoder,aep_causal_wf_v3,all-mpnet-base-v2,T5-T14,1,1.000000
crossencoder,aep_causal_wf_v3,all-mpnet-base-v2,T6-T6,33,0.424242
crossencoder,aep_causal_wf_v3,all-mpnet-base-v2,T6-T8,1,0.000000
crossencoder,aep_causal_wf_v3,all-mpnet-base-v2,T6-T9,1,0.000000
crossencoder,aep_causal_wf_v3,all-mpnet-base-v2,T6-T10,1,0.000000
crossencoder,aep_causal_wf_v3,all-mpnet-base-v2,T6-T11,4,0.500000
crossencoder,aep_causal_wf_v3,all-mpnet-base-v2,T6-T12,1,1.000000
crossencoder,aep_causal_wf_v3,all-mpnet-base-v2,T6-T13,4,0.750000
crossencoder,aep_causal_wf_v3,all-mpnet-base-v2,T6-T15,2,1.000000
crossencoder,aep_causal_wf_v3,all-mpnet-base-v2,T7-T7,13,0.692308
crossencoder,aep_causal_wf_v3,all-mpnet-base-v2,T7-T8,4,0.750000
crossencoder,aep_causal_wf_v3,all-mpnet-base-v2,T7-T9,2,1.000000
crossencoder,aep_causal_wf_v3,all-mpnet-base-v2,T7-T10,1,1.000000
crossencoder,aep_causal_wf_v3,all-mpnet-base-v2,T7-T11,1,1.000000
crossencoder,aep_causal_wf_v3,all-mpnet-base-v2,T7-T12,1,0.000000
crossencoder,aep_causal_wf_v3,all-mpnet-base-v2,T7-T13,1,1.000000
crossencoder,aep_causal_wf_v3,all-mpnet-base-v2,T8-T8,3,1.000000
crossencoder,aep_causal_wf_v3,all-mpnet-base-v2,T8-T10,2,0.500000
crossencoder,aep_causal_wf_v3,all-mpnet-base-v2,T8-T11,2,1.000000
crossencoder,aep_causal_wf_v3,all-mpnet-base-v2,T8-T12,1,1.000000
crossencoder,aep_causal_wf_v3,all-mpnet-base-v2,T8-T13,1,0.000000
crossencoder,aep_causal_wf_v3,all-mpnet-base-v2,T8-T15,2,0.000000
crossencoder,aep_causal_wf_v3,all-mpnet-base-v2,T9-T9,15,0.600000
crossencoder,aep_causal_wf_v3,all-mpnet-base-v2,T9-T10,2,0.500000
crossencoder,aep_causal_wf_v3,all-mpnet-base-v2,T9-T11,1,1.000000
crossencoder,aep_causal_wf_v3,all-mpnet-base-v2,T9-T12,1,0.000000
crossencoder,aep_causal_wf_v3,all-mpnet-base-v2,T9-T13,1,1.000000
crossencoder,aep_causal_wf_v3,all-mpnet-base-v2,T9-T14,2,0.000000
crossencoder,aep_causal_wf_v3,all-mpnet-base-v2,T10-T10,17,0.941176
crossencoder,aep_causal_wf_v3,all-mpnet-base-v2,T10-T11,1,1.000000
crossencoder,aep_causal_wf_v3,all-mpnet-base-v2,T10-T12,1,0.000000
crossencoder,aep_causal_wf_v3,all-mpnet-base-v2,T10-T13,2,1.000000
crossencoder,aep_causal_wf_v3,all-mpnet-base-v2,T10-T14,1,0.000000
crossencoder,aep_causal_wf_v3,all-mpnet-base-v2,T10-T15,1,1.000000
crossencoder,aep_causal_wf_v3,all-mpnet-base-v2,T11-T11,2,0.500000
crossencoder,aep_causal_wf_v3,all-mpnet-base-v2,T11-T12,2,0.500000
crossencoder,aep_causal_wf_v3,all-mpnet-base-v2,T11-T13,2,1.000000
crossencoder,aep_causal_wf_v3,all-mpnet-base-v2,T11-T14,2,0.000000
crossencoder,aep_causal_wf_v3,all-mpnet-base-v2,T12-T12,26,0.692308
crossencoder,aep_causal_wf_v3,all-mpnet-base-v2,T12-T13,2,1.000000
crossencoder,aep_causal_wf_v3,all-mpnet-base-v2,T12-T14,2,1.000000
crossencoder,aep_causal_wf_v3,all-mpnet-base-v2,T12-T15,3,0.666667
crossencoder,aep_causal_wf_v3,all-mpnet-base-v2,T13-T13,5,0.200000
crossencoder,aep_causal_wf_v3,all-mpnet-base-v2,T13-T15,2,1.000000
crossencoder,aep_causal_wf_v3,all-mpnet-base-v2,T14-T14,10,0.300000
crossencoder,aep_causal_wf_v3,all-mpnet-base-v2,T14-T15,1,0.000000
crossencoder,aep_causal_wf_v3,all-mpnet-base-v2,T15-T15,20,0.800000
crossencoder,aep_causal_wf_v3,all-MiniLM-L6-v2,T1-T1,2,0.000000
crossencoder,aep_causal_wf_v3,all-MiniLM-L6-v2,T1-T2,1,1.000000
crossencoder,aep_causal_wf_v3,all-MiniLM-L6-v2,T1-T3,1,0.000000
crossencoder,aep_causal_wf_v3,all-MiniLM-L6-v2,T1-T4,1,1.000000
crossencoder,aep_causal_wf_v3,all-MiniLM-L6-v2,T1-T5,2,1.000000
crossencoder,aep_causal_wf_v3,all-MiniLM-L6-v2,T1-T6,2,1.000000
crossencoder,aep_causal_wf_v3,all-MiniLM-L6-v2,T1-T7,2,1.000000
crossencoder,aep_causal_wf_v3,all-MiniLM-L6-v2,T1-T8,2,0.500000
crossencoder,aep_causal_wf_v3,all-MiniLM-L6-v2,T1-T10,1,1.000000
crossencoder,aep_causal_wf_v3,all-MiniLM-L6-v2,T1-T12,1,1.000000
crossencoder,aep_causal_wf_v3,all-MiniLM-L6-v2,T2-T3,2,1.000000
crossencoder,aep_causal_wf_v3,all-MiniLM-L6-v2,T2-T4,2,1.000000
crossencoder,aep_causal_wf_v3,all-MiniLM-L6-v2,T2-T6,3,0.666667
crossencoder,aep_causal_wf_v3,all-MiniLM-L6-v2,T2-T7,1,1.000000
crossencoder,aep_causal_wf_v3,all-MiniLM-L6-v2,T2-T9,2,1.000000
crossencoder,aep_causal_wf_v3,all-MiniLM-L6-v2,T2-T11,1,1.000000
crossencoder,aep_causal_wf_v3,all-MiniLM-L6-v2,T2-T13,2,1.000000
crossencoder,aep_causal_wf_v3,all-MiniLM-L6-v2,T2-T14,1,1.000000
crossencoder,aep_causal_wf_v3,all-MiniLM-L6-v2,T2-T15,1,1.000000
crossencoder,aep_causal_wf_v3,all-MiniLM-L6-v2,T3-T3,6,1.000000
crossencoder,aep_causal_wf_v3,all-MiniLM-L6-v2,T3-T4,6,0.833333
crossencoder,aep_causal_wf_v3,all-MiniLM-L6-v2,T3-T5,1,0.000000
crossencoder,aep_causal_wf_v3,all-MiniLM-L6-v2,T3-T6,2,1.000000
crossencoder,aep_causal_wf_v3,all-MiniLM-L6-v2,T3-T7,2,0.000000
crossencoder,aep_causal_wf_v3,all-MiniLM-L6-v2,T3-T8,1,1.000000
crossencoder,aep_causal_wf_v3,all-MiniLM-L6-v2,T3-T9,3,0.666667
crossencoder,aep_causal_wf_v3,all-MiniLM-L6-v2,T3-T11,1,0.000000
crossencoder,aep_causal_wf_v3,all-MiniLM-L6-v2,T3-T12,3,1.000000
crossencoder,aep_causal_wf_v3,all-MiniLM-L6-v2,T3-T13,2,0.500000
crossencoder,aep_causal_wf_v3,all-MiniLM-L6-v2,T3-T14,1,1.000000
crossencoder,aep_causal_wf_v3,all-MiniLM-L6-v2,T3-T15,4,1.000000
crossencoder,aep_causal_wf_v3,all-MiniLM-L6-v2,T4-T4,3,0.333333
crossencoder,aep_causal_wf_v3,all-MiniLM-L6-v2,T4-T5,1,0.000000
crossencoder,aep_causal_wf_v3,all-MiniLM-L6-v2,T4-T8,2,0.500000
crossencoder,aep_causal_wf_v3,all-MiniLM-L6-v2,T4-T9,1,1.000000
crossencoder,aep_causal_wf_v3,all-MiniLM-L6-v2,T4-T10,3,0.333333
crossencoder,aep_causal_wf_v3,all-MiniLM-L6-v2,T4-T11,1,1.000000
crossencoder,aep_causal_wf_v3,all-MiniLM-L6-v2,T4-T13,2,0.500000
crossencoder,aep_causal_wf_v3,all-MiniLM-L6-v2,T4-T15,2,1.000000
crossencoder,aep_causal_wf_v3,all-MiniLM-L6-v2,T5-T5,24,0.666667
crossencoder,aep_causal_wf_v3,all-MiniLM-L6-v2,T5-T6,4,1.000000
crossencoder,aep_causal_wf_v3,all-MiniLM-L6-v2,T5-T7,1,0.000000
crossencoder,aep_causal_wf_v3,all-MiniLM-L6-v2,T5-T8,1,1.000000
crossencoder,aep_causal_wf_v3,all-MiniLM-L6-v2,T5-T10,1,0.000000
crossencoder,aep_causal_wf_v3,all-MiniLM-L6-v2,T5-T11,2,0.500000
crossencoder,aep_causal_wf_v3,all-MiniLM-L6-v2,T5-T13,2,0.500000
crossencoder,aep_causal_wf_v3,all-MiniLM-L6-v2,T5-T14,1,1.000000
crossencoder,aep_causal_wf_v3,all-MiniLM-L6-v2,T6-T6,33,0.575758
crossencoder,aep_causal_wf_v3,all-MiniLM-L6-v2,T6-T8,1,0.000000
crossencoder,aep_causal_wf_v3,all-MiniLM-L6-v2,T6-T9,1,0.000000
crossencoder,aep_causal_wf_v3,all-MiniLM-L6-v2,T6-T10,1,0.000000
crossencoder,aep_causal_wf_v3,all-MiniLM-L6-v2,T6-T11,4,0.250000
crossencoder,aep_causal_wf_v3,all-MiniLM-L6-v2,T6-T12,1,1.000000
crossencoder,aep_causal_wf_v3,all-MiniLM-L6-v2,T6-T13,4,0.250000
crossencoder,aep_causal_wf_v3,all-MiniLM-L6-v2,T6-T15,2,0.500000
crossencoder,aep_causal_wf_v3,all-MiniLM-L6-v2,T7-T7,13,0.538462
crossencoder,aep_causal_wf_v3,all-MiniLM-L6-v2,T7-T8,4,1.000000
crossencoder,aep_causal_wf_v3,all-MiniLM-L6-v2,T7-T9,2,0.500000
crossencoder,aep_causal_wf_v3,all-MiniLM-L6-v2,T7-T10,1,1.000000
crossencoder,aep_causal_wf_v3,all-MiniLM-L6-v2,T7-T11,1,1.000000
crossencoder,aep_causal_wf_v3,all-MiniLM-L6-v2,T7-T12,1,1.000000
crossencoder,aep_causal_wf_v3,all-MiniLM-L6-v2,T7-T13,1,0.000000
crossencoder,aep_causal_wf_v3,all-MiniLM-L6-v2,T8-T8,3,1.000000
crossencoder,aep_causal_wf_v3,all-MiniLM-L6-v2,T8-T10,2,0.500000
crossencoder,aep_causal_wf_v3,all-MiniLM-L6-v2,T8-T11,2,1.000000
crossencoder,aep_causal_wf_v3,all-MiniLM-L6-v2,T8-T12,1,1.000000
crossencoder,aep_causal_wf_v3,all-MiniLM-L6-v2,T8-T13,1,1.000000
crossencoder,aep_causal_wf_v3,all-MiniLM-L6-v2,T8-T15,2,0.500000
crossencoder,aep_causal_wf_v3,all-MiniLM-L6-v2,T9-T9,15,0.666667
crossencoder,aep_causal_wf_v3,all-MiniLM-L6-v2,T9-T10,2,0.500000
crossencoder,aep_causal_wf_v3,all-MiniLM-L6-v2,T9-T11,1,1.000000
crossencoder,aep_causal_wf_v3,all-MiniLM-L6-v2,T9-T12,1,0.000000
crossencoder,aep_causal_wf_v3,all-MiniLM-L6-v2,T9-T13,1,1.000000
crossencoder,aep_causal_wf_v3,all-MiniLM-L6-v2,T9-T14,2,0.000000
crossencoder,aep_causal_wf_v3,all-MiniLM-L6-v2,T10-T10,17,0.705882
crossencoder,aep_causal_wf_v3,all-MiniLM-L6-v2,T10-T11,1,0.000000
crossencoder,aep_causal_wf_v3,all-MiniLM-L6-v2,T10-T12,1,1.000000
crossencoder,aep_causal_wf_v3,all-MiniLM-L6-v2,T10-T13,2,0.500000
crossencoder,aep_causal_wf_v3,all-MiniLM-L6-v2,T10-T14,1,1.000000
crossencoder,aep_causal_wf_v3,all-MiniLM-L6-v2,T10-T15,1,1.000000
crossencoder,aep_causal_wf_v3,all-MiniLM-L6-v2,T11-T11,2,1.000000
crossencoder,aep_causal_wf_v3,all-MiniLM-L6-v2,T11-T12,2,0.500000
crossencoder,aep_causal_wf_v3,all-MiniLM-L6-v2,T11-T13,2,0.500000
crossencoder,aep_causal_wf_v3,all-MiniLM-L6-v2,T11-T14,2,0.000000
crossencoder,aep_causal_wf_v3,all-MiniLM-L6-v2,T12-T12,26,0.576923
crossencoder,aep_causal_wf_v3,all-MiniLM-L6-v2,T12-T13,2,0.000000
crossencoder,aep_causal_wf_v3,all-MiniLM-L6-v2,T12-T14,2,0.500000
crossencoder,aep_causal_wf_v3,all-MiniLM-L6-v2,T12-T15,3,1.000000
crossencoder,aep_causal_wf_v3,all-MiniLM-L6-v2,T13-T13,5,0.200000
crossencoder,aep_causal_wf_v3,all-MiniLM-L6-v2,T13-T15,2,0.500000
crossencoder,aep_causal_wf_v3,all-MiniLM-L6-v2,T14-T14,10,0.800000
crossencoder,aep_causal_wf_v3,all-MiniLM-L6-v2,T14-T15,1,0.000000
crossencoder,aep_causal_wf_v3,all-MiniLM-L6-v2,T15-T15,20,0.700000
crossencoder,aep_causal_wf_v3,e5-large-v2,T1-T1,2,0.500000
crossencoder,aep_causal_wf_v3,e5-large-v2,T1-T2,1,0.000000
crossencoder,aep_causal_wf_v3,e5-large-v2,T1-T3,1,1.000000
crossencoder,aep_causal_wf_v3,e5-large-v2,T1-T4,1,0.000000
crossencoder,aep_causal_wf_v3,e5-large-v2,T1-T5,2,0.500000
crossencoder,aep_causal_wf_v3,e5-large-v2,T1-T6,2,0.500000
crossencoder,aep_causal_wf_v3,e5-large-v2,T1-T7,2,0.000000
crossencoder,aep_causal_wf_v3,e5-large-v2,T1-T8,2,1.000000
crossencoder,aep_causal_wf_v3,e5-large-v2,T1-T10,1,1.000000
crossencoder,aep_causal_wf_v3,e5-large-v2,T1-T12,1,0.000000
crossencoder,aep_causal_wf_v3,e5-large-v2,T2-T3,2,1.000000
crossencoder,aep_causal_wf_v3,e5-large-v2,T2-T4,2,1.000000
crossencoder,aep_causal_wf_v3,e5-large-v2,T2-T6,3,0.666667
crossencoder,aep_causal_wf_v3,e5-large-v2,T2-T7,1,0.000000
crossencoder,aep_causal_wf_v3,e5-large-v2,T2-T9,2,0.500000
crossencoder,aep_causal_wf_v3,e5-large-v2,T2-T11,1,0.000000
crossencoder,aep_causal_wf_v3,e5-large-v2,T2-T13,2,0.500000
crossencoder,aep_causal_wf_v3,e5-large-v2,T2-T14,1,0.000000
crossencoder,aep_causal_wf_v3,e5-large-v2,T2-T15,1,1.000000
crossencoder,aep_causal_wf_v3,e5-large-v2,T3-T3,6,0.666667
crossencoder,aep_causal_wf_v3,e5-large-v2,T3-T4,6,0.666667
crossencoder,aep_causal_wf_v3,e5-large-v2,T3-T5,1,0.000000
crossencoder,aep_causal_wf_v3,e5-large-v2,T3-T6,2,0.000000
crossencoder,aep_causal_wf_v3,e5-large-v2,T3-T7,2,0.000000
crossencoder,aep_causal_wf_v3,e5-large-v2,T3-T8,1,1.000000
crossencoder,aep_causal_wf_v3,e5-large-v2,T3-T9,3,0.333333
crossencoder,aep_causal_wf_v3,e5-large-v2,T3-T11,1,0.000000
crossencoder,aep_causal_wf_v3,e5-large-v2,T3-T12,3,0.333333
crossencoder,aep_causal_wf_v3,e5-large-v2,T3-T13,2,0.500000
crossencoder,aep_causal_wf_v3,e5-large-v2,T3-T14,1,1.000000
crossencoder,aep_causal_wf_v3,e5-large-v2,T3-T15,4,0.000000
crossencoder,aep_causal_wf_v3,e5-large-v2,T4-T4,3,1.000000
crossencoder,aep_causal_wf_v3,e5-large-v2,T4-T5,1,0.000000
crossencoder,aep_causal_wf_v3,e5-large-v2,T4-T8,2,0.000000
crossencoder,aep_causal_wf_v3,e5-large-v2,T4-T9,1,0.000000
crossencoder,aep_causal_wf_v3,e5-large-v2,T4-T10,3,0.666667
crossencoder,aep_causal_wf_v3,e5-large-v2,T4-T11,1,0.000000
crossencoder,aep_causal_wf_v3,e5-large-v2,T4-T13,2,1.000000
crossencoder,aep_causal_wf_v3,e5-large-v2,T4-T15,2,0.000000
crossencoder,aep_causal_wf_v3,e5-large-v2,T5-T5,24,0.500000
crossencoder,aep_causal_wf_v3,e5-large-v2,T5-T6,4,0.250000
crossencoder,aep_causal_wf_v3,e5-large-v2,T5-T7,1,0.000000
crossencoder,aep_causal_wf_v3,e5-large-v2,T5-T8,1,0.000000
crossencoder,aep_causal_wf_v3,e5-large-v2,T5-T10,1,1.000000
crossencoder,aep_causal_wf_v3,e5-large-v2,T5-T11,2,0.000000
crossencoder,aep_causal_wf_v3,e5-large-v2,T5-T13,2,1.000000
crossencoder,aep_causal_wf_v3,e5-large-v2,T5-T14,1,1.000000
crossencoder,aep_causal_wf_v3,e5-large-v2,T6-T6,33,0.393939
crossencoder,aep_causal_wf_v3,e5-large-v2,T6-T8,1,1.000000
crossencoder,aep_causal_wf_v3,e5-large-v2,T6-T9,1,0.000000
crossencoder,aep_causal_wf_v3,e5-large-v2,T6-T10,1,0.000000
crossencoder,aep_causal_wf_v3,e5-large-v2,T6-T11,4,0.500000
crossencoder,aep_causal_wf_v3,e5-large-v2,T6-T12,1,0.000000
crossencoder,aep_causal_wf_v3,e5-large-v2,T6-T13,4,0.000000
crossencoder,aep_causal_wf_v3,e5-large-v2,T6-T15,2,0.500000
crossencoder,aep_causal_wf_v3,e5-large-v2,T7-T7,13,0.615385
crossencoder,aep_causal_wf_v3,e5-large-v2,T7-T8,4,0.750000
crossencoder,aep_causal_wf_v3,e5-large-v2,T7-T9,2,1.000000
crossencoder,aep_causal_wf_v3,e5-large-v2,T7-T10,1,0.000000
crossencoder,aep_causal_wf_v3,e5-large-v2,T7-T11,1,1.000000
crossencoder,aep_causal_wf_v3,e5-large-v2,T7-T12,1,1.000000
crossencoder,aep_causal_wf_v3,e5-large-v2,T7-T13,1,0.000000
crossencoder,aep_causal_wf_v3,e5-large-v2,T8-T8,3,0.333333
crossencoder,aep_causal_wf_v3,e5-large-v2,T8-T10,2,0.000000
crossencoder,aep_causal_wf_v3,e5-large-v2,T8-T11,2,0.000000
crossencoder,aep_causal_wf_v3,e5-large-v2,T8-T12,1,0.000000
crossencoder,aep_causal_wf_v3,e5-large-v2,T8-T13,1,0.000000
crossencoder,aep_causal_wf_v3,e5-large-v2,T8-T15,2,0.500000
crossencoder,aep_causal_wf_v3,e5-large-v2,T9-T9,15,0.733333
crossencoder,aep_causal_wf_v3,e5-large-v2,T9-T10,2,1.000000
crossencoder,aep_causal_wf_v3,e5-large-v2,T9-T11,1,0.000000
crossencoder,aep_causal_wf_v3,e5-large-v2,T9-T12,1,0.000000
crossencoder,aep_causal_wf_v3,e5-large-v2,T9-T13,1,1.000000
crossencoder,aep_causal_wf_v3,e5-large-v2,T9-T14,2,0.500000
crossencoder,aep_causal_wf_v3,e5-large-v2,T10-T10,17,0.411765
crossencoder,aep_causal_wf_v3,e5-large-v2,T10-T11,1,0.000000
crossencoder,aep_causal_wf_v3,e5-large-v2,T10-T12,1,0.000000
crossencoder,aep_causal_wf_v3,e5-large-v2,T10-T13,2,1.000000
crossencoder,aep_causal_wf_v3,e5-large-v2,T10-T14,1,1.000000
crossencoder,aep_causal_wf_v3,e5-large-v2,T10-T15,1,0.000000
crossencoder,aep_causal_wf_v3,e5-large-v2,T11-T11,2,0.500000
crossencoder,aep_causal_wf_v3,e5-large-v2,T11-T12,2,0.500000
crossencoder,aep_causal_wf_v3,e5-large-v2,T11-T13,2,0.500000
crossencoder,aep_causal_wf_v3,e5-large-v2,T11-T14,2,0.500000
crossencoder,aep_causal_wf_v3,e5-large-v2,T12-T12,26,0.500000
crossencoder,aep_causal_wf_v3,e5-large-v2,T12-T13,2,1.000000
crossencoder,aep_causal_wf_v3,e5-large-v2,T12-T14,2,0.500000
crossencoder,aep_causal_wf_v3,e5-large-v2,T12-T15,3,0.333333
crossencoder,aep_causal_wf_v3,e5-large-v2,T13-T13,5,0.000000
crossencoder,aep_causal_wf_v3,e5-large-v2,T13-T15,2,0.500000
crossencoder,aep_causal_wf_v3,e5-large-v2,T14-T14,10,0.500000
crossencoder,aep_causal_wf_v3,e5-large-v2,T14-T15,1,0.000000
crossencoder,aep_causal_wf_v3,e5-large-v2,T15-T15,20,0.450000
crossencoder,aep_causal_wf_v3,bge-base-en-v1.5,T1-T1,2,0.500000
crossencoder,aep_causal_wf_v3,bge-base-en-v1.5,T1-T2,1,1.000000
crossencoder,aep_causal_wf_v3,bge-base-en-v1.5,T1-T3,1,1.000000
crossencoder,aep_causal_wf_v3,bge-base-en-v1.5,T1-T4,1,1.000000
crossencoder,aep_causal_wf_v3,bge-base-en-v1.5,T1-T5,2,0.500000
crossencoder,aep_causal_wf_v3,bge-base-en-v1.5,T1-T6,2,1.000000
crossencoder,aep_causal_wf_v3,bge-base-en-v1.5,T1-T7,2,1.000000
crossencoder,aep_causal_wf_v3,bge-base-en-v1.5,T1-T8,2,1.000000
crossencoder,aep_causal_wf_v3,bge-base-en-v1.5,T1-T10,1,0.000000
crossencoder,aep_causal_wf_v3,bge-base-en-v1.5,T1-T12,1,1.000000
crossencoder,aep_causal_wf_v3,bge-base-en-v1.5,T2-T3,2,1.000000
crossencoder,aep_causal_wf_v3,bge-base-en-v1.5,T2-T4,2,1.000000
crossencoder,aep_causal_wf_v3,bge-base-en-v1.5,T2-T6,3,1.000000
crossencoder,aep_causal_wf_v3,bge-base-en-v1.5,T2-T7,1,1.000000
crossencoder,aep_causal_wf_v3,bge-base-en-v1.5,T2-T9,2,1.000000
crossencoder,aep_causal_wf_v3,bge-base-en-v1.5,T2-T11,1,1.000000
crossencoder,aep_causal_wf_v3,bge-base-en-v1.5,T2-T13,2,1.000000
crossencoder,aep_causal_wf_v3,bge-base-en-v1.5,T2-T14,1,1.000000
crossencoder,aep_causal_wf_v3,bge-base-en-v1.5,T2-T15,1,1.000000
crossencoder,aep_causal_wf_v3,bge-base-en-v1.5,T3-T3,6,0.500000
crossencoder,aep_causal_wf_v3,bge-base-en-v1.5,T3-T4,6,0.833333
crossencoder,aep_causal_wf_v3,bge-base-en-v1.5,T3-T5,1,1.000000
crossencoder,aep_causal_wf_v3,bge-base-en-v1.5,T3-T6,2,1.000000
crossencoder,aep_causal_wf_v3,bge-base-en-v1.5,T3-T7,2,1.000000
crossencoder,aep_causal_wf_v3,bge-base-en-v1.5,T3-T8,1,1.000000
crossencoder,aep_causal_wf_v3,bge-base-en-v1.5,T3-T9,3,0.333333
crossencoder,aep_causal_wf_v3,bge-base-en-v1.5,T3-T11,1,1.000000
crossencoder,aep_causal_wf_v3,bge-base-en-v1.5,T3-T12,3,0.666667
crossencoder,aep_causal_wf_v3,bge-base-en-v1.5,T3-T13,2,1.000000
crossencoder,aep_causal_wf_v3,bge-base-en-v1.5,T3-T14,1,0.000000
crossencoder,aep_causal_wf_v3,bge-base-en-v1.5,T3-T15,4,0.750000
crossencoder,aep_causal_wf_v3,bge-base-en-v1.5,T4-T4,3,0.000000
crossencoder,aep_causal_wf_v3,bge-base-en-v1.5,T4-T5,1,0.000000
crossencoder,aep_causal_wf_v3,bge-base-en-v1.5,T4-T8,2,0.500000
crossencoder,aep_causal_wf_v3,bge-base-en-v1.5,T4-T9,1,1.000000
crossencoder,aep_causal_wf_v3,bge-base-en-v1.5,T4-T10,3,0.666667
crossencoder,aep_causal_wf_v3,bge-base-en-v1.5,T4-T11,1,0.000000
crossencoder,aep_causal_wf_v3,bge-base-en-v1.5,T4-T13,2,1.000000
crossencoder,aep_causal_wf_v3,bge-base-en-v1.5,T4-T15,2,1.000000
crossencoder,aep_causal_wf_v3,bge-base-en-v1.5,T5-T5,24,0.625000
crossencoder,aep_causal_wf_v3,bge-base-en-v1.5,T5-T6,4,0.500000
crossencoder,aep_causal_wf_v3,bge-base-en-v1.5,T5-T7,1,0.000000
crossencoder,aep_causal_wf_v3,bge-base-en-v1.5,T5-T8,1,1.000000
crossencoder,aep_causal_wf_v3,bge-base-en-v1.5,T5-T10,1,0.000000
crossencoder,aep_causal_wf_v3,bge-base-en-v1.5,T5-T11,2,0.500000
crossencoder,aep_causal_wf_v3,bge-base-en-v1.5,T5-T13,2,0.500000
crossencoder,aep_causal_wf_v3,bge-base-en-v1.5,T5-T14,1,0.000000
crossencoder,aep_causal_wf_v3,bge-base-en-v1.5,T6-T6,33,0.606061
crossencoder,aep_causal_wf_v3,bge-base-en-v1.5,T6-T8,1,0.000000
crossencoder,aep_causal_wf_v3,bge-base-en-v1.5,T6-T9,1,0.000000
crossencoder,aep_causal_wf_v3,bge-base-en-v1.5,T6-T10,1,0.000000
crossencoder,aep_causal_wf_v3,bge-base-en-v1.5,T6-T11,4,0.500000
crossencoder,aep_causal_wf_v3,bge-base-en-v1.5,T6-T12,1,1.000000
crossencoder,aep_causal_wf_v3,bge-base-en-v1.5,T6-T13,4,0.250000
crossencoder,aep_causal_wf_v3,bge-base-en-v1.5,T6-T15,2,1.000000
crossencoder,aep_causal_wf_v3,bge-base-en-v1.5,T7-T7,13,0.615385
crossencoder,aep_causal_wf_v3,bge-base-en-v1.5,T7-T8,4,0.750000
crossencoder,aep_causal_wf_v3,bge-base-en-v1.5,T7-T9,2,0.000000
crossencoder,aep_causal_wf_v3,bge-base-en-v1.5,T7-T10,1,1.000000
crossencoder,aep_causal_wf_v3,bge-base-en-v1.5,T7-T11,1,1.000000
crossencoder,aep_causal_wf_v3,bge-base-en-v1.5,T7-T12,1,0.000000
crossencoder,aep_causal_wf_v3,bge-base-en-v1.5,T7-T13,1,1.000000
crossencoder,aep_causal_wf_v3,bge-base-en-v1.5,T8-T8,3,1.000000
crossencoder,aep_causal_wf_v3,bge-base-en-v1.5,T8-T10,2,0.500000
crossencoder,aep_causal_wf_v3,bge-base-en-v1.5,T8-T11,2,0.500000
crossencoder,aep_causal_wf_v3,bge-base-en-v1.5,T8-T12,1,1.000000
crossencoder,aep_causal_wf_v3,bge-base-en-v1.5,T8-T13,1,1.000000
crossencoder,aep_causal_wf_v3,bge-base-en-v1.5,T8-T15,2,1.000000
crossencoder,aep_causal_wf_v3,bge-base-en-v1.5,T9-T9,15,0.400000
crossencoder,aep_causal_wf_v3,bge-base-en-v1.5,T9-T10,2,0.000000
crossencoder,aep_causal_wf_v3,bge-base-en-v1.5,T9-T11,1,0.000000
crossencoder,aep_causal_wf_v3,bge-base-en-v1.5,T9-T12,1,1.000000
crossencoder,aep_causal_wf_v3,bge-base-en-v1.5,T9-T13,1,1.000000
crossencoder,aep_causal_wf_v3,bge-base-en-v1.5,T9-T14,2,0.500000
crossencoder,aep_causal_wf_v3,bge-base-en-v1.5,T10-T10,17,0.823529
crossencoder,aep_causal_wf_v3,bge-base-en-v1.5,T10-T11,1,0.000000
crossencoder,aep_causal_wf_v3,bge-base-en-v1.5,T10-T12,1,1.000000
crossencoder,aep_causal_wf_v3,bge-base-en-v1.5,T10-T13,2,1.000000
crossencoder,aep_causal_wf_v3,bge-base-en-v1.5,T10-T14,1,0.000000
crossencoder,aep_causal_wf_v3,bge-base-en-v1.5,T10-T15,1,1.000000
crossencoder,aep_causal_wf_v3,bge-base-en-v1.5,T11-T11,2,1.000000
crossencoder,aep_causal_wf_v3,bge-base-en-v1.5,T11-T12,2,0.500000
crossencoder,aep_causal_wf_v3,bge-base-en-v1.5,T11-T13,2,0.000000
crossencoder,aep_causal_wf_v3,bge-base-en-v1.5,T11-T14,2,0.000000
crossencoder,aep_causal_wf_v3,bge-base-en-v1.5,T12-T12,26,0.538462
crossencoder,aep_causal_wf_v3,bge-base-en-v1.5,T12-T13,2,0.500000
crossencoder,aep_causal_wf_v3,bge-base-en-v1.5,T12-T14,2,1.000000
crossencoder,aep_causal_wf_v3,bge-base-en-v1.5,T12-T15,3,0.333333
crossencoder,aep_causal_wf_v3,bge-base-en-v1.5,T13-T13,5,0.200000
crossencoder,aep_causal_wf_v3,bge-base-en-v1.5,T13-T15,2,1.000000
crossencoder,aep_causal_wf_v3,bge-base-en-v1.5,T14-T14,10,0.900000
crossencoder,aep_causal_wf_v3,bge-base-en-v1.5,T14-T15,1,0.000000
crossencoder,aep_causal_wf_v3,bge-base-en-v1.5,T15-T15,20,0.700000
crossencoder,aep_causal_wf_v3,bge-large-en-v1.5,T1-T1,2,0.500000
crossencoder,aep_causal_wf_v3,bge-large-en-v1.5,T1-T2,1,0.000000
crossencoder,aep_causal_wf_v3,bge-large-en-v1.5,T1-T3,1,0.000000
crossencoder,aep_causal_wf_v3,bge-large-en-v1.5,T1-T4,1,0.000000
crossencoder,aep_causal_wf_v3,bge-large-en-v1.5,T1-T5,2,0.500000
crossencoder,aep_causal_wf_v3,bge-large-en-v1.5,T1-T6,2,0.500000
crossencoder,aep_causal_wf_v3,bge-large-en-v1.5,T1-T7,2,0.500000
crossencoder,aep_causal_wf_v3,bge-large-en-v1.5,T1-T8,2,1.000000
crossencoder,aep_causal_wf_v3,bge-large-en-v1.5,T1-T10,1,1.000000
crossencoder,aep_causal_wf_v3,bge-large-en-v1.5,T1-T12,1,0.000000
crossencoder,aep_causal_wf_v3,bge-large-en-v1.5,T2-T3,2,0.500000
crossencoder,aep_causal_wf_v3,bge-large-en-v1.5,T2-T4,2,1.000000
crossencoder,aep_causal_wf_v3,bge-large-en-v1.5,T2-T6,3,1.000000
crossencoder,aep_causal_wf_v3,bge-large-en-v1.5,T2-T7,1,1.000000
crossencoder,aep_causal_wf_v3,bge-large-en-v1.5,T2-T9,2,1.000000
crossencoder,aep_causal_wf_v3,bge-large-en-v1.5,T2-T11,1,1.000000
crossencoder,aep_causal_wf_v3,bge-large-en-v1.5,T2-T13,2,1.000000
crossencoder,aep_causal_wf_v3,bge-large-en-v1.5,T2-T14,1,1.000000
crossencoder,aep_causal_wf_v3,bge-large-en-v1.5,T2-T15,1,1.000000
crossencoder,aep_causal_wf_v3,bge-large-en-v1.5,T3-T3,6,0.666667
crossencoder,aep_causal_wf_v3,bge-large-en-v1.5,T3-T4,6,0.666667
crossencoder,aep_causal_wf_v3,bge-large-en-v1.5,T3-T5,1,0.000000
crossencoder,aep_causal_wf_v3,bge-large-en-v1.5,T3-T6,2,0.000000
crossencoder,aep_causal_wf_v3,bge-large-en-v1.5,T3-T7,2,0.500000
crossencoder,aep_causal_wf_v3,bge-large-en-v1.5,T3-T8,1,1.000000
crossencoder,aep_causal_wf_v3,bge-large-en-v1.5,T3-T9,3,0.333333
crossencoder,aep_causal_wf_v3,bge-large-en-v1.5,T3-T11,1,1.000000
crossencoder,aep_causal_wf_v3,bge-large-en-v1.5,T3-T12,3,1.000000
crossencoder,aep_causal_wf_v3,bge-large-en-v1.5,T3-T13,2,1.000000
crossencoder,aep_causal_wf_v3,bge-large-en-v1.5,T3-T14,1,1.000000
crossencoder,aep_causal_wf_v3,bge-large-en-v1.5,T3-T15,4,1.000000
crossencoder,aep_causal_wf_v3,bge-large-en-v1.5,T4-T4,3,0.666667
crossencoder,aep_causal_wf_v3,bge-large-en-v1.5,T4-T5,1,0.000000
crossencoder,aep_causal_wf_v3,bge-large-en-v1.5,T4-T8,2,1.000000
crossencoder,aep_causal_wf_v3,bge-large-en-v1.5,T4-T9,1,0.000000
crossencoder,aep_causal_wf_v3,bge-large-en-v1.5,T4-T10,3,0.666667
crossencoder,aep_causal_wf_v3,bge-large-en-v1.5,T4-T11,1,0.000000
crossencoder,aep_causal_wf_v3,bge-large-en-v1.5,T4-T13,2,1.000000
crossencoder,aep_causal_wf_v3,bge-large-en-v1.5,T4-T15,2,1.000000
crossencoder,aep_causal_wf_v3,bge-large-en-v1.5,T5-T5,24,0.708333
crossencoder,aep_causal_wf_v3,bge-large-en-v1.5,T5-T6,4,0.250000
crossencoder,aep_causal_wf_v3,bge-large-en-v1.5,T5-T7,1,0.000000
crossencoder,aep_causal_wf_v3,bge-large-en-v1.5,T5-T8,1,1.000000
crossencoder,aep_causal_wf_v3,bge-large-en-v1.5,T5-T10,1,1.000000
crossencoder,aep_causal_wf_v3,bge-large-en-v1.5,T5-T11,2,1.000000
crossencoder,aep_causal_wf_v3,bge-large-en-v1.5,T5-T13,2,0.500000
crossencoder,aep_causal_wf_v3,bge-large-en-v1.5,T5-T14,1,1.000000
crossencoder,aep_causal_wf_v3,bge-large-en-v1.5,T6-T6,33,0.696970
crossencoder,aep_causal_wf_v3,bge-large-en-v1.5,T6-T8,1,0.000000
crossencoder,aep_causal_wf_v3,bge-large-en-v1.5,T6-T9,1,0.000000
crossencoder,aep_causal_wf_v3,bge-large-en-v1.5,T6-T10,1,1.000000
crossencoder,aep_causal_wf_v3,bge-large-en-v1.5,T6-T11,4,0.500000
crossencoder,aep_causal_wf_v3,bge-large-en-v1.5,T6-T12,1,1.000000
crossencoder,aep_causal_wf_v3,bge-large-en-v1.5,T6-T13,4,0.750000
crossencoder,aep_causal_wf_v3,bge-large-en-v1.5,T6-T15,2,0.500000
crossencoder,aep_causal_wf_v3,bge-large-en-v1.5,T7-T7,13,0.615385
crossencoder,aep_causal_wf_v3,bge-large-en-v1.5,T7-T8,4,1.000000
crossencoder,aep_causal_wf_v3,bge-large-en-v1.5,T7-T9,2,1.000000
crossencoder,aep_causal_wf_v3,bge-large-en-v1.5,T7-T10,1,0.000000
crossencoder,aep_causal_wf_v3,bge-large-en-v1.5,T7-T11,1,1.000000
crossencoder,aep_causal_wf_v3,bge-large-en-v1.5,T7-T12,1,0.000000
crossencoder,aep_causal_wf_v3,bge-large-en-v1.5,T7-T13,1,1.000000
crossencoder,aep_causal_wf_v3,bge-large-en-v1.5,T8-T8,3,1.000000
crossencoder,aep_causal_wf_v3,bge-large-en-v1.5,T8-T10,2,0.500000
crossencoder,aep_causal_wf_v3,bge-large-en-v1.5,T8-T11,2,1.000000
crossencoder,aep_causal_wf_v3,bge-large-en-v1.5,T8-T12,1,1.000000
crossencoder,aep_causal_wf_v3,bge-large-en-v1.5,T8-T13,1,1.000000
crossencoder,aep_causal_wf_v3,bge-large-en-v1.5,T8-T15,2,0.000000
crossencoder,aep_causal_wf_v3,bge-large-en-v1.5,T9-T9,15,0.533333
crossencoder,aep_causal_wf_v3,bge-large-en-v1.5,T9-T10,2,0.500000
crossencoder,aep_causal_wf_v3,bge-large-en-v1.5,T9-T11,1,1.000000
crossencoder,aep_causal_wf_v3,bge-large-en-v1.5,T9-T12,1,1.000000
crossencoder,aep_causal_wf_v3,bge-large-en-v1.5,T9-T13,1,1.000000
crossencoder,aep_causal_wf_v3,bge-large-en-v1.5,T9-T14,2,0.500000
crossencoder,aep_causal_wf_v3,bge-large-en-v1.5,T10-T10,17,0.823529
crossencoder,aep_causal_wf_v3,bge-large-en-v1.5,T10-T11,1,0.000000
crossencoder,aep_causal_wf_v3,bge-large-en-v1.5,T10-T12,1,0.000000
crossencoder,aep_causal_wf_v3,bge-large-en-v1.5,T10-T13,2,1.000000
crossencoder,aep_causal_wf_v3,bge-large-en-v1.5,T10-T14,1,0.000000
crossencoder,aep_causal_wf_v3,bge-large-en-v1.5,T10-T15,1,1.000000
crossencoder,aep_causal_wf_v3,bge-large-en-v1.5,T11-T11,2,1.000000
crossencoder,aep_causal_wf_v3,bge-large-en-v1.5,T11-T12,2,0.500000
crossencoder,aep_causal_wf_v3,bge-large-en-v1.5,T11-T13,2,0.500000
crossencoder,aep_causal_wf_v3,bge-large-en-v1.5,T11-T14,2,0.000000
crossencoder,aep_causal_wf_v3,bge-large-en-v1.5,T12-T12,26,0.692308
crossencoder,aep_causal_wf_v3,bge-large-en-v1.5,T12-T13,2,0.500000
crossencoder,aep_causal_wf_v3,bge-large-en-v1.5,T12-T14,2,1.000000
crossencoder,aep_causal_wf_v3,bge-large-en-v1.5,T12-T15,3,1.000000
crossencoder,aep_causal_wf_v3,bge-large-en-v1.5,T13-T13,5,1.000000
crossencoder,aep_causal_wf_v3,bge-large-en-v1.5,T13-T15,2,0.500000
crossencoder,aep_causal_wf_v3,bge-large-en-v1.5,T14-T14,10,0.600000
crossencoder,aep_causal_wf_v3,bge-large-en-v1.5,T14-T15,1,0.000000
crossencoder,aep_causal_wf_v3,bge-large-en-v1.5,T15-T15,20,0.700000
crossencoder,ajo_doc_not_tier1,deberta-v3-large,T2-T3,1400,0.505714
crossencoder,ajo_doc_not_tier1,deberta-v3-large,T3-T4,1400,0.488571
crossencoder,ajo_doc_not_tier1,deberta-v3-large,T4-T5,1400,0.495000
crossencoder,ajo_doc_not_tier1,deberta-v3-large,T5-T6,1400,0.487857
crossencoder,ajo_doc_not_tier1,deberta-v3-large,T6-T7,1400,0.500000
crossencoder,ajo_doc_not_tier1,deberta-v3-large,T7-T8,1400,0.505000
crossencoder,ajo_doc_not_tier1,deberta-v3-large,T8-T9,1400,0.493571
crossencoder,ajo_doc_not_tier1,deberta-v3-large,T9-T10,1400,0.497143
crossencoder,ajo_doc_not_tier1,all-mpnet-base-v2,T2-T3,1400,0.995714
crossencoder,ajo_doc_not_tier1,all-mpnet-base-v2,T3-T4,1400,0.965000
crossencoder,ajo_doc_not_tier1,all-mpnet-base-v2,T4-T5,1400,0.986429
crossencoder,ajo_doc_not_tier1,all-mpnet-base-v2,T5-T6,1400,0.999286
crossencoder,ajo_doc_not_tier1,all-mpnet-base-v2,T6-T7,1400,0.994286
crossencoder,ajo_doc_not_tier1,all-mpnet-base-v2,T7-T8,1400,0.997143
crossencoder,ajo_doc_not_tier1,all-mpnet-base-v2,T8-T9,1400,0.997857
crossencoder,ajo_doc_not_tier1,all-mpnet-base-v2,T9-T10,1400,0.978571
crossencoder,ajo_doc_not_tier1,all-MiniLM-L6-v2,T2-T3,1400,0.972143
crossencoder,ajo_doc_not_tier1,all-MiniLM-L6-v2,T3-T4,1400,0.951429
crossencoder,ajo_doc_not_tier1,all-MiniLM-L6-v2,T4-T5,1400,0.945000
crossencoder,ajo_doc_not_tier1,all-MiniLM-L6-v2,T5-T6,1400,0.995714
crossencoder,ajo_doc_not_tier1,all-MiniLM-L6-v2,T6-T7,1400,0.992857
crossencoder,ajo_doc_not_tier1,all-MiniLM-L6-v2,T7-T8,1400,0.934286
crossencoder,ajo_doc_not_tier1,all-MiniLM-L6-v2,T8-T9,1400,0.962857
crossencoder,ajo_doc_not_tier1,all-MiniLM-L6-v2,T9-T10,1400,0.975714
crossencoder,ajo_doc_not_tier1,e5-large-v2,T2-T3,1400,0.505714
crossencoder,ajo_doc_not_tier1,e5-large-v2,T3-T4,1400,0.488571
crossencoder,ajo_doc_not_tier1,e5-large-v2,T4-T5,1400,0.495000
crossencoder,ajo_doc_not_tier1,e5-large-v2,T5-T6,1400,0.487857
crossencoder,ajo_doc_not_tier1,e5-large-v2,T6-T7,1400,0.500000
crossencoder,ajo_doc_not_tier1,e5-large-v2,T7-T8,1400,0.505000
crossencoder,ajo_doc_not_tier1,e5-large-v2,T8-T9,1400,0.493571
crossencoder,ajo_doc_not_tier1,e5-large-v2,T9-T10,1400,0.497143
crossencoder,ajo_doc_not_tier1,bge-base-en-v1.5,T2-T3,1400,0.927143
crossencoder,ajo_doc_not_tier1,bge-base-en-v1.5,T3-T4,1400,0.949286
crossencoder,ajo_doc_not_tier1,bge-base-en-v1.5,T4-T5,1400,0.956429
crossencoder,ajo_doc_not_tier1,bge-base-en-v1.5,T5-T6,1400,0.971429
crossencoder,ajo_doc_not_tier1,bge-base-en-v1.5,T6-T7,1400,0.999286
crossencoder,ajo_doc_not_tier1,bge-base-en-v1.5,T7-T8,1400,0.984286
crossencoder,ajo_doc_not_tier1,bge-base-en-v1.5,T8-T9,1400,0.999286
crossencoder,ajo_doc_not_tier1,bge-base-en-v1.5,T9-T10,1400,0.970000
crossencoder,ajo_doc_not_tier1,bge-large-en-v1.5,T2-T3,1400,0.505714
crossencoder,ajo_doc_not_tier1,bge-large-en-v1.5,T3-T4,1400,0.488571
crossencoder,ajo_doc_not_tier1,bge-large-en-v1.5,T4-T5,1400,0.495000
crossencoder,ajo_doc_not_tier1,bge-large-en-v1.5,T5-T6,1400,0.487857
crossencoder,ajo_doc_not_tier1,bge-large-en-v1.5,T6-T7,1400,0.500000
crossencoder,ajo_doc_not_tier1,bge-large-en-v1.5,T7-T8,1400,0.505000
crossencoder,ajo_doc_not_tier1,bge-large-en-v1.5,T8-T9,1400,0.493571
crossencoder,ajo_doc_not_tier1,bge-large-en-v1.5,T9-T10,1400,0.497143
crossencoder,ajo_newstyle,deberta-v3-large,T0-T0,2613,0.500191
crossencoder,ajo_newstyle,all-mpnet-base-v2,T0-T0,2613,0.610027
crossencoder,ajo_newstyle,all-MiniLM-L6-v2,T0-T0,2613,0.552239
crossencoder,ajo_newstyle,e5-large-v2,T0-T0,2613,0.500191
crossencoder,ajo_newstyle,bge-base-en-v1.5,T0-T0,2613,0.551473
crossencoder,ajo_newstyle,bge-large-en-v1.5,T0-T0,2613,0.500191
crossencoder,new_aep_wf_scrap,deberta-v3-large,T0-T0,1548,0.500000
crossencoder,new_aep_wf_scrap,all-mpnet-base-v2,T0-T0,1548,0.695736
crossencoder,new_aep_wf_scrap,all-MiniLM-L6-v2,T0-T0,1548,0.586563
crossencoder,new_aep_wf_scrap,e5-large-v2,T0-T0,1548,0.500000
crossencoder,new_aep_wf_scrap,bge-base-en-v1.5,T0-T0,1548,0.612403
crossencoder,new_aep_wf_scrap,bge-large-en-v1.5,T0-T0,1548,0.500000
crossencoder,new_ajo_workflows,deberta-v3-large,T0-T0,2288,0.500000
crossencoder,new_ajo_workflows,deberta-v3-large,T2-T2,120,0.500000
crossencoder,new_ajo_workflows,deberta-v3-large,T3-T3,120,0.500000
crossencoder,new_ajo_workflows,deberta-v3-large,T9-T9,60,0.500000
crossencoder,new_ajo_workflows,deberta-v3-large,T10-T10,28,0.500000
crossencoder,new_ajo_workflows,all-mpnet-base-v2,T0-T0,2288,0.621503
crossencoder,new_ajo_workflows,all-mpnet-base-v2,T2-T2,120,0.933333
crossencoder,new_ajo_workflows,all-mpnet-base-v2,T3-T3,120,0.675000
crossencoder,new_ajo_workflows,all-mpnet-base-v2,T9-T9,60,0.800000
crossencoder,new_ajo_workflows,all-mpnet-base-v2,T10-T10,28,0.607143
crossencoder,new_ajo_workflows,all-MiniLM-L6-v2,T0-T0,2288,0.550699
crossencoder,new_ajo_workflows,all-MiniLM-L6-v2,T2-T2,120,0.550000
crossencoder,new_ajo_workflows,all-MiniLM-L6-v2,T3-T3,120,0.658333
crossencoder,new_ajo_workflows,all-MiniLM-L6-v2,T9-T9,60,0.583333
crossencoder,new_ajo_workflows,all-MiniLM-L6-v2,T10-T10,28,0.500000
crossencoder,new_ajo_workflows,e5-large-v2,T0-T0,2288,0.500000
crossencoder,new_ajo_workflows,e5-large-v2,T2-T2,120,0.500000
crossencoder,new_ajo_workflows,e5-large-v2,T3-T3,120,0.500000
crossencoder,new_ajo_workflows,e5-large-v2,T9-T9,60,0.500000
crossencoder,new_ajo_workflows,e5-large-v2,T10-T10,28,0.500000
crossencoder,new_ajo_workflows,bge-base-en-v1.5,T0-T0,2288,0.548951
crossencoder,new_ajo_workflows,bge-base-en-v1.5,T2-T2,120,0.633333
crossencoder,new_ajo_workflows,bge-base-en-v1.5,T3-T3,120,0.583333
crossencoder,new_ajo_workflows,bge-base-en-v1.5,T9-T9,60,0.583333
crossencoder,new_ajo_workflows,bge-base-en-v1.5,T10-T10,28,0.607143
crossencoder,new_ajo_workflows,bge-large-en-v1.5,T0-T0,2288,0.573427
crossencoder,new_ajo_workflows,bge-large-en-v1.5,T2-T2,120,0.683333
crossencoder,new_ajo_workflows,bge-large-en-v1.5,T3-T3,120,0.600000
crossencoder,new_ajo_workflows,bge-large-en-v1.5,T9-T9,60,0.633333
crossencoder,new_ajo_workflows,bge-large-en-v1.5,T10-T10,28,0.642857
